native_task_id,source_paper_id,source_pdf,source_title,source_method_or_component,source_fidelity_label,method_source_locator,paper_native_task_data_split_summary,paper_native_method_note,paper_native_model_settings_or_result_locator,paper_native_fidelity_disposition,exact_native_config_status,common_adaptation_links,common_adaptation_relation,exact_vs_adapted_boundary,source_specific_limiter,ppr3_native_fidelity_row_only,counts_toward_93_common_config_cap,executable_candidate_cell_count,model_fit_authorized,required_next_gate,reviewer_notes
NT001,P01,1-s2.0-S1877050922020993-main.pdf,"1-s2.0-S1877050922020993-main.pdf — Bansal, Goyal & Choudhary, *Stock Market Prediction with High Accuracy using Machine Learning Techniques* (2022)",K-Nearest Neighbors regressor,AUTHOR-IMPLEMENTED,PDF pp. 9–13,"Daily OHLC-like stock attributes; 12 Indian company series; paper sections conflict on sample start (abstract mentions 2005 onward; Data Description says Jan 2015–Apr 2021). Min-Max scaling; says 99:1 / final eight observations but also describes random row assignment; SMAPE, R², RMSE.",Stock-price regression across the paper's 12-company panel; paper split/date conflicts remain,PDF pp. 9–13,PENDING_SOURCE_WINDOW_AND_SPLIT_RESOLUTION,NOT_FROZEN_NOT_EXECUTED,R001,COMMON_TASK_ADAPTATION_ONLY_NOT_EXACT_REPLICATION,Common adaptation is not an exact replication; source-native target/split/window/features remain in the source task description above.,"Paper describes a 12-company panel; sample start differs in sections, and split wording includes random assignment. Do not call the NIFTY common task an exact paper replication.",true,false,0,false,PPR4_SOURCE_FEASIBILITY_AND_PIT_GATE_THEN_PPR5_OFFLINE_CODE_GATE_THEN_PPR6_EXACT_SNAPSHOT_TESTER_PASS,"Author-reported results are literature claims, not project performance. Where a source detail is not in the cited text, keep it unresolved and do not infer a hyperparameter."
NT002,P01,1-s2.0-S1877050922020993-main.pdf,"1-s2.0-S1877050922020993-main.pdf — Bansal, Goyal & Choudhary, *Stock Market Prediction with High Accuracy using Machine Learning Techniques* (2022)",Linear Regression,AUTHOR-IMPLEMENTED,PDF pp. 9–13,"Daily OHLC-like stock attributes; 12 Indian company series; paper sections conflict on sample start (abstract mentions 2005 onward; Data Description says Jan 2015–Apr 2021). Min-Max scaling; says 99:1 / final eight observations but also describes random row assignment; SMAPE, R², RMSE.",Same stock-price regression task,PDF pp. 9–13,PENDING_SOURCE_WINDOW_AND_SPLIT_RESOLUTION,NOT_FROZEN_NOT_EXECUTED,R002,COMMON_TASK_ADAPTATION_ONLY_NOT_EXACT_REPLICATION,Common adaptation is not an exact replication; source-native target/split/window/features remain in the source task description above.,"Paper describes a 12-company panel; sample start differs in sections, and split wording includes random assignment. Do not call the NIFTY common task an exact paper replication.",true,false,0,false,PPR4_SOURCE_FEASIBILITY_AND_PIT_GATE_THEN_PPR5_OFFLINE_CODE_GATE_THEN_PPR6_EXACT_SNAPSHOT_TESTER_PASS,"Author-reported results are literature claims, not project performance. Where a source detail is not in the cited text, keep it unresolved and do not infer a hyperparameter."
NT003,P01,1-s2.0-S1877050922020993-main.pdf,"1-s2.0-S1877050922020993-main.pdf — Bansal, Goyal & Choudhary, *Stock Market Prediction with High Accuracy using Machine Learning Techniques* (2022)",Support Vector Regression,AUTHOR-IMPLEMENTED,PDF pp. 9–13,"Daily OHLC-like stock attributes; 12 Indian company series; paper sections conflict on sample start (abstract mentions 2005 onward; Data Description says Jan 2015–Apr 2021). Min-Max scaling; says 99:1 / final eight observations but also describes random row assignment; SMAPE, R², RMSE.",Same stock-price regression task,PDF pp. 9–13,PENDING_SOURCE_WINDOW_AND_SPLIT_RESOLUTION,NOT_FROZEN_NOT_EXECUTED,R003,COMMON_TASK_ADAPTATION_ONLY_NOT_EXACT_REPLICATION,Common adaptation is not an exact replication; source-native target/split/window/features remain in the source task description above.,"Paper describes a 12-company panel; sample start differs in sections, and split wording includes random assignment. Do not call the NIFTY common task an exact paper replication.",true,false,0,false,PPR4_SOURCE_FEASIBILITY_AND_PIT_GATE_THEN_PPR5_OFFLINE_CODE_GATE_THEN_PPR6_EXACT_SNAPSHOT_TESTER_PASS,"Author-reported results are literature claims, not project performance. Where a source detail is not in the cited text, keep it unresolved and do not infer a hyperparameter."
NT004,P01,1-s2.0-S1877050922020993-main.pdf,"1-s2.0-S1877050922020993-main.pdf — Bansal, Goyal & Choudhary, *Stock Market Prediction with High Accuracy using Machine Learning Techniques* (2022)",Decision Tree Regression,AUTHOR-IMPLEMENTED,PDF pp. 9–13,"Daily OHLC-like stock attributes; 12 Indian company series; paper sections conflict on sample start (abstract mentions 2005 onward; Data Description says Jan 2015–Apr 2021). Min-Max scaling; says 99:1 / final eight observations but also describes random row assignment; SMAPE, R², RMSE.",Same stock-price regression task,PDF pp. 9–13,PENDING_SOURCE_WINDOW_AND_SPLIT_RESOLUTION,NOT_FROZEN_NOT_EXECUTED,R004,COMMON_TASK_ADAPTATION_ONLY_NOT_EXACT_REPLICATION,Common adaptation is not an exact replication; source-native target/split/window/features remain in the source task description above.,"Paper describes a 12-company panel; sample start differs in sections, and split wording includes random assignment. Do not call the NIFTY common task an exact paper replication.",true,false,0,false,PPR4_SOURCE_FEASIBILITY_AND_PIT_GATE_THEN_PPR5_OFFLINE_CODE_GATE_THEN_PPR6_EXACT_SNAPSHOT_TESTER_PASS,"Author-reported results are literature claims, not project performance. Where a source detail is not in the cited text, keep it unresolved and do not infer a hyperparameter."
NT005,P01,1-s2.0-S1877050922020993-main.pdf,"1-s2.0-S1877050922020993-main.pdf — Bansal, Goyal & Choudhary, *Stock Market Prediction with High Accuracy using Machine Learning Techniques* (2022)",LSTM regressor,AUTHOR-IMPLEMENTED,PDF pp. 9–13,"Daily OHLC-like stock attributes; 12 Indian company series; paper sections conflict on sample start (abstract mentions 2005 onward; Data Description says Jan 2015–Apr 2021). Min-Max scaling; says 99:1 / final eight observations but also describes random row assignment; SMAPE, R², RMSE.",Same stock-price regression task,PDF pp. 9–13,PENDING_SOURCE_WINDOW_AND_SPLIT_RESOLUTION,NOT_FROZEN_NOT_EXECUTED,R005,COMMON_TASK_ADAPTATION_ONLY_NOT_EXACT_REPLICATION,Common adaptation is not an exact replication; source-native target/split/window/features remain in the source task description above.,"Paper describes a 12-company panel; sample start differs in sections, and split wording includes random assignment. Do not call the NIFTY common task an exact paper replication.",true,false,0,false,PPR4_SOURCE_FEASIBILITY_AND_PIT_GATE_THEN_PPR5_OFFLINE_CODE_GATE_THEN_PPR6_EXACT_SNAPSHOT_TESTER_PASS,"Author-reported results are literature claims, not project performance. Where a source detail is not in the cited text, keep it unresolved and do not infer a hyperparameter."
NT006,P02,1912.07700v1.pdf,"1912.07700v1.pdf — Mehtab & Sen, *A Robust Predictive Model for Stock Price Prediction Using Deep Learning and Natural Language Processing*",Logistic Regression classifier,AUTHOR-IMPLEMENTED,PDF pp. 3–5,"NIFTY daily data 2015-01-02–2019-06-28; first three years for training, 2018 onward test; one-week regression horizon and movement classification; normalized close; tweet mood classes and lags up to 3 days; classification and regression metrics differ.",Binary normalized-close movement classification,PDF pp. 3–5,PENDING_NATIVE_WINDOW_AND_TARGET_DETAILS,NOT_FROZEN_NOT_EXECUTED,C001,COMMON_TASK_ADAPTATION_ONLY_NOT_EXACT_REPLICATION,Common adaptation is not an exact replication; source-native target/split/window/features remain in the source task description above.,Source tasks include binary movement classification and one-week normalized-close regression with 2015–2019 native dates and Twitter-mood/SOFNN features; current common tasks are distinct adaptations.,true,false,0,false,PPR4_SOURCE_FEASIBILITY_AND_PIT_GATE_THEN_PPR5_OFFLINE_CODE_GATE_THEN_PPR6_EXACT_SNAPSHOT_TESTER_PASS,"Author-reported results are literature claims, not project performance. Where a source detail is not in the cited text, keep it unresolved and do not infer a hyperparameter."
NT007,P02,1912.07700v1.pdf,"1912.07700v1.pdf — Mehtab & Sen, *A Robust Predictive Model for Stock Price Prediction Using Deep Learning and Natural Language Processing*",KNN classifier,AUTHOR-IMPLEMENTED,PDF pp. 3–5,"NIFTY daily data 2015-01-02–2019-06-28; first three years for training, 2018 onward test; one-week regression horizon and movement classification; normalized close; tweet mood classes and lags up to 3 days; classification and regression metrics differ.",Binary normalized-close movement classification,PDF pp. 3–5,PENDING_NATIVE_WINDOW_AND_TARGET_DETAILS,NOT_FROZEN_NOT_EXECUTED,C002,COMMON_TASK_ADAPTATION_ONLY_NOT_EXACT_REPLICATION,Common adaptation is not an exact replication; source-native target/split/window/features remain in the source task description above.,Source tasks include binary movement classification and one-week normalized-close regression with 2015–2019 native dates and Twitter-mood/SOFNN features; current common tasks are distinct adaptations.,true,false,0,false,PPR4_SOURCE_FEASIBILITY_AND_PIT_GATE_THEN_PPR5_OFFLINE_CODE_GATE_THEN_PPR6_EXACT_SNAPSHOT_TESTER_PASS,"Author-reported results are literature claims, not project performance. Where a source detail is not in the cited text, keep it unresolved and do not infer a hyperparameter."
NT008,P02,1912.07700v1.pdf,"1912.07700v1.pdf — Mehtab & Sen, *A Robust Predictive Model for Stock Price Prediction Using Deep Learning and Natural Language Processing*",Decision Tree classifier,AUTHOR-IMPLEMENTED,PDF pp. 3–5,"NIFTY daily data 2015-01-02–2019-06-28; first three years for training, 2018 onward test; one-week regression horizon and movement classification; normalized close; tweet mood classes and lags up to 3 days; classification and regression metrics differ.",Binary normalized-close movement classification,PDF pp. 3–5,PENDING_NATIVE_WINDOW_AND_TARGET_DETAILS,NOT_FROZEN_NOT_EXECUTED,C003,COMMON_TASK_ADAPTATION_ONLY_NOT_EXACT_REPLICATION,Common adaptation is not an exact replication; source-native target/split/window/features remain in the source task description above.,Source tasks include binary movement classification and one-week normalized-close regression with 2015–2019 native dates and Twitter-mood/SOFNN features; current common tasks are distinct adaptations.,true,false,0,false,PPR4_SOURCE_FEASIBILITY_AND_PIT_GATE_THEN_PPR5_OFFLINE_CODE_GATE_THEN_PPR6_EXACT_SNAPSHOT_TESTER_PASS,"Author-reported results are literature claims, not project performance. Where a source detail is not in the cited text, keep it unresolved and do not infer a hyperparameter."
NT009,P02,1912.07700v1.pdf,"1912.07700v1.pdf — Mehtab & Sen, *A Robust Predictive Model for Stock Price Prediction Using Deep Learning and Natural Language Processing*",Bagging classifier,AUTHOR-IMPLEMENTED,PDF pp. 3–5,"NIFTY daily data 2015-01-02–2019-06-28; first three years for training, 2018 onward test; one-week regression horizon and movement classification; normalized close; tweet mood classes and lags up to 3 days; classification and regression metrics differ.",Binary normalized-close movement classification,PDF pp. 3–5,PENDING_NATIVE_WINDOW_AND_TARGET_DETAILS,NOT_FROZEN_NOT_EXECUTED,C004,COMMON_TASK_ADAPTATION_ONLY_NOT_EXACT_REPLICATION,Common adaptation is not an exact replication; source-native target/split/window/features remain in the source task description above.,Source tasks include binary movement classification and one-week normalized-close regression with 2015–2019 native dates and Twitter-mood/SOFNN features; current common tasks are distinct adaptations.,true,false,0,false,PPR4_SOURCE_FEASIBILITY_AND_PIT_GATE_THEN_PPR5_OFFLINE_CODE_GATE_THEN_PPR6_EXACT_SNAPSHOT_TESTER_PASS,"Author-reported results are literature claims, not project performance. Where a source detail is not in the cited text, keep it unresolved and do not infer a hyperparameter."
NT010,P02,1912.07700v1.pdf,"1912.07700v1.pdf — Mehtab & Sen, *A Robust Predictive Model for Stock Price Prediction Using Deep Learning and Natural Language Processing*",Boosting classifier,AUTHOR-IMPLEMENTED,PDF pp. 3–5,"NIFTY daily data 2015-01-02–2019-06-28; first three years for training, 2018 onward test; one-week regression horizon and movement classification; normalized close; tweet mood classes and lags up to 3 days; classification and regression metrics differ.",Binary normalized-close movement classification,PDF pp. 3–5,PENDING_NATIVE_WINDOW_AND_TARGET_DETAILS,NOT_FROZEN_NOT_EXECUTED,C005,COMMON_TASK_ADAPTATION_ONLY_NOT_EXACT_REPLICATION,Common adaptation is not an exact replication; source-native target/split/window/features remain in the source task description above.,Source tasks include binary movement classification and one-week normalized-close regression with 2015–2019 native dates and Twitter-mood/SOFNN features; current common tasks are distinct adaptations.,true,false,0,false,PPR4_SOURCE_FEASIBILITY_AND_PIT_GATE_THEN_PPR5_OFFLINE_CODE_GATE_THEN_PPR6_EXACT_SNAPSHOT_TESTER_PASS,"Author-reported results are literature claims, not project performance. Where a source detail is not in the cited text, keep it unresolved and do not infer a hyperparameter."
NT011,P02,1912.07700v1.pdf,"1912.07700v1.pdf — Mehtab & Sen, *A Robust Predictive Model for Stock Price Prediction Using Deep Learning and Natural Language Processing*",Random Forest classifier,AUTHOR-IMPLEMENTED,PDF pp. 3–5,"NIFTY daily data 2015-01-02–2019-06-28; first three years for training, 2018 onward test; one-week regression horizon and movement classification; normalized close; tweet mood classes and lags up to 3 days; classification and regression metrics differ.",Binary normalized-close movement classification,PDF pp. 3–5,PENDING_NATIVE_WINDOW_AND_TARGET_DETAILS,NOT_FROZEN_NOT_EXECUTED,C006,COMMON_TASK_ADAPTATION_ONLY_NOT_EXACT_REPLICATION,Common adaptation is not an exact replication; source-native target/split/window/features remain in the source task description above.,Source tasks include binary movement classification and one-week normalized-close regression with 2015–2019 native dates and Twitter-mood/SOFNN features; current common tasks are distinct adaptations.,true,false,0,false,PPR4_SOURCE_FEASIBILITY_AND_PIT_GATE_THEN_PPR5_OFFLINE_CODE_GATE_THEN_PPR6_EXACT_SNAPSHOT_TESTER_PASS,"Author-reported results are literature claims, not project performance. Where a source detail is not in the cited text, keep it unresolved and do not infer a hyperparameter."
NT012,P02,1912.07700v1.pdf,"1912.07700v1.pdf — Mehtab & Sen, *A Robust Predictive Model for Stock Price Prediction Using Deep Learning and Natural Language Processing*",ANN classifier,AUTHOR-IMPLEMENTED,PDF pp. 3–5,"NIFTY daily data 2015-01-02–2019-06-28; first three years for training, 2018 onward test; one-week regression horizon and movement classification; normalized close; tweet mood classes and lags up to 3 days; classification and regression metrics differ.",Binary normalized-close movement classification,PDF pp. 3–5,PENDING_NATIVE_WINDOW_AND_TARGET_DETAILS,NOT_FROZEN_NOT_EXECUTED,C007,COMMON_TASK_ADAPTATION_ONLY_NOT_EXACT_REPLICATION,Common adaptation is not an exact replication; source-native target/split/window/features remain in the source task description above.,Source tasks include binary movement classification and one-week normalized-close regression with 2015–2019 native dates and Twitter-mood/SOFNN features; current common tasks are distinct adaptations.,true,false,0,false,PPR4_SOURCE_FEASIBILITY_AND_PIT_GATE_THEN_PPR5_OFFLINE_CODE_GATE_THEN_PPR6_EXACT_SNAPSHOT_TESTER_PASS,"Author-reported results are literature claims, not project performance. Where a source detail is not in the cited text, keep it unresolved and do not infer a hyperparameter."
NT013,P02,1912.07700v1.pdf,"1912.07700v1.pdf — Mehtab & Sen, *A Robust Predictive Model for Stock Price Prediction Using Deep Learning and Natural Language Processing*",SVM classifier,AUTHOR-IMPLEMENTED,PDF pp. 3–5,"NIFTY daily data 2015-01-02–2019-06-28; first three years for training, 2018 onward test; one-week regression horizon and movement classification; normalized close; tweet mood classes and lags up to 3 days; classification and regression metrics differ.",Binary normalized-close movement classification,PDF pp. 3–5,PENDING_NATIVE_WINDOW_AND_TARGET_DETAILS,NOT_FROZEN_NOT_EXECUTED,C008,COMMON_TASK_ADAPTATION_ONLY_NOT_EXACT_REPLICATION,Common adaptation is not an exact replication; source-native target/split/window/features remain in the source task description above.,Source tasks include binary movement classification and one-week normalized-close regression with 2015–2019 native dates and Twitter-mood/SOFNN features; current common tasks are distinct adaptations.,true,false,0,false,PPR4_SOURCE_FEASIBILITY_AND_PIT_GATE_THEN_PPR5_OFFLINE_CODE_GATE_THEN_PPR6_EXACT_SNAPSHOT_TESTER_PASS,"Author-reported results are literature claims, not project performance. Where a source detail is not in the cited text, keep it unresolved and do not infer a hyperparameter."
NT014,P02,1912.07700v1.pdf,"1912.07700v1.pdf — Mehtab & Sen, *A Robust Predictive Model for Stock Price Prediction Using Deep Learning and Natural Language Processing*",Multivariate regression,AUTHOR-IMPLEMENTED,PDF pp. 3–5,"NIFTY daily data 2015-01-02–2019-06-28; first three years for training, 2018 onward test; one-week regression horizon and movement classification; normalized close; tweet mood classes and lags up to 3 days; classification and regression metrics differ.",One-week normalized-close prediction; keep separate from binary classification,PDF pp. 3–5,PENDING_NATIVE_WINDOW_AND_TARGET_DETAILS,NOT_FROZEN_NOT_EXECUTED,R006,COMMON_TASK_ADAPTATION_ONLY_NOT_EXACT_REPLICATION,Common adaptation is not an exact replication; source-native target/split/window/features remain in the source task description above.,Source tasks include binary movement classification and one-week normalized-close regression with 2015–2019 native dates and Twitter-mood/SOFNN features; current common tasks are distinct adaptations.,true,false,0,false,PPR4_SOURCE_FEASIBILITY_AND_PIT_GATE_THEN_PPR5_OFFLINE_CODE_GATE_THEN_PPR6_EXACT_SNAPSHOT_TESTER_PASS,"Author-reported results are literature claims, not project performance. Where a source detail is not in the cited text, keep it unresolved and do not infer a hyperparameter."
NT015,P02,1912.07700v1.pdf,"1912.07700v1.pdf — Mehtab & Sen, *A Robust Predictive Model for Stock Price Prediction Using Deep Learning and Natural Language Processing*",Decision Tree regressor,AUTHOR-IMPLEMENTED,PDF pp. 3–5,"NIFTY daily data 2015-01-02–2019-06-28; first three years for training, 2018 onward test; one-week regression horizon and movement classification; normalized close; tweet mood classes and lags up to 3 days; classification and regression metrics differ.",One-week normalized-close regression,PDF pp. 3–5,PENDING_NATIVE_WINDOW_AND_TARGET_DETAILS,NOT_FROZEN_NOT_EXECUTED,R004,COMMON_TASK_ADAPTATION_ONLY_NOT_EXACT_REPLICATION,Common adaptation is not an exact replication; source-native target/split/window/features remain in the source task description above.,Source tasks include binary movement classification and one-week normalized-close regression with 2015–2019 native dates and Twitter-mood/SOFNN features; current common tasks are distinct adaptations.,true,false,0,false,PPR4_SOURCE_FEASIBILITY_AND_PIT_GATE_THEN_PPR5_OFFLINE_CODE_GATE_THEN_PPR6_EXACT_SNAPSHOT_TESTER_PASS,"Author-reported results are literature claims, not project performance. Where a source detail is not in the cited text, keep it unresolved and do not infer a hyperparameter."
NT016,P02,1912.07700v1.pdf,"1912.07700v1.pdf — Mehtab & Sen, *A Robust Predictive Model for Stock Price Prediction Using Deep Learning and Natural Language Processing*",Bagging regressor,AUTHOR-IMPLEMENTED,PDF pp. 3–5,"NIFTY daily data 2015-01-02–2019-06-28; first three years for training, 2018 onward test; one-week regression horizon and movement classification; normalized close; tweet mood classes and lags up to 3 days; classification and regression metrics differ.",One-week normalized-close regression,PDF pp. 3–5,PENDING_NATIVE_WINDOW_AND_TARGET_DETAILS,NOT_FROZEN_NOT_EXECUTED,R008,COMMON_TASK_ADAPTATION_ONLY_NOT_EXACT_REPLICATION,Common adaptation is not an exact replication; source-native target/split/window/features remain in the source task description above.,Source tasks include binary movement classification and one-week normalized-close regression with 2015–2019 native dates and Twitter-mood/SOFNN features; current common tasks are distinct adaptations.,true,false,0,false,PPR4_SOURCE_FEASIBILITY_AND_PIT_GATE_THEN_PPR5_OFFLINE_CODE_GATE_THEN_PPR6_EXACT_SNAPSHOT_TESTER_PASS,"Author-reported results are literature claims, not project performance. Where a source detail is not in the cited text, keep it unresolved and do not infer a hyperparameter."
NT017,P02,1912.07700v1.pdf,"1912.07700v1.pdf — Mehtab & Sen, *A Robust Predictive Model for Stock Price Prediction Using Deep Learning and Natural Language Processing*",Boosting regressor,AUTHOR-IMPLEMENTED,PDF pp. 3–5,"NIFTY daily data 2015-01-02–2019-06-28; first three years for training, 2018 onward test; one-week regression horizon and movement classification; normalized close; tweet mood classes and lags up to 3 days; classification and regression metrics differ.",One-week normalized-close regression,PDF pp. 3–5,PENDING_NATIVE_WINDOW_AND_TARGET_DETAILS,NOT_FROZEN_NOT_EXECUTED,R009,COMMON_TASK_ADAPTATION_ONLY_NOT_EXACT_REPLICATION,Common adaptation is not an exact replication; source-native target/split/window/features remain in the source task description above.,Source tasks include binary movement classification and one-week normalized-close regression with 2015–2019 native dates and Twitter-mood/SOFNN features; current common tasks are distinct adaptations.,true,false,0,false,PPR4_SOURCE_FEASIBILITY_AND_PIT_GATE_THEN_PPR5_OFFLINE_CODE_GATE_THEN_PPR6_EXACT_SNAPSHOT_TESTER_PASS,"Author-reported results are literature claims, not project performance. Where a source detail is not in the cited text, keep it unresolved and do not infer a hyperparameter."
NT018,P02,1912.07700v1.pdf,"1912.07700v1.pdf — Mehtab & Sen, *A Robust Predictive Model for Stock Price Prediction Using Deep Learning and Natural Language Processing*",Random Forest regressor,AUTHOR-IMPLEMENTED,PDF pp. 3–5,"NIFTY daily data 2015-01-02–2019-06-28; first three years for training, 2018 onward test; one-week regression horizon and movement classification; normalized close; tweet mood classes and lags up to 3 days; classification and regression metrics differ.",One-week normalized-close regression,PDF pp. 3–5,PENDING_NATIVE_WINDOW_AND_TARGET_DETAILS,NOT_FROZEN_NOT_EXECUTED,R010,COMMON_TASK_ADAPTATION_ONLY_NOT_EXACT_REPLICATION,Common adaptation is not an exact replication; source-native target/split/window/features remain in the source task description above.,Source tasks include binary movement classification and one-week normalized-close regression with 2015–2019 native dates and Twitter-mood/SOFNN features; current common tasks are distinct adaptations.,true,false,0,false,PPR4_SOURCE_FEASIBILITY_AND_PIT_GATE_THEN_PPR5_OFFLINE_CODE_GATE_THEN_PPR6_EXACT_SNAPSHOT_TESTER_PASS,"Author-reported results are literature claims, not project performance. Where a source detail is not in the cited text, keep it unresolved and do not infer a hyperparameter."
NT019,P02,1912.07700v1.pdf,"1912.07700v1.pdf — Mehtab & Sen, *A Robust Predictive Model for Stock Price Prediction Using Deep Learning and Natural Language Processing*",ANN regressor,AUTHOR-IMPLEMENTED,PDF pp. 3–5,"NIFTY daily data 2015-01-02–2019-06-28; first three years for training, 2018 onward test; one-week regression horizon and movement classification; normalized close; tweet mood classes and lags up to 3 days; classification and regression metrics differ.",One-week normalized-close regression,PDF pp. 3–5,PENDING_NATIVE_WINDOW_AND_TARGET_DETAILS,NOT_FROZEN_NOT_EXECUTED,R011,COMMON_TASK_ADAPTATION_ONLY_NOT_EXACT_REPLICATION,Common adaptation is not an exact replication; source-native target/split/window/features remain in the source task description above.,Source tasks include binary movement classification and one-week normalized-close regression with 2015–2019 native dates and Twitter-mood/SOFNN features; current common tasks are distinct adaptations.,true,false,0,false,PPR4_SOURCE_FEASIBILITY_AND_PIT_GATE_THEN_PPR5_OFFLINE_CODE_GATE_THEN_PPR6_EXACT_SNAPSHOT_TESTER_PASS,"Author-reported results are literature claims, not project performance. Where a source detail is not in the cited text, keep it unresolved and do not infer a hyperparameter."
NT020,P02,1912.07700v1.pdf,"1912.07700v1.pdf — Mehtab & Sen, *A Robust Predictive Model for Stock Price Prediction Using Deep Learning and Natural Language Processing*",SVM regressor,AUTHOR-IMPLEMENTED,PDF pp. 3–5,"NIFTY daily data 2015-01-02–2019-06-28; first three years for training, 2018 onward test; one-week regression horizon and movement classification; normalized close; tweet mood classes and lags up to 3 days; classification and regression metrics differ.",One-week normalized-close regression,PDF pp. 3–5,PENDING_NATIVE_WINDOW_AND_TARGET_DETAILS,NOT_FROZEN_NOT_EXECUTED,R003,COMMON_TASK_ADAPTATION_ONLY_NOT_EXACT_REPLICATION,Common adaptation is not an exact replication; source-native target/split/window/features remain in the source task description above.,Source tasks include binary movement classification and one-week normalized-close regression with 2015–2019 native dates and Twitter-mood/SOFNN features; current common tasks are distinct adaptations.,true,false,0,false,PPR4_SOURCE_FEASIBILITY_AND_PIT_GATE_THEN_PPR5_OFFLINE_CODE_GATE_THEN_PPR6_EXACT_SNAPSHOT_TESTER_PASS,"Author-reported results are literature claims, not project performance. Where a source detail is not in the cited text, keep it unresolved and do not infer a hyperparameter."
NT021,P02,1912.07700v1.pdf,"1912.07700v1.pdf — Mehtab & Sen, *A Robust Predictive Model for Stock Price Prediction Using Deep Learning and Natural Language Processing*",LSTM regressor,AUTHOR-IMPLEMENTED,PDF pp. 3–5,"NIFTY daily data 2015-01-02–2019-06-28; first three years for training, 2018 onward test; one-week regression horizon and movement classification; normalized close; tweet mood classes and lags up to 3 days; classification and regression metrics differ.",One-week normalized-close regression,PDF pp. 3–5,PENDING_NATIVE_WINDOW_AND_TARGET_DETAILS,NOT_FROZEN_NOT_EXECUTED,R005,COMMON_TASK_ADAPTATION_ONLY_NOT_EXACT_REPLICATION,Common adaptation is not an exact replication; source-native target/split/window/features remain in the source task description above.,Source tasks include binary movement classification and one-week normalized-close regression with 2015–2019 native dates and Twitter-mood/SOFNN features; current common tasks are distinct adaptations.,true,false,0,false,PPR4_SOURCE_FEASIBILITY_AND_PIT_GATE_THEN_PPR5_OFFLINE_CODE_GATE_THEN_PPR6_EXACT_SNAPSHOT_TESTER_PASS,"Author-reported results are literature claims, not project performance. Where a source detail is not in the cited text, keep it unresolved and do not infer a hyperparameter."
NT022,P02,1912.07700v1.pdf,"1912.07700v1.pdf — Mehtab & Sen, *A Robust Predictive Model for Stock Price Prediction Using Deep Learning and Natural Language Processing*",Four-class Twitter mood pipeline,AUTHOR-IMPLEMENTED,PDF pp. 3–5,"NIFTY daily data 2015-01-02–2019-06-28; first three years for training, 2018 onward test; one-week regression horizon and movement classification; normalized close; tweet mood classes and lags up to 3 days; classification and regression metrics differ.",Sentiment component; exact original text archive/vintages are not established here,PDF pp. 3–5,PENDING_NATIVE_WINDOW_AND_TARGET_DETAILS,NOT_FROZEN_NOT_EXECUTED,C010,COMMON_TASK_ADAPTATION_ONLY_NOT_EXACT_REPLICATION,Common adaptation is not an exact replication; source-native target/split/window/features remain in the source task description above.,Source tasks include binary movement classification and one-week normalized-close regression with 2015–2019 native dates and Twitter-mood/SOFNN features; current common tasks are distinct adaptations.,true,false,0,false,PPR4_SOURCE_FEASIBILITY_AND_PIT_GATE_THEN_PPR5_OFFLINE_CODE_GATE_THEN_PPR6_EXACT_SNAPSHOT_TESTER_PASS,"Author-reported results are literature claims, not project performance. Where a source detail is not in the cited text, keep it unresolved and do not infer a hyperparameter."
NT023,P02,1912.07700v1.pdf,"1912.07700v1.pdf — Mehtab & Sen, *A Robust Predictive Model for Stock Price Prediction Using Deep Learning and Natural Language Processing*",SOFNN with ellipsoidal basis,AUTHOR-IMPLEMENTED,PDF pp. 4–5,"NIFTY daily data 2015-01-02–2019-06-28; first three years for training, 2018 onward test; one-week regression horizon and movement classification; normalized close; tweet mood classes and lags up to 3 days; classification and regression metrics differ.",Sentiment-augmented prediction method; architecture/source replication details still need configuration capture,PDF pp. 4–5,PENDING_NATIVE_WINDOW_AND_TARGET_DETAILS,NOT_FROZEN_NOT_EXECUTED,C010,COMMON_TASK_ADAPTATION_ONLY_NOT_EXACT_REPLICATION,Common adaptation is not an exact replication; source-native target/split/window/features remain in the source task description above.,Source tasks include binary movement classification and one-week normalized-close regression with 2015–2019 native dates and Twitter-mood/SOFNN features; current common tasks are distinct adaptations.,true,false,0,false,PPR4_SOURCE_FEASIBILITY_AND_PIT_GATE_THEN_PPR5_OFFLINE_CODE_GATE_THEN_PPR6_EXACT_SNAPSHOT_TESTER_PASS,"Author-reported results are literature claims, not project performance. Where a source detail is not in the cited text, keep it unresolved and do not infer a hyperparameter."
NT024,P02,1912.07700v1.pdf,"1912.07700v1.pdf — Mehtab & Sen, *A Robust Predictive Model for Stock Price Prediction Using Deep Learning and Natural Language Processing*",Granger-causality diagnostic,AUTHOR-IMPLEMENTED,PDF p. 5,"NIFTY daily data 2015-01-02–2019-06-28; first three years for training, 2018 onward test; one-week regression horizon and movement classification; normalized close; tweet mood classes and lags up to 3 days; classification and regression metrics differ.","Diagnostic on sentiment/returns, not itself a deployable forecast model",PDF p. 5,PENDING_NATIVE_WINDOW_AND_TARGET_DETAILS,NOT_FROZEN_NOT_EXECUTED,NONE,NO_COMMON_TASK_ADAPTATION_IN_SCOPE,Common adaptation is not an exact replication; source-native target/split/window/features remain in the source task description above.,Source tasks include binary movement classification and one-week normalized-close regression with 2015–2019 native dates and Twitter-mood/SOFNN features; current common tasks are distinct adaptations.,true,false,0,false,PPR4_SOURCE_FEASIBILITY_AND_PIT_GATE_THEN_PPR5_OFFLINE_CODE_GATE_THEN_PPR6_EXACT_SNAPSHOT_TESTER_PASS,"Author-reported results are literature claims, not project performance. Where a source detail is not in the cited text, keep it unresolved and do not infer a hyperparameter."
NT025,P03,50375.pdf,"50375.pdf — Sherasiya, *Developing A Machine Learning-Based Options Trading Strategy for the Indian Market* (2025)",Random Forest classifier,AUTHOR-IMPLEMENTED,PDF pp. 5–6,"The target is an option trading signal / strategy outcome, not solely the NIFTY index’s next-direction label.",Option Buy/Sell signal; do not classify as exact spot-direction replication,PDF pp. 5–6,OUT_OF_SCOPE_DIFFERENT_TARGET_OPTION_SIGNAL,NOT_FROZEN_NOT_EXECUTED,C006,COMMON_TASK_ADAPTATION_ONLY_NOT_EXACT_REPLICATION,Common adaptation is not an exact replication; source-native target/split/window/features remain in the source task description above.,"Native target is a next-day option Buy/Sell signal with an option trade, not the common spot direction label.",true,false,0,false,PPR4_SOURCE_FEASIBILITY_AND_PIT_GATE_THEN_PPR5_OFFLINE_CODE_GATE_THEN_PPR6_EXACT_SNAPSHOT_TESTER_PASS,"Author-reported results are literature claims, not project performance. Where a source detail is not in the cited text, keep it unresolved and do not infer a hyperparameter."
NT026,P03,50375.pdf,"50375.pdf — Sherasiya, *Developing A Machine Learning-Based Options Trading Strategy for the Indian Market* (2025)",XGBoost classifier,AUTHOR-IMPLEMENTED,PDF pp. 5–6,"The target is an option trading signal / strategy outcome, not solely the NIFTY index’s next-direction label.",Option Buy/Sell signal; option strategy assumptions apply,PDF pp. 5–6,OUT_OF_SCOPE_DIFFERENT_TARGET_OPTION_SIGNAL,NOT_FROZEN_NOT_EXECUTED,C022,COMMON_TASK_ADAPTATION_ONLY_NOT_EXACT_REPLICATION,Common adaptation is not an exact replication; source-native target/split/window/features remain in the source task description above.,"Native target is a next-day option Buy/Sell signal with an option trade, not the common spot direction label.",true,false,0,false,PPR4_SOURCE_FEASIBILITY_AND_PIT_GATE_THEN_PPR5_OFFLINE_CODE_GATE_THEN_PPR6_EXACT_SNAPSHOT_TESTER_PASS,"Author-reported results are literature claims, not project performance. Where a source detail is not in the cited text, keep it unresolved and do not infer a hyperparameter."
NT027,P03,50375.pdf,"50375.pdf — Sherasiya, *Developing A Machine Learning-Based Options Trading Strategy for the Indian Market* (2025)",LSTM classifier,AUTHOR-IMPLEMENTED,PDF pp. 5–6,"The target is an option trading signal / strategy outcome, not solely the NIFTY index’s next-direction label.",Option Buy/Sell signal; option strategy assumptions apply,PDF pp. 5–6,OUT_OF_SCOPE_DIFFERENT_TARGET_OPTION_SIGNAL,NOT_FROZEN_NOT_EXECUTED,C009,COMMON_TASK_ADAPTATION_ONLY_NOT_EXACT_REPLICATION,Common adaptation is not an exact replication; source-native target/split/window/features remain in the source task description above.,"Native target is a next-day option Buy/Sell signal with an option trade, not the common spot direction label.",true,false,0,false,PPR4_SOURCE_FEASIBILITY_AND_PIT_GATE_THEN_PPR5_OFFLINE_CODE_GATE_THEN_PPR6_EXACT_SNAPSHOT_TESTER_PASS,"Author-reported results are literature claims, not project performance. Where a source detail is not in the cited text, keep it unresolved and do not infer a hyperparameter."
NT028,P04,9472-Article Text-11108-2-10-20231228.pdf,9472-Article Text-11108-2-10-20231228.pdf — *An Efficient Approach to Forecasting the NIFTY-50 Indian Stock Market's Daily Closing Price with Artificial Neural Networks* (2023),Single-Layer Perceptron,AUTHOR-IMPLEMENTED,PDF pp. 4–7,"Source text describes about 1,183 daily observations from 2018-04-01 to 2023-03-31; inputs include FII gross purchase, FII gross sales and USD/INR exchange rate; target is daily NIFTY close. It discusses 65:35 and 70:30 splits.",Daily NIFTY close regression using FII buys/sells and USD/INR,PDF pp. 4–7,BLOCKED_METHOD_SPLIT_AND_DATE_AMBIGUITY,NOT_FROZEN_NOT_EXECUTED,R014,COMMON_TASK_ADAPTATION_ONLY_NOT_EXACT_REPLICATION,Common adaptation is not an exact replication; source-native target/split/window/features remain in the source task description above.,Paper reports competing split ratios/data descriptions; native split assignment is ambiguous.,true,false,0,false,PPR4_SOURCE_FEASIBILITY_AND_PIT_GATE_THEN_PPR5_OFFLINE_CODE_GATE_THEN_PPR6_EXACT_SNAPSHOT_TESTER_PASS,"Author-reported results are literature claims, not project performance. Where a source detail is not in the cited text, keep it unresolved and do not infer a hyperparameter."
NT029,P04,9472-Article Text-11108-2-10-20231228.pdf,9472-Article Text-11108-2-10-20231228.pdf — *An Efficient Approach to Forecasting the NIFTY-50 Indian Stock Market's Daily Closing Price with Artificial Neural Networks* (2023),Multi-Layer Perceptron,AUTHOR-IMPLEMENTED,PDF pp. 4–7,"Source text describes about 1,183 daily observations from 2018-04-01 to 2023-03-31; inputs include FII gross purchase, FII gross sales and USD/INR exchange rate; target is daily NIFTY close. It discusses 65:35 and 70:30 splits.",Same close-regression study,PDF pp. 4–7,BLOCKED_METHOD_SPLIT_AND_DATE_AMBIGUITY,NOT_FROZEN_NOT_EXECUTED,R011,COMMON_TASK_ADAPTATION_ONLY_NOT_EXACT_REPLICATION,Common adaptation is not an exact replication; source-native target/split/window/features remain in the source task description above.,Paper reports competing split ratios/data descriptions; native split assignment is ambiguous.,true,false,0,false,PPR4_SOURCE_FEASIBILITY_AND_PIT_GATE_THEN_PPR5_OFFLINE_CODE_GATE_THEN_PPR6_EXACT_SNAPSHOT_TESTER_PASS,"Author-reported results are literature claims, not project performance. Where a source detail is not in the cited text, keep it unresolved and do not infer a hyperparameter."
NT030,P04,9472-Article Text-11108-2-10-20231228.pdf,9472-Article Text-11108-2-10-20231228.pdf — *An Efficient Approach to Forecasting the NIFTY-50 Indian Stock Market's Daily Closing Price with Artificial Neural Networks* (2023),Radial-Basis Function network,AUTHOR-IMPLEMENTED,PDF pp. 4–7,"Source text describes about 1,183 daily observations from 2018-04-01 to 2023-03-31; inputs include FII gross purchase, FII gross sales and USD/INR exchange rate; target is daily NIFTY close. It discusses 65:35 and 70:30 splits.",Same close-regression study,PDF pp. 4–7,BLOCKED_METHOD_SPLIT_AND_DATE_AMBIGUITY,NOT_FROZEN_NOT_EXECUTED,R016,COMMON_TASK_ADAPTATION_ONLY_NOT_EXACT_REPLICATION,Common adaptation is not an exact replication; source-native target/split/window/features remain in the source task description above.,Paper reports competing split ratios/data descriptions; native split assignment is ambiguous.,true,false,0,false,PPR4_SOURCE_FEASIBILITY_AND_PIT_GATE_THEN_PPR5_OFFLINE_CODE_GATE_THEN_PPR6_EXACT_SNAPSHOT_TESTER_PASS,"Author-reported results are literature claims, not project performance. Where a source detail is not in the cited text, keep it unresolved and do not infer a hyperparameter."
NT031,P04,9472-Article Text-11108-2-10-20231228.pdf,9472-Article Text-11108-2-10-20231228.pdf — *An Efficient Approach to Forecasting the NIFTY-50 Indian Stock Market's Daily Closing Price with Artificial Neural Networks* (2023),SVM comparison,AUTHOR-IMPLEMENTED,PDF pp. 4–7,"Source text describes about 1,183 daily observations from 2018-04-01 to 2023-03-31; inputs include FII gross purchase, FII gross sales and USD/INR exchange rate; target is daily NIFTY close. It discusses 65:35 and 70:30 splits.",Comparison model for the close-regression task,PDF pp. 4–7,BLOCKED_METHOD_SPLIT_AND_DATE_AMBIGUITY,NOT_FROZEN_NOT_EXECUTED,R003,COMMON_TASK_ADAPTATION_ONLY_NOT_EXACT_REPLICATION,Common adaptation is not an exact replication; source-native target/split/window/features remain in the source task description above.,Paper reports competing split ratios/data descriptions; native split assignment is ambiguous.,true,false,0,false,PPR4_SOURCE_FEASIBILITY_AND_PIT_GATE_THEN_PPR5_OFFLINE_CODE_GATE_THEN_PPR6_EXACT_SNAPSHOT_TESTER_PASS,"Author-reported results are literature claims, not project performance. Where a source detail is not in the cited text, keep it unresolved and do not infer a hyperparameter."
NT032,P05,CureusJournals_1986620261002-185337-d4go5h.pdf,"CureusJournals_1986620261002-185337-d4go5h.pdf — Sain & Singh, *Open and Close Price Forecasting of the NIFTY 50 Stock Index Using Machine Learning* (published 2026-10-01)",Linear Regression,AUTHOR-IMPLEMENTED,PDF pp. 6–18,"Next-day open and close regression; 5-, 10-, and 20-year windows; raw OHLCV vs SMA(10/20), daily return, rolling volatility(20), RSI(14); chronological 80:20 split; TimeSeriesSplit tuning for RF/XGBoost; MAE, RMSE, R².",Next-session open and close price regression; 5/10/20-year windows,PDF pp. 6–18,PENDING_NATIVE_5_10_20_YEAR_DATA_GATE,NOT_FROZEN_NOT_EXECUTED,R002|R030,COMMON_TASK_ADAPTATION_ONLY_NOT_EXACT_REPLICATION,Common adaptation is not an exact replication; source-native target/split/window/features remain in the source task description above.,Native 5/10/20-year windows and next-open/next-close targets require source/date coverage confirmation; the common task is not exact native reproduction.,true,false,0,false,PPR4_SOURCE_FEASIBILITY_AND_PIT_GATE_THEN_PPR5_OFFLINE_CODE_GATE_THEN_PPR6_EXACT_SNAPSHOT_TESTER_PASS,"Author-reported results are literature claims, not project performance. Where a source detail is not in the cited text, keep it unresolved and do not infer a hyperparameter."
NT033,P05,CureusJournals_1986620261002-185337-d4go5h.pdf,"CureusJournals_1986620261002-185337-d4go5h.pdf — Sain & Singh, *Open and Close Price Forecasting of the NIFTY 50 Stock Index Using Machine Learning* (published 2026-10-01)",Lasso,AUTHOR-IMPLEMENTED,PDF pp. 6–18,"Next-day open and close regression; 5-, 10-, and 20-year windows; raw OHLCV vs SMA(10/20), daily return, rolling volatility(20), RSI(14); chronological 80:20 split; TimeSeriesSplit tuning for RF/XGBoost; MAE, RMSE, R².",Same price-regression task,PDF pp. 6–18,PENDING_NATIVE_5_10_20_YEAR_DATA_GATE,NOT_FROZEN_NOT_EXECUTED,R019|R031,COMMON_TASK_ADAPTATION_ONLY_NOT_EXACT_REPLICATION,Common adaptation is not an exact replication; source-native target/split/window/features remain in the source task description above.,Native 5/10/20-year windows and next-open/next-close targets require source/date coverage confirmation; the common task is not exact native reproduction.,true,false,0,false,PPR4_SOURCE_FEASIBILITY_AND_PIT_GATE_THEN_PPR5_OFFLINE_CODE_GATE_THEN_PPR6_EXACT_SNAPSHOT_TESTER_PASS,"Author-reported results are literature claims, not project performance. Where a source detail is not in the cited text, keep it unresolved and do not infer a hyperparameter."
NT034,P05,CureusJournals_1986620261002-185337-d4go5h.pdf,"CureusJournals_1986620261002-185337-d4go5h.pdf — Sain & Singh, *Open and Close Price Forecasting of the NIFTY 50 Stock Index Using Machine Learning* (published 2026-10-01)",Ridge,AUTHOR-IMPLEMENTED,PDF pp. 6–18,"Next-day open and close regression; 5-, 10-, and 20-year windows; raw OHLCV vs SMA(10/20), daily return, rolling volatility(20), RSI(14); chronological 80:20 split; TimeSeriesSplit tuning for RF/XGBoost; MAE, RMSE, R².",Same price-regression task,PDF pp. 6–18,PENDING_NATIVE_5_10_20_YEAR_DATA_GATE,NOT_FROZEN_NOT_EXECUTED,R020|R032,COMMON_TASK_ADAPTATION_ONLY_NOT_EXACT_REPLICATION,Common adaptation is not an exact replication; source-native target/split/window/features remain in the source task description above.,Native 5/10/20-year windows and next-open/next-close targets require source/date coverage confirmation; the common task is not exact native reproduction.,true,false,0,false,PPR4_SOURCE_FEASIBILITY_AND_PIT_GATE_THEN_PPR5_OFFLINE_CODE_GATE_THEN_PPR6_EXACT_SNAPSHOT_TESTER_PASS,"Author-reported results are literature claims, not project performance. Where a source detail is not in the cited text, keep it unresolved and do not infer a hyperparameter."
NT035,P05,CureusJournals_1986620261002-185337-d4go5h.pdf,"CureusJournals_1986620261002-185337-d4go5h.pdf — Sain & Singh, *Open and Close Price Forecasting of the NIFTY 50 Stock Index Using Machine Learning* (published 2026-10-01)",Elastic Net,AUTHOR-IMPLEMENTED,PDF pp. 6–18,"Next-day open and close regression; 5-, 10-, and 20-year windows; raw OHLCV vs SMA(10/20), daily return, rolling volatility(20), RSI(14); chronological 80:20 split; TimeSeriesSplit tuning for RF/XGBoost; MAE, RMSE, R².",Same price-regression task,PDF pp. 6–18,PENDING_NATIVE_5_10_20_YEAR_DATA_GATE,NOT_FROZEN_NOT_EXECUTED,R021|R033,COMMON_TASK_ADAPTATION_ONLY_NOT_EXACT_REPLICATION,Common adaptation is not an exact replication; source-native target/split/window/features remain in the source task description above.,Native 5/10/20-year windows and next-open/next-close targets require source/date coverage confirmation; the common task is not exact native reproduction.,true,false,0,false,PPR4_SOURCE_FEASIBILITY_AND_PIT_GATE_THEN_PPR5_OFFLINE_CODE_GATE_THEN_PPR6_EXACT_SNAPSHOT_TESTER_PASS,"Author-reported results are literature claims, not project performance. Where a source detail is not in the cited text, keep it unresolved and do not infer a hyperparameter."
NT036,P05,CureusJournals_1986620261002-185337-d4go5h.pdf,"CureusJournals_1986620261002-185337-d4go5h.pdf — Sain & Singh, *Open and Close Price Forecasting of the NIFTY 50 Stock Index Using Machine Learning* (published 2026-10-01)",SGD Regressor,AUTHOR-IMPLEMENTED,PDF pp. 6–18,"Next-day open and close regression; 5-, 10-, and 20-year windows; raw OHLCV vs SMA(10/20), daily return, rolling volatility(20), RSI(14); chronological 80:20 split; TimeSeriesSplit tuning for RF/XGBoost; MAE, RMSE, R².",Same price-regression task,PDF pp. 6–18,PENDING_NATIVE_5_10_20_YEAR_DATA_GATE,NOT_FROZEN_NOT_EXECUTED,R022|R034,COMMON_TASK_ADAPTATION_ONLY_NOT_EXACT_REPLICATION,Common adaptation is not an exact replication; source-native target/split/window/features remain in the source task description above.,Native 5/10/20-year windows and next-open/next-close targets require source/date coverage confirmation; the common task is not exact native reproduction.,true,false,0,false,PPR4_SOURCE_FEASIBILITY_AND_PIT_GATE_THEN_PPR5_OFFLINE_CODE_GATE_THEN_PPR6_EXACT_SNAPSHOT_TESTER_PASS,"Author-reported results are literature claims, not project performance. Where a source detail is not in the cited text, keep it unresolved and do not infer a hyperparameter."
NT037,P05,CureusJournals_1986620261002-185337-d4go5h.pdf,"CureusJournals_1986620261002-185337-d4go5h.pdf — Sain & Singh, *Open and Close Price Forecasting of the NIFTY 50 Stock Index Using Machine Learning* (published 2026-10-01)",SVR,AUTHOR-IMPLEMENTED,PDF pp. 6–18,"Next-day open and close regression; 5-, 10-, and 20-year windows; raw OHLCV vs SMA(10/20), daily return, rolling volatility(20), RSI(14); chronological 80:20 split; TimeSeriesSplit tuning for RF/XGBoost; MAE, RMSE, R².",Same price-regression task,PDF pp. 6–18,PENDING_NATIVE_5_10_20_YEAR_DATA_GATE,NOT_FROZEN_NOT_EXECUTED,R003|R035,COMMON_TASK_ADAPTATION_ONLY_NOT_EXACT_REPLICATION,Common adaptation is not an exact replication; source-native target/split/window/features remain in the source task description above.,Native 5/10/20-year windows and next-open/next-close targets require source/date coverage confirmation; the common task is not exact native reproduction.,true,false,0,false,PPR4_SOURCE_FEASIBILITY_AND_PIT_GATE_THEN_PPR5_OFFLINE_CODE_GATE_THEN_PPR6_EXACT_SNAPSHOT_TESTER_PASS,"Author-reported results are literature claims, not project performance. Where a source detail is not in the cited text, keep it unresolved and do not infer a hyperparameter."
NT038,P05,CureusJournals_1986620261002-185337-d4go5h.pdf,"CureusJournals_1986620261002-185337-d4go5h.pdf — Sain & Singh, *Open and Close Price Forecasting of the NIFTY 50 Stock Index Using Machine Learning* (published 2026-10-01)",KNN regressor,AUTHOR-IMPLEMENTED,PDF pp. 6–18,"Next-day open and close regression; 5-, 10-, and 20-year windows; raw OHLCV vs SMA(10/20), daily return, rolling volatility(20), RSI(14); chronological 80:20 split; TimeSeriesSplit tuning for RF/XGBoost; MAE, RMSE, R².",Same price-regression task,PDF pp. 6–18,PENDING_NATIVE_5_10_20_YEAR_DATA_GATE,NOT_FROZEN_NOT_EXECUTED,R001|R036,COMMON_TASK_ADAPTATION_ONLY_NOT_EXACT_REPLICATION,Common adaptation is not an exact replication; source-native target/split/window/features remain in the source task description above.,Native 5/10/20-year windows and next-open/next-close targets require source/date coverage confirmation; the common task is not exact native reproduction.,true,false,0,false,PPR4_SOURCE_FEASIBILITY_AND_PIT_GATE_THEN_PPR5_OFFLINE_CODE_GATE_THEN_PPR6_EXACT_SNAPSHOT_TESTER_PASS,"Author-reported results are literature claims, not project performance. Where a source detail is not in the cited text, keep it unresolved and do not infer a hyperparameter."
NT039,P05,CureusJournals_1986620261002-185337-d4go5h.pdf,"CureusJournals_1986620261002-185337-d4go5h.pdf — Sain & Singh, *Open and Close Price Forecasting of the NIFTY 50 Stock Index Using Machine Learning* (published 2026-10-01)",Decision Tree regressor,AUTHOR-IMPLEMENTED,PDF pp. 6–18,"Next-day open and close regression; 5-, 10-, and 20-year windows; raw OHLCV vs SMA(10/20), daily return, rolling volatility(20), RSI(14); chronological 80:20 split; TimeSeriesSplit tuning for RF/XGBoost; MAE, RMSE, R².",Same price-regression task,PDF pp. 6–18,PENDING_NATIVE_5_10_20_YEAR_DATA_GATE,NOT_FROZEN_NOT_EXECUTED,R004|R037,COMMON_TASK_ADAPTATION_ONLY_NOT_EXACT_REPLICATION,Common adaptation is not an exact replication; source-native target/split/window/features remain in the source task description above.,Native 5/10/20-year windows and next-open/next-close targets require source/date coverage confirmation; the common task is not exact native reproduction.,true,false,0,false,PPR4_SOURCE_FEASIBILITY_AND_PIT_GATE_THEN_PPR5_OFFLINE_CODE_GATE_THEN_PPR6_EXACT_SNAPSHOT_TESTER_PASS,"Author-reported results are literature claims, not project performance. Where a source detail is not in the cited text, keep it unresolved and do not infer a hyperparameter."
NT040,P05,CureusJournals_1986620261002-185337-d4go5h.pdf,"CureusJournals_1986620261002-185337-d4go5h.pdf — Sain & Singh, *Open and Close Price Forecasting of the NIFTY 50 Stock Index Using Machine Learning* (published 2026-10-01)",Random Forest regressor,AUTHOR-IMPLEMENTED,PDF pp. 6–18,"Next-day open and close regression; 5-, 10-, and 20-year windows; raw OHLCV vs SMA(10/20), daily return, rolling volatility(20), RSI(14); chronological 80:20 split; TimeSeriesSplit tuning for RF/XGBoost; MAE, RMSE, R².",Same price-regression task,PDF pp. 6–18,PENDING_NATIVE_5_10_20_YEAR_DATA_GATE,NOT_FROZEN_NOT_EXECUTED,R010|R038,COMMON_TASK_ADAPTATION_ONLY_NOT_EXACT_REPLICATION,Common adaptation is not an exact replication; source-native target/split/window/features remain in the source task description above.,Native 5/10/20-year windows and next-open/next-close targets require source/date coverage confirmation; the common task is not exact native reproduction.,true,false,0,false,PPR4_SOURCE_FEASIBILITY_AND_PIT_GATE_THEN_PPR5_OFFLINE_CODE_GATE_THEN_PPR6_EXACT_SNAPSHOT_TESTER_PASS,"Author-reported results are literature claims, not project performance. Where a source detail is not in the cited text, keep it unresolved and do not infer a hyperparameter."
NT041,P05,CureusJournals_1986620261002-185337-d4go5h.pdf,"CureusJournals_1986620261002-185337-d4go5h.pdf — Sain & Singh, *Open and Close Price Forecasting of the NIFTY 50 Stock Index Using Machine Learning* (published 2026-10-01)",Gradient Boosting regressor,AUTHOR-IMPLEMENTED,PDF pp. 6–18,"Next-day open and close regression; 5-, 10-, and 20-year windows; raw OHLCV vs SMA(10/20), daily return, rolling volatility(20), RSI(14); chronological 80:20 split; TimeSeriesSplit tuning for RF/XGBoost; MAE, RMSE, R².",Same price-regression task,PDF pp. 6–18,PENDING_NATIVE_5_10_20_YEAR_DATA_GATE,NOT_FROZEN_NOT_EXECUTED,R027|R039,COMMON_TASK_ADAPTATION_ONLY_NOT_EXACT_REPLICATION,Common adaptation is not an exact replication; source-native target/split/window/features remain in the source task description above.,Native 5/10/20-year windows and next-open/next-close targets require source/date coverage confirmation; the common task is not exact native reproduction.,true,false,0,false,PPR4_SOURCE_FEASIBILITY_AND_PIT_GATE_THEN_PPR5_OFFLINE_CODE_GATE_THEN_PPR6_EXACT_SNAPSHOT_TESTER_PASS,"Author-reported results are literature claims, not project performance. Where a source detail is not in the cited text, keep it unresolved and do not infer a hyperparameter."
NT042,P05,CureusJournals_1986620261002-185337-d4go5h.pdf,"CureusJournals_1986620261002-185337-d4go5h.pdf — Sain & Singh, *Open and Close Price Forecasting of the NIFTY 50 Stock Index Using Machine Learning* (published 2026-10-01)",AdaBoost regressor,AUTHOR-IMPLEMENTED,PDF pp. 6–18,"Next-day open and close regression; 5-, 10-, and 20-year windows; raw OHLCV vs SMA(10/20), daily return, rolling volatility(20), RSI(14); chronological 80:20 split; TimeSeriesSplit tuning for RF/XGBoost; MAE, RMSE, R².",Same price-regression task,PDF pp. 6–18,PENDING_NATIVE_5_10_20_YEAR_DATA_GATE,NOT_FROZEN_NOT_EXECUTED,R028|R040,COMMON_TASK_ADAPTATION_ONLY_NOT_EXACT_REPLICATION,Common adaptation is not an exact replication; source-native target/split/window/features remain in the source task description above.,Native 5/10/20-year windows and next-open/next-close targets require source/date coverage confirmation; the common task is not exact native reproduction.,true,false,0,false,PPR4_SOURCE_FEASIBILITY_AND_PIT_GATE_THEN_PPR5_OFFLINE_CODE_GATE_THEN_PPR6_EXACT_SNAPSHOT_TESTER_PASS,"Author-reported results are literature claims, not project performance. Where a source detail is not in the cited text, keep it unresolved and do not infer a hyperparameter."
NT043,P05,CureusJournals_1986620261002-185337-d4go5h.pdf,"CureusJournals_1986620261002-185337-d4go5h.pdf — Sain & Singh, *Open and Close Price Forecasting of the NIFTY 50 Stock Index Using Machine Learning* (published 2026-10-01)",XGBoost regressor,AUTHOR-IMPLEMENTED,PDF pp. 6–18,"Next-day open and close regression; 5-, 10-, and 20-year windows; raw OHLCV vs SMA(10/20), daily return, rolling volatility(20), RSI(14); chronological 80:20 split; TimeSeriesSplit tuning for RF/XGBoost; MAE, RMSE, R².",Same price-regression task,PDF pp. 6–18,PENDING_NATIVE_5_10_20_YEAR_DATA_GATE,NOT_FROZEN_NOT_EXECUTED,R029|R041,COMMON_TASK_ADAPTATION_ONLY_NOT_EXACT_REPLICATION,Common adaptation is not an exact replication; source-native target/split/window/features remain in the source task description above.,Native 5/10/20-year windows and next-open/next-close targets require source/date coverage confirmation; the common task is not exact native reproduction.,true,false,0,false,PPR4_SOURCE_FEASIBILITY_AND_PIT_GATE_THEN_PPR5_OFFLINE_CODE_GATE_THEN_PPR6_EXACT_SNAPSHOT_TESTER_PASS,"Author-reported results are literature claims, not project performance. Where a source detail is not in the cited text, keep it unresolved and do not infer a hyperparameter."
NT044,P05,CureusJournals_1986620261002-185337-d4go5h.pdf,"CureusJournals_1986620261002-185337-d4go5h.pdf — Sain & Singh, *Open and Close Price Forecasting of the NIFTY 50 Stock Index Using Machine Learning* (published 2026-10-01)",Naïve Persistence baseline,AUTHOR-IMPLEMENTED,PDF pp. 6–10,"Next-day open and close regression; 5-, 10-, and 20-year windows; raw OHLCV vs SMA(10/20), daily return, rolling volatility(20), RSI(14); chronological 80:20 split; TimeSeriesSplit tuning for RF/XGBoost; MAE, RMSE, R².","Baseline, not a learned estimator",PDF pp. 6–10,PENDING_NATIVE_5_10_20_YEAR_DATA_GATE,NOT_FROZEN_NOT_EXECUTED,BASELINE:CLOSE_PERSISTENCE|BASELINE:NEXT_OPEN_PERSISTENCE,COMMON_TASK_ADAPTATION_ONLY_NOT_EXACT_REPLICATION,Common adaptation is not an exact replication; source-native target/split/window/features remain in the source task description above.,Native 5/10/20-year windows and next-open/next-close targets require source/date coverage confirmation; the common task is not exact native reproduction.,true,false,0,false,PPR4_SOURCE_FEASIBILITY_AND_PIT_GATE_THEN_PPR5_OFFLINE_CODE_GATE_THEN_PPR6_EXACT_SNAPSHOT_TESTER_PASS,"Author-reported results are literature claims, not project performance. Where a source detail is not in the cited text, keep it unresolved and do not infer a hyperparameter."
NT045,P06,D0801051829.pdf,"D0801051829.pdf — Atheetha et al., *Options Trading Strategy: A Quantitative Study from an Investor's POV* (2019)",Simple-average/seasonality calculations,AUTHOR-IMPLEMENTED,PDF pp. 3–4,Multi-underlying options strategy study; not a single fully specified NIFTY direction model.,"Descriptive strategy calculations, not a fully specified fitted NIFTY direction predictor",PDF pp. 3–4,STRATEGY_ONLY_NO_NATIVE_FORECAST,NOT_FROZEN_NOT_EXECUTED,C020|C021,COMMON_TASK_ADAPTATION_ONLY_NOT_EXACT_REPLICATION,Common adaptation is not an exact replication; source-native target/split/window/features remain in the source task description above.,Source focuses on options strategy/descriptive averages and seasonality; no well-specified native spot-direction prediction task is established.,true,false,0,false,PPR4_SOURCE_FEASIBILITY_AND_PIT_GATE_THEN_PPR5_OFFLINE_CODE_GATE_THEN_PPR6_EXACT_SNAPSHOT_TESTER_PASS,"Author-reported results are literature claims, not project performance. Where a source detail is not in the cited text, keep it unresolved and do not infer a hyperparameter."
NT046,P06,D0801051829.pdf,"D0801051829.pdf — Atheetha et al., *Options Trading Strategy: A Quantitative Study from an Investor's POV* (2019)",Options simple-average strategy,AUTHOR-IMPLEMENTED,PDF p. 10,Multi-underlying options strategy study; not a single fully specified NIFTY direction model.,Strategy-only; not authorized for PPR prediction phase,PDF p. 10,STRATEGY_ONLY_NO_NATIVE_FORECAST,NOT_FROZEN_NOT_EXECUTED,C020|C021,COMMON_TASK_ADAPTATION_ONLY_NOT_EXACT_REPLICATION,Common adaptation is not an exact replication; source-native target/split/window/features remain in the source task description above.,Source focuses on options strategy/descriptive averages and seasonality; no well-specified native spot-direction prediction task is established.,true,false,0,false,PPR4_SOURCE_FEASIBILITY_AND_PIT_GATE_THEN_PPR5_OFFLINE_CODE_GATE_THEN_PPR6_EXACT_SNAPSHOT_TESTER_PASS,"Author-reported results are literature claims, not project performance. Where a source detail is not in the cited text, keep it unresolved and do not infer a hyperparameter."
NT047,P07,IJCSE-V11I10P106.pdf,"IJCSE-V11I10P106.pdf — Naik & Inamdar, *Bridging Temporal Dependencies and Sentiment: A Comprehensive Approach to NIFTY 50 Index Prediction* (2024)",LSTM sequence predictor,AUTHOR-IMPLEMENTED,PDF pp. 3–5,"NIFTY direction/price prediction combining sequential history, text sentiment and market/option context. Full historical headline and data-vintage requirements need a dedicated coverage audit.",Fusion with context fields; source-vintage and label definitions remain incomplete,PDF pp. 3–5,PENDING_POINT_IN_TIME_NEWS_FLOW_OPTION_DATA,NOT_FROZEN_NOT_EXECUTED,C009,COMMON_TASK_ADAPTATION_ONLY_NOT_EXACT_REPLICATION,Common adaptation is not an exact replication; source-native target/split/window/features remain in the source task description above.,"Historical news, FII/DII, India VIX and nearest-expiry PCR fusion needs point-in-time source vintages; author-reported metrics are not project results.",true,false,0,false,PPR4_SOURCE_FEASIBILITY_AND_PIT_GATE_THEN_PPR5_OFFLINE_CODE_GATE_THEN_PPR6_EXACT_SNAPSHOT_TESTER_PASS,"Author-reported results are literature claims, not project performance. Where a source detail is not in the cited text, keep it unresolved and do not infer a hyperparameter."
NT048,P07,IJCSE-V11I10P106.pdf,"IJCSE-V11I10P106.pdf — Naik & Inamdar, *Bridging Temporal Dependencies and Sentiment: A Comprehensive Approach to NIFTY 50 Index Prediction* (2024)",BERT financial-news sentiment model,AUTHOR-IMPLEMENTED,PDF pp. 4–5,"NIFTY direction/price prediction combining sequential history, text sentiment and market/option context. Full historical headline and data-vintage requirements need a dedicated coverage audit.",Sentiment task; source reports accuracy/precision without enough detail for comparison,PDF pp. 4–5,PENDING_POINT_IN_TIME_NEWS_FLOW_OPTION_DATA,NOT_FROZEN_NOT_EXECUTED,C010,COMMON_TASK_ADAPTATION_ONLY_NOT_EXACT_REPLICATION,Common adaptation is not an exact replication; source-native target/split/window/features remain in the source task description above.,"Historical news, FII/DII, India VIX and nearest-expiry PCR fusion needs point-in-time source vintages; author-reported metrics are not project results.",true,false,0,false,PPR4_SOURCE_FEASIBILITY_AND_PIT_GATE_THEN_PPR5_OFFLINE_CODE_GATE_THEN_PPR6_EXACT_SNAPSHOT_TESTER_PASS,"Author-reported results are literature claims, not project performance. Where a source detail is not in the cited text, keep it unresolved and do not infer a hyperparameter."
NT049,P07,IJCSE-V11I10P106.pdf,"IJCSE-V11I10P106.pdf — Naik & Inamdar, *Bridging Temporal Dependencies and Sentiment: A Comprehensive Approach to NIFTY 50 Index Prediction* (2024)",Combined BERT-sentiment + LSTM workflow,AUTHOR-IMPLEMENTED,PDF pp. 4–5,"NIFTY direction/price prediction combining sequential history, text sentiment and market/option context. Full historical headline and data-vintage requirements need a dedicated coverage audit.",Fusion task; not equivalent to a generic LSTM or sentiment row,PDF pp. 4–5,PENDING_POINT_IN_TIME_NEWS_FLOW_OPTION_DATA,NOT_FROZEN_NOT_EXECUTED,C010,COMMON_TASK_ADAPTATION_ONLY_NOT_EXACT_REPLICATION,Common adaptation is not an exact replication; source-native target/split/window/features remain in the source task description above.,"Historical news, FII/DII, India VIX and nearest-expiry PCR fusion needs point-in-time source vintages; author-reported metrics are not project results.",true,false,0,false,PPR4_SOURCE_FEASIBILITY_AND_PIT_GATE_THEN_PPR5_OFFLINE_CODE_GATE_THEN_PPR6_EXACT_SNAPSHOT_TESTER_PASS,"Author-reported results are literature claims, not project performance. Where a source detail is not in the cited text, keep it unresolved and do not infer a hyperparameter."
NT050,P07,IJCSE-V11I10P106.pdf,"IJCSE-V11I10P106.pdf — Naik & Inamdar, *Bridging Temporal Dependencies and Sentiment: A Comprehensive Approach to NIFTY 50 Index Prediction* (2024)",FII/DII features,AUTHOR-IMPLEMENTED component,PDF pp. 3–5,"NIFTY direction/price prediction combining sequential history, text sentiment and market/option context. Full historical headline and data-vintage requirements need a dedicated coverage audit.",Flow inputs; same-day point-in-time availability must be verified before any project use,PDF pp. 3–5,PENDING_POINT_IN_TIME_NEWS_FLOW_OPTION_DATA,NOT_FROZEN_NOT_EXECUTED,PIPELINE:FLOWS_OPTIONS|PIPELINE:TIMESTAMPED_SENTIMENT_FUSION,FEATURE_OR_CONTEXT_PIPELINE_LINK_NOT_STANDALONE_MODEL,Common adaptation is not an exact replication; source-native target/split/window/features remain in the source task description above.,"Historical news, FII/DII, India VIX and nearest-expiry PCR fusion needs point-in-time source vintages; author-reported metrics are not project results.",true,false,0,false,PPR4_SOURCE_FEASIBILITY_AND_PIT_GATE_THEN_PPR5_OFFLINE_CODE_GATE_THEN_PPR6_EXACT_SNAPSHOT_TESTER_PASS,"Author-reported results are literature claims, not project performance. Where a source detail is not in the cited text, keep it unresolved and do not infer a hyperparameter."
NT051,P07,IJCSE-V11I10P106.pdf,"IJCSE-V11I10P106.pdf — Naik & Inamdar, *Bridging Temporal Dependencies and Sentiment: A Comprehensive Approach to NIFTY 50 Index Prediction* (2024)",India VIX feature,AUTHOR-IMPLEMENTED component,PDF pp. 3–5,"NIFTY direction/price prediction combining sequential history, text sentiment and market/option context. Full historical headline and data-vintage requirements need a dedicated coverage audit.",Volatility input; availability-time check required,PDF pp. 3–5,PENDING_POINT_IN_TIME_NEWS_FLOW_OPTION_DATA,NOT_FROZEN_NOT_EXECUTED,PIPELINE:FLOWS_OPTIONS|PIPELINE:TIMESTAMPED_SENTIMENT_FUSION,FEATURE_OR_CONTEXT_PIPELINE_LINK_NOT_STANDALONE_MODEL,Common adaptation is not an exact replication; source-native target/split/window/features remain in the source task description above.,"Historical news, FII/DII, India VIX and nearest-expiry PCR fusion needs point-in-time source vintages; author-reported metrics are not project results.",true,false,0,false,PPR4_SOURCE_FEASIBILITY_AND_PIT_GATE_THEN_PPR5_OFFLINE_CODE_GATE_THEN_PPR6_EXACT_SNAPSHOT_TESTER_PASS,"Author-reported results are literature claims, not project performance. Where a source detail is not in the cited text, keep it unresolved and do not infer a hyperparameter."
NT052,P07,IJCSE-V11I10P106.pdf,"IJCSE-V11I10P106.pdf — Naik & Inamdar, *Bridging Temporal Dependencies and Sentiment: A Comprehensive Approach to NIFTY 50 Index Prediction* (2024)",Nearest two expiry PCR feature,AUTHOR-IMPLEMENTED component,"PDF pp. 3, 6","NIFTY direction/price prediction combining sequential history, text sentiment and market/option context. Full historical headline and data-vintage requirements need a dedicated coverage audit.",Options context input; expiry mapping/vintage needs point-in-time evidence,"PDF pp. 3, 6",PENDING_POINT_IN_TIME_NEWS_FLOW_OPTION_DATA,NOT_FROZEN_NOT_EXECUTED,PIPELINE:FLOWS_OPTIONS|PIPELINE:TIMESTAMPED_SENTIMENT_FUSION,FEATURE_OR_CONTEXT_PIPELINE_LINK_NOT_STANDALONE_MODEL,Common adaptation is not an exact replication; source-native target/split/window/features remain in the source task description above.,"Historical news, FII/DII, India VIX and nearest-expiry PCR fusion needs point-in-time source vintages; author-reported metrics are not project results.",true,false,0,false,PPR4_SOURCE_FEASIBILITY_AND_PIT_GATE_THEN_PPR5_OFFLINE_CODE_GATE_THEN_PPR6_EXACT_SNAPSHOT_TESTER_PASS,"Author-reported results are literature claims, not project performance. Where a source detail is not in the cited text, keep it unresolved and do not infer a hyperparameter."
NT053,P08,IJNRD2205074.pdf,"IJNRD2205074.pdf — Chatterjee, *Options Trading Strategies for the Indian Market — An Effective Financial Derivative Tool* (2022)",Standalone NIFTY direction estimator,BACKGROUND-ONLY / no method identified,PDF pp. 2–15,Secondary-source descriptive review.,Review of options concepts/strategies; no fitted forecast model identified,PDF pp. 2–15,BACKGROUND_ONLY_NO_NATIVE_MODEL,NOT_FROZEN_NOT_EXECUTED,NONE,NO_COMMON_TASK_ADAPTATION_IN_SCOPE,Common adaptation is not an exact replication; source-native target/split/window/features remain in the source task description above.,Secondary-source options strategy review; no standalone fitted direction estimator identified.,true,false,0,false,PPR4_SOURCE_FEASIBILITY_AND_PIT_GATE_THEN_PPR5_OFFLINE_CODE_GATE_THEN_PPR6_EXACT_SNAPSHOT_TESTER_PASS,"Author-reported results are literature claims, not project performance. Where a source detail is not in the cited text, keep it unresolved and do not infer a hyperparameter."
NT054,P09,IJSDR2309053.pdf,IJSDR2309053.pdf — *NIFTY-50 Stock Prediction Master* (2023),LSTM predictor in paper/app,AMBIGUOUS,PDF pp. 1–5,NIFTY historical daily data 2011-12-10–2021-12-10; normalized inputs; claims “83.88% accuracy” but the visible methods/results do not define this measure or a sufficiently detailed split. UI depicts next-30-day price forecasts.,"Model is named, but architecture/training/split/accuracy formula are insufficient for faithful reproduction",PDF pp. 1–5,BLOCKED_METHOD_SOURCE_DETAILS_UNRESOLVED,NOT_FROZEN_NOT_EXECUTED,C009,COMMON_TASK_ADAPTATION_ONLY_NOT_EXACT_REPLICATION,Common adaptation is not an exact replication; source-native target/split/window/features remain in the source task description above.,"Native LSTM task has insufficient reproducible target endpoint, split and accuracy formula; preserve as blocked rather than guessing.",true,false,0,false,PPR4_SOURCE_FEASIBILITY_AND_PIT_GATE_THEN_PPR5_OFFLINE_CODE_GATE_THEN_PPR6_EXACT_SNAPSHOT_TESTER_PASS,"Author-reported results are literature claims, not project performance. Where a source detail is not in the cited text, keep it unresolved and do not infer a hyperparameter."
NT055,P09,IJSDR2309053.pdf,IJSDR2309053.pdf — *NIFTY-50 Stock Prediction Master* (2023),AR/ARMA/ARIMA methods,BACKGROUND-ONLY,PDF pp. 2–4,NIFTY historical daily data 2011-12-10–2021-12-10; normalized inputs; claims “83.88% accuracy” but the visible methods/results do not define this measure or a sufficiently detailed split. UI depicts next-30-day price forecasts.,General time-series background; not demonstrated as evaluated comparators in the inspected pages,PDF pp. 2–4,BACKGROUND_ONLY_NO_NATIVE_MODEL,NOT_FROZEN_NOT_EXECUTED,NONE,NO_COMMON_TASK_ADAPTATION_IN_SCOPE,Common adaptation is not an exact replication; source-native target/split/window/features remain in the source task description above.,"Native LSTM task has insufficient reproducible target endpoint, split and accuracy formula; preserve as blocked rather than guessing.",true,false,0,false,PPR4_SOURCE_FEASIBILITY_AND_PIT_GATE_THEN_PPR5_OFFLINE_CODE_GATE_THEN_PPR6_EXACT_SNAPSHOT_TESTER_PASS,"Author-reported results are literature claims, not project performance. Where a source detail is not in the cited text, keep it unresolved and do not infer a hyperparameter."
NT056,P10,ISMLA+7481.pdf,"ISMLA+7481.pdf — Kallimath et al., *Deep Learning Approaches for Stock Price Prediction: A Comparative Study on Nifty 50 Dataset* (2025)",Linear Regression,AUTHOR-IMPLEMENTED,PDF pp. 10–12,"Multi-year NIFTY dataset; MSE, R², RMSE, MAE, MAPE; abstract claims hybrid promise. Exact model hyperparameters and split details must be frozen from full methods section before implementation.",Source dataset's option-like fields mean dependent variable/spot-index mapping is unresolved,PDF pp. 10–12,BLOCKED_METHOD_TARGET_SCHEMA_AMBIGUOUS,NOT_FROZEN_NOT_EXECUTED,R002,COMMON_TASK_ADAPTATION_ONLY_NOT_EXACT_REPLICATION,Common adaptation is not an exact replication; source-native target/split/window/features remain in the source task description above.,The paper's option-like fields leave the dependent variable/spot-index mapping unresolved; common architectures are project adaptations only.,true,false,0,false,PPR4_SOURCE_FEASIBILITY_AND_PIT_GATE_THEN_PPR5_OFFLINE_CODE_GATE_THEN_PPR6_EXACT_SNAPSHOT_TESTER_PASS,"Author-reported results are literature claims, not project performance. Where a source detail is not in the cited text, keep it unresolved and do not infer a hyperparameter."
NT057,P10,ISMLA+7481.pdf,"ISMLA+7481.pdf — Kallimath et al., *Deep Learning Approaches for Stock Price Prediction: A Comparative Study on Nifty 50 Dataset* (2025)",LSTM,AUTHOR-IMPLEMENTED,PDF pp. 6–12,"Multi-year NIFTY dataset; MSE, R², RMSE, MAE, MAPE; abstract claims hybrid promise. Exact model hyperparameters and split details must be frozen from full methods section before implementation.",Same target/schema ambiguity,PDF pp. 6–12,BLOCKED_METHOD_TARGET_SCHEMA_AMBIGUOUS,NOT_FROZEN_NOT_EXECUTED,R005,COMMON_TASK_ADAPTATION_ONLY_NOT_EXACT_REPLICATION,Common adaptation is not an exact replication; source-native target/split/window/features remain in the source task description above.,The paper's option-like fields leave the dependent variable/spot-index mapping unresolved; common architectures are project adaptations only.,true,false,0,false,PPR4_SOURCE_FEASIBILITY_AND_PIT_GATE_THEN_PPR5_OFFLINE_CODE_GATE_THEN_PPR6_EXACT_SNAPSHOT_TESTER_PASS,"Author-reported results are literature claims, not project performance. Where a source detail is not in the cited text, keep it unresolved and do not infer a hyperparameter."
NT058,P10,ISMLA+7481.pdf,"ISMLA+7481.pdf — Kallimath et al., *Deep Learning Approaches for Stock Price Prediction: A Comparative Study on Nifty 50 Dataset* (2025)",GRU,AUTHOR-IMPLEMENTED,PDF pp. 6–12,"Multi-year NIFTY dataset; MSE, R², RMSE, MAE, MAPE; abstract claims hybrid promise. Exact model hyperparameters and split details must be frozen from full methods section before implementation.",Same target/schema ambiguity,PDF pp. 6–12,BLOCKED_METHOD_TARGET_SCHEMA_AMBIGUOUS,NOT_FROZEN_NOT_EXECUTED,R044,COMMON_TASK_ADAPTATION_ONLY_NOT_EXACT_REPLICATION,Common adaptation is not an exact replication; source-native target/split/window/features remain in the source task description above.,The paper's option-like fields leave the dependent variable/spot-index mapping unresolved; common architectures are project adaptations only.,true,false,0,false,PPR4_SOURCE_FEASIBILITY_AND_PIT_GATE_THEN_PPR5_OFFLINE_CODE_GATE_THEN_PPR6_EXACT_SNAPSHOT_TESTER_PASS,"Author-reported results are literature claims, not project performance. Where a source detail is not in the cited text, keep it unresolved and do not infer a hyperparameter."
NT059,P10,ISMLA+7481.pdf,"ISMLA+7481.pdf — Kallimath et al., *Deep Learning Approaches for Stock Price Prediction: A Comparative Study on Nifty 50 Dataset* (2025)",CNN,AUTHOR-IMPLEMENTED,PDF pp. 6–12,"Multi-year NIFTY dataset; MSE, R², RMSE, MAE, MAPE; abstract claims hybrid promise. Exact model hyperparameters and split details must be frozen from full methods section before implementation.",Same target/schema ambiguity,PDF pp. 6–12,BLOCKED_METHOD_TARGET_SCHEMA_AMBIGUOUS,NOT_FROZEN_NOT_EXECUTED,C014|R045,COMMON_TASK_ADAPTATION_ONLY_NOT_EXACT_REPLICATION,Common adaptation is not an exact replication; source-native target/split/window/features remain in the source task description above.,The paper's option-like fields leave the dependent variable/spot-index mapping unresolved; common architectures are project adaptations only.,true,false,0,false,PPR4_SOURCE_FEASIBILITY_AND_PIT_GATE_THEN_PPR5_OFFLINE_CODE_GATE_THEN_PPR6_EXACT_SNAPSHOT_TESTER_PASS,"Author-reported results are literature claims, not project performance. Where a source detail is not in the cited text, keep it unresolved and do not infer a hyperparameter."
NT060,P10,ISMLA+7481.pdf,"ISMLA+7481.pdf — Kallimath et al., *Deep Learning Approaches for Stock Price Prediction: A Comparative Study on Nifty 50 Dataset* (2025)",RNN,AUTHOR-IMPLEMENTED,PDF pp. 6–12,"Multi-year NIFTY dataset; MSE, R², RMSE, MAE, MAPE; abstract claims hybrid promise. Exact model hyperparameters and split details must be frozen from full methods section before implementation.",Same target/schema ambiguity,PDF pp. 6–12,BLOCKED_METHOD_TARGET_SCHEMA_AMBIGUOUS,NOT_FROZEN_NOT_EXECUTED,C012|R046,COMMON_TASK_ADAPTATION_ONLY_NOT_EXACT_REPLICATION,Common adaptation is not an exact replication; source-native target/split/window/features remain in the source task description above.,The paper's option-like fields leave the dependent variable/spot-index mapping unresolved; common architectures are project adaptations only.,true,false,0,false,PPR4_SOURCE_FEASIBILITY_AND_PIT_GATE_THEN_PPR5_OFFLINE_CODE_GATE_THEN_PPR6_EXACT_SNAPSHOT_TESTER_PASS,"Author-reported results are literature claims, not project performance. Where a source detail is not in the cited text, keep it unresolved and do not infer a hyperparameter."
NT061,P10,ISMLA+7481.pdf,"ISMLA+7481.pdf — Kallimath et al., *Deep Learning Approaches for Stock Price Prediction: A Comparative Study on Nifty 50 Dataset* (2025)",TCN,AUTHOR-IMPLEMENTED,PDF pp. 6–12,"Multi-year NIFTY dataset; MSE, R², RMSE, MAE, MAPE; abstract claims hybrid promise. Exact model hyperparameters and split details must be frozen from full methods section before implementation.",Same target/schema ambiguity,PDF pp. 6–12,BLOCKED_METHOD_TARGET_SCHEMA_AMBIGUOUS,NOT_FROZEN_NOT_EXECUTED,C015|R047,COMMON_TASK_ADAPTATION_ONLY_NOT_EXACT_REPLICATION,Common adaptation is not an exact replication; source-native target/split/window/features remain in the source task description above.,The paper's option-like fields leave the dependent variable/spot-index mapping unresolved; common architectures are project adaptations only.,true,false,0,false,PPR4_SOURCE_FEASIBILITY_AND_PIT_GATE_THEN_PPR5_OFFLINE_CODE_GATE_THEN_PPR6_EXACT_SNAPSHOT_TESTER_PASS,"Author-reported results are literature claims, not project performance. Where a source detail is not in the cited text, keep it unresolved and do not infer a hyperparameter."
NT062,P10,ISMLA+7481.pdf,"ISMLA+7481.pdf — Kallimath et al., *Deep Learning Approaches for Stock Price Prediction: A Comparative Study on Nifty 50 Dataset* (2025)",LSTM+GRU hybrid,AUTHOR-IMPLEMENTED,PDF pp. 10–12,"Multi-year NIFTY dataset; MSE, R², RMSE, MAE, MAPE; abstract claims hybrid promise. Exact model hyperparameters and split details must be frozen from full methods section before implementation.",Same target/schema ambiguity,PDF pp. 10–12,BLOCKED_METHOD_TARGET_SCHEMA_AMBIGUOUS,NOT_FROZEN_NOT_EXECUTED,C016|R048,COMMON_TASK_ADAPTATION_ONLY_NOT_EXACT_REPLICATION,Common adaptation is not an exact replication; source-native target/split/window/features remain in the source task description above.,The paper's option-like fields leave the dependent variable/spot-index mapping unresolved; common architectures are project adaptations only.,true,false,0,false,PPR4_SOURCE_FEASIBILITY_AND_PIT_GATE_THEN_PPR5_OFFLINE_CODE_GATE_THEN_PPR6_EXACT_SNAPSHOT_TESTER_PASS,"Author-reported results are literature claims, not project performance. Where a source detail is not in the cited text, keep it unresolved and do not infer a hyperparameter."
NT063,P10,ISMLA+7481.pdf,"ISMLA+7481.pdf — Kallimath et al., *Deep Learning Approaches for Stock Price Prediction: A Comparative Study on Nifty 50 Dataset* (2025)",CNN+RNN hybrid,AUTHOR-IMPLEMENTED,PDF pp. 10–12,"Multi-year NIFTY dataset; MSE, R², RMSE, MAE, MAPE; abstract claims hybrid promise. Exact model hyperparameters and split details must be frozen from full methods section before implementation.",Same target/schema ambiguity,PDF pp. 10–12,BLOCKED_METHOD_TARGET_SCHEMA_AMBIGUOUS,NOT_FROZEN_NOT_EXECUTED,C017|R049,COMMON_TASK_ADAPTATION_ONLY_NOT_EXACT_REPLICATION,Common adaptation is not an exact replication; source-native target/split/window/features remain in the source task description above.,The paper's option-like fields leave the dependent variable/spot-index mapping unresolved; common architectures are project adaptations only.,true,false,0,false,PPR4_SOURCE_FEASIBILITY_AND_PIT_GATE_THEN_PPR5_OFFLINE_CODE_GATE_THEN_PPR6_EXACT_SNAPSHOT_TESTER_PASS,"Author-reported results are literature claims, not project performance. Where a source detail is not in the cited text, keep it unresolved and do not infer a hyperparameter."
NT064,P10,ISMLA+7481.pdf,"ISMLA+7481.pdf — Kallimath et al., *Deep Learning Approaches for Stock Price Prediction: A Comparative Study on Nifty 50 Dataset* (2025)",CNN+TCN hybrid,AUTHOR-IMPLEMENTED,PDF pp. 10–12,"Multi-year NIFTY dataset; MSE, R², RMSE, MAE, MAPE; abstract claims hybrid promise. Exact model hyperparameters and split details must be frozen from full methods section before implementation.",Same target/schema ambiguity,PDF pp. 10–12,BLOCKED_METHOD_TARGET_SCHEMA_AMBIGUOUS,NOT_FROZEN_NOT_EXECUTED,C018|R050,COMMON_TASK_ADAPTATION_ONLY_NOT_EXACT_REPLICATION,Common adaptation is not an exact replication; source-native target/split/window/features remain in the source task description above.,The paper's option-like fields leave the dependent variable/spot-index mapping unresolved; common architectures are project adaptations only.,true,false,0,false,PPR4_SOURCE_FEASIBILITY_AND_PIT_GATE_THEN_PPR5_OFFLINE_CODE_GATE_THEN_PPR6_EXACT_SNAPSHOT_TESTER_PASS,"Author-reported results are literature claims, not project performance. Where a source detail is not in the cited text, keep it unresolved and do not infer a hyperparameter."
NT065,P10,ISMLA+7481.pdf,"ISMLA+7481.pdf — Kallimath et al., *Deep Learning Approaches for Stock Price Prediction: A Comparative Study on Nifty 50 Dataset* (2025)",LSTM+TCN hybrid,AUTHOR-IMPLEMENTED,PDF pp. 10–12,"Multi-year NIFTY dataset; MSE, R², RMSE, MAE, MAPE; abstract claims hybrid promise. Exact model hyperparameters and split details must be frozen from full methods section before implementation.",Same target/schema ambiguity,PDF pp. 10–12,BLOCKED_METHOD_TARGET_SCHEMA_AMBIGUOUS,NOT_FROZEN_NOT_EXECUTED,C019|R051,COMMON_TASK_ADAPTATION_ONLY_NOT_EXACT_REPLICATION,Common adaptation is not an exact replication; source-native target/split/window/features remain in the source task description above.,The paper's option-like fields leave the dependent variable/spot-index mapping unresolved; common architectures are project adaptations only.,true,false,0,false,PPR4_SOURCE_FEASIBILITY_AND_PIT_GATE_THEN_PPR5_OFFLINE_CODE_GATE_THEN_PPR6_EXACT_SNAPSHOT_TESTER_PASS,"Author-reported results are literature claims, not project performance. Where a source detail is not in the cited text, keep it unresolved and do not infer a hyperparameter."
NT066,P11,JIER-+Vol.+5+No.+3+(2025)+-+Dr.+Deepesh.Formated.pdf,"JIER-+Vol.+5+No.+3+(2025)+-+Dr.+Deepesh.Formated.pdf — Mahajan et al., *A Study of the Impact of Moving Averages on Predicting Stock Market Trends: A Study of NIFTY 50* (2025)",EMA 50/200 crossover analysis,AUTHOR-IMPLEMENTED / parameter ambiguity,"PDF pp. 6, 8–13","Descriptive period/trend analysis, correlation and in-sample regression (text cites 2010–2025). In-sample R²/correlation does not establish directional out-of-sample prediction.",Paper also mentions EMA 50/100; date coverage inconsistent; crossover t-test reported p=.1079,"PDF pp. 6, 8–13",BLOCKED_METHOD_SOURCE_PERIOD_OR_SPLIT_AMBIGUOUS,NOT_FROZEN_NOT_EXECUTED,C021,COMMON_TASK_ADAPTATION_ONLY_NOT_EXACT_REPLICATION,Common adaptation is not an exact replication; source-native target/split/window/features remain in the source task description above.,The source mentions different MA periods/date ranges and does not clearly establish a chronological holdout; adaptation is fixed 50/200 state-based signal.,true,false,0,false,PPR4_SOURCE_FEASIBILITY_AND_PIT_GATE_THEN_PPR5_OFFLINE_CODE_GATE_THEN_PPR6_EXACT_SNAPSHOT_TESTER_PASS,"Author-reported results are literature claims, not project performance. Where a source detail is not in the cited text, keep it unresolved and do not infer a hyperparameter."
NT067,P11,JIER-+Vol.+5+No.+3+(2025)+-+Dr.+Deepesh.Formated.pdf,"JIER-+Vol.+5+No.+3+(2025)+-+Dr.+Deepesh.Formated.pdf — Mahajan et al., *A Study of the Impact of Moving Averages on Predicting Stock Market Trends: A Study of NIFTY 50* (2025)",Moving-average price regressions/correlations,AUTHOR-IMPLEMENTED,PDF pp. 6–13,"Descriptive period/trend analysis, correlation and in-sample regression (text cites 2010–2025). In-sample R²/correlation does not establish directional out-of-sample prediction.","Price-level analysis, not a validated forecast; no clear independent chronological holdout located",PDF pp. 6–13,BLOCKED_METHOD_SOURCE_PERIOD_OR_SPLIT_AMBIGUOUS,NOT_FROZEN_NOT_EXECUTED,C020|C021,COMMON_TASK_ADAPTATION_ONLY_NOT_EXACT_REPLICATION,Common adaptation is not an exact replication; source-native target/split/window/features remain in the source task description above.,The source mentions different MA periods/date ranges and does not clearly establish a chronological holdout; adaptation is fixed 50/200 state-based signal.,true,false,0,false,PPR4_SOURCE_FEASIBILITY_AND_PIT_GATE_THEN_PPR5_OFFLINE_CODE_GATE_THEN_PPR6_EXACT_SNAPSHOT_TESTER_PASS,"Author-reported results are literature claims, not project performance. Where a source detail is not in the cited text, keep it unresolved and do not infer a hyperparameter."
NT068,P12,Stock Market Prediction of NIFTY 50 Index Applying Machine Learning Techniques.pdf,"Stock Market Prediction of NIFTY 50 Index Applying Machine Learning Techniques.pdf — Fathali, Kodia & Ben Said (2022)",RNN architecture,AUTHOR-IMPLEMENTED,PDF pp. 11–18,Daily NIFTY OHLCV; 80:20 split plus K-fold CV within training; reported metrics include MSE/RMSE/MAE/R² and an “accuracy” measure. Paper's feature/activation selection must be confined to training folds for leakage-safe project adaptation.,Price regression; paper-specific layers/activations/features and “accuracy” definition need exact config,PDF pp. 11–18,PAPER_NATIVE_SETTINGS_REQUIRE_RECONCILIATION,NOT_FROZEN_NOT_EXECUTED,C012|R046,COMMON_TASK_ADAPTATION_ONLY_NOT_EXACT_REPLICATION,Common adaptation is not an exact replication; source-native target/split/window/features remain in the source task description above.,"RNN/LSTM/CNN and activation/feature comparisons are documented, but source configuration/accuracy and chronology need reconciliation; project selections stay inside training only.",true,false,0,false,PPR4_SOURCE_FEASIBILITY_AND_PIT_GATE_THEN_PPR5_OFFLINE_CODE_GATE_THEN_PPR6_EXACT_SNAPSHOT_TESTER_PASS,"Author-reported results are literature claims, not project performance. Where a source detail is not in the cited text, keep it unresolved and do not infer a hyperparameter."
NT069,P12,Stock Market Prediction of NIFTY 50 Index Applying Machine Learning Techniques.pdf,"Stock Market Prediction of NIFTY 50 Index Applying Machine Learning Techniques.pdf — Fathali, Kodia & Ben Said (2022)",LSTM architecture,AUTHOR-IMPLEMENTED,PDF pp. 11–18,Daily NIFTY OHLCV; 80:20 split plus K-fold CV within training; reported metrics include MSE/RMSE/MAE/R² and an “accuracy” measure. Paper's feature/activation selection must be confined to training folds for leakage-safe project adaptation.,Same price-regression task,PDF pp. 11–18,PAPER_NATIVE_SETTINGS_REQUIRE_RECONCILIATION,NOT_FROZEN_NOT_EXECUTED,C009|R005|R055|R056|R057,COMMON_TASK_ADAPTATION_ONLY_NOT_EXACT_REPLICATION,Common adaptation is not an exact replication; source-native target/split/window/features remain in the source task description above.,"RNN/LSTM/CNN and activation/feature comparisons are documented, but source configuration/accuracy and chronology need reconciliation; project selections stay inside training only.",true,false,0,false,PPR4_SOURCE_FEASIBILITY_AND_PIT_GATE_THEN_PPR5_OFFLINE_CODE_GATE_THEN_PPR6_EXACT_SNAPSHOT_TESTER_PASS,"Author-reported results are literature claims, not project performance. Where a source detail is not in the cited text, keep it unresolved and do not infer a hyperparameter."
NT070,P12,Stock Market Prediction of NIFTY 50 Index Applying Machine Learning Techniques.pdf,"Stock Market Prediction of NIFTY 50 Index Applying Machine Learning Techniques.pdf — Fathali, Kodia & Ben Said (2022)",CNN architecture,AUTHOR-IMPLEMENTED,PDF pp. 11–18,Daily NIFTY OHLCV; 80:20 split plus K-fold CV within training; reported metrics include MSE/RMSE/MAE/R² and an “accuracy” measure. Paper's feature/activation selection must be confined to training folds for leakage-safe project adaptation.,Same price-regression task,PDF pp. 11–18,PAPER_NATIVE_SETTINGS_REQUIRE_RECONCILIATION,NOT_FROZEN_NOT_EXECUTED,C014|R045|R058|R060,COMMON_TASK_ADAPTATION_ONLY_NOT_EXACT_REPLICATION,Common adaptation is not an exact replication; source-native target/split/window/features remain in the source task description above.,"RNN/LSTM/CNN and activation/feature comparisons are documented, but source configuration/accuracy and chronology need reconciliation; project selections stay inside training only.",true,false,0,false,PPR4_SOURCE_FEASIBILITY_AND_PIT_GATE_THEN_PPR5_OFFLINE_CODE_GATE_THEN_PPR6_EXACT_SNAPSHOT_TESTER_PASS,"Author-reported results are literature claims, not project performance. Where a source detail is not in the cited text, keep it unresolved and do not infer a hyperparameter."
NT071,P12,Stock Market Prediction of NIFTY 50 Index Applying Machine Learning Techniques.pdf,"Stock Market Prediction of NIFTY 50 Index Applying Machine Learning Techniques.pdf — Fathali, Kodia & Ben Said (2022)",Sigmoid/ReLU/Softmax activation variants,AUTHOR-IMPLEMENTED comparisons,PDF pp. 11–18,Daily NIFTY OHLCV; 80:20 split plus K-fold CV within training; reported metrics include MSE/RMSE/MAE/R² and an “accuracy” measure. Paper's feature/activation selection must be confined to training folds for leakage-safe project adaptation.,Exact activations/configs must be assigned separate manifest rows as applicable,PDF pp. 11–18,PAPER_NATIVE_SETTINGS_REQUIRE_RECONCILIATION,NOT_FROZEN_NOT_EXECUTED,R052|R053|R054|R055|R056|R057|R058|R060,COMMON_TASK_ADAPTATION_ONLY_NOT_EXACT_REPLICATION,Common adaptation is not an exact replication; source-native target/split/window/features remain in the source task description above.,"RNN/LSTM/CNN and activation/feature comparisons are documented, but source configuration/accuracy and chronology need reconciliation; project selections stay inside training only.",true,false,0,false,PPR4_SOURCE_FEASIBILITY_AND_PIT_GATE_THEN_PPR5_OFFLINE_CODE_GATE_THEN_PPR6_EXACT_SNAPSHOT_TESTER_PASS,"Author-reported results are literature claims, not project performance. Where a source detail is not in the cited text, keep it unresolved and do not infer a hyperparameter."
NT072,P12,Stock Market Prediction of NIFTY 50 Index Applying Machine Learning Techniques.pdf,"Stock Market Prediction of NIFTY 50 Index Applying Machine Learning Techniques.pdf — Fathali, Kodia & Ben Said (2022)",Input-feature combinations and epoch comparisons,AUTHOR-IMPLEMENTED comparisons,PDF pp. 11–18,Daily NIFTY OHLCV; 80:20 split plus K-fold CV within training; reported metrics include MSE/RMSE/MAE/R² and an “accuracy” measure. Paper's feature/activation selection must be confined to training folds for leakage-safe project adaptation.,Selection must remain training-only in project adaptation,PDF pp. 11–18,PAPER_NATIVE_SETTINGS_REQUIRE_RECONCILIATION,NOT_FROZEN_NOT_EXECUTED,C012|C014|C009|R052|R053|R054|R055|R056|R057|R058|R060,COMMON_TASK_ADAPTATION_ONLY_NOT_EXACT_REPLICATION,Common adaptation is not an exact replication; source-native target/split/window/features remain in the source task description above.,"RNN/LSTM/CNN and activation/feature comparisons are documented, but source configuration/accuracy and chronology need reconciliation; project selections stay inside training only.",true,false,0,false,PPR4_SOURCE_FEASIBILITY_AND_PIT_GATE_THEN_PPR5_OFFLINE_CODE_GATE_THEN_PPR6_EXACT_SNAPSHOT_TESTER_PASS,"Author-reported results are literature claims, not project performance. Where a source detail is not in the cited text, keep it unresolved and do not infer a hyperparameter."
NT073,P13,Stock_Market_Index_Forecasting_of_Nifty.pdf,"Stock_Market_Index_Forecasting_of_Nifty.pdf — Kumar & Sharma, *Stock Market Index Forecasting of Nifty 50 Using Machine Learning Techniques with ANN Approach* (2016)",Feed-forward MLP with backpropagation,AUTHOR-IMPLEMENTED,PDF pp. 3–5,NIFTY data 2006-04-03–2016-05-16; 70:30 train/test; next-day OHLC forecast; reports very high average accuracy (99.2152%) and RMSE-like errors. Algorithm-specific result definitions and split ordering need scrutiny.,Next-day OHLC price forecast; 70:30 split ordering and precise target shift need confirmation,PDF pp. 3–5,BLOCKED_DATA_WINDOW_AND_SPLIT_AMBIGUITY,NOT_FROZEN_NOT_EXECUTED,R061,COMMON_TASK_ADAPTATION_ONLY_NOT_EXACT_REPLICATION,Common adaptation is not an exact replication; source-native target/split/window/features remain in the source task description above.,Paper-native 2006–2016 window is outside the current 2020+ audited panel; split order/horizon and abstract 99.2152% metric definition remain unresolved.,true,false,0,false,PPR4_SOURCE_FEASIBILITY_AND_PIT_GATE_THEN_PPR5_OFFLINE_CODE_GATE_THEN_PPR6_EXACT_SNAPSHOT_TESTER_PASS,"Author-reported results are literature claims, not project performance. Where a source detail is not in the cited text, keep it unresolved and do not infer a hyperparameter."
NT074,P13,Stock_Market_Index_Forecasting_of_Nifty.pdf,"Stock_Market_Index_Forecasting_of_Nifty.pdf — Kumar & Sharma, *Stock Market Index Forecasting of Nifty 50 Using Machine Learning Techniques with ANN Approach* (2016)",“99.2152% average accuracy” metric,AMBIGUOUS metric definition,PDF p. 1 (abstract),NIFTY data 2006-04-03–2016-05-16; 70:30 train/test; next-day OHLC forecast; reports very high average accuracy (99.2152%) and RMSE-like errors. Algorithm-specific result definitions and split ordering need scrutiny.,Locate source claim; formula/target are not established as directional accuracy,PDF p. 1 (abstract),BLOCKED_METHOD_SOURCE_DETAILS_UNRESOLVED,NOT_FROZEN_NOT_EXECUTED,R061,COMMON_TASK_ADAPTATION_ONLY_NOT_EXACT_REPLICATION,Common adaptation is not an exact replication; source-native target/split/window/features remain in the source task description above.,Paper-native 2006–2016 window is outside the current 2020+ audited panel; split order/horizon and abstract 99.2152% metric definition remain unresolved.,true,false,0,false,PPR4_SOURCE_FEASIBILITY_AND_PIT_GATE_THEN_PPR5_OFFLINE_CODE_GATE_THEN_PPR6_EXACT_SNAPSHOT_TESTER_PASS,"Author-reported results are literature claims, not project performance. Where a source detail is not in the cited text, keep it unresolved and do not infer a hyperparameter."
NT075,P13,Stock_Market_Index_Forecasting_of_Nifty.pdf,"Stock_Market_Index_Forecasting_of_Nifty.pdf — Kumar & Sharma, *Stock Market Index Forecasting of Nifty 50 Using Machine Learning Techniques with ANN Approach* (2016)",Normalized RMSE result,AUTHOR-IMPLEMENTED metric,PDF pp. 4–5,NIFTY data 2006-04-03–2016-05-16; 70:30 train/test; next-day OHLC forecast; reports very high average accuracy (99.2152%) and RMSE-like errors. Algorithm-specific result definitions and split ordering need scrutiny.,Reported normalized-space training/testing RMSE; do not compare to raw index point errors,PDF pp. 4–5,BLOCKED_DATA_WINDOW_AND_SPLIT_AMBIGUITY,NOT_FROZEN_NOT_EXECUTED,R061,COMMON_TASK_ADAPTATION_ONLY_NOT_EXACT_REPLICATION,Common adaptation is not an exact replication; source-native target/split/window/features remain in the source task description above.,Paper-native 2006–2016 window is outside the current 2020+ audited panel; split order/horizon and abstract 99.2152% metric definition remain unresolved.,true,false,0,false,PPR4_SOURCE_FEASIBILITY_AND_PIT_GATE_THEN_PPR5_OFFLINE_CODE_GATE_THEN_PPR6_EXACT_SNAPSHOT_TESTER_PASS,"Author-reported results are literature claims, not project performance. Where a source detail is not in the cited text, keep it unresolved and do not infer a hyperparameter."
NT076,P14,jrfm-16-00423.pdf,"jrfm-16-00423.pdf — Jafar et al., *Forecasting of NIFTY 50 Index Price by Using Backward Elimination with an LSTM Model* (2023)",LSTM,AUTHOR-IMPLEMENTED,"PDF pp. 9–13, 18–20","Bloomberg NIFTY daily data 2005-02-11–2021-03-05; inputs include OHLC, daily volume and RSI(14); target close; 80:20 split; abstract describes next-30-day forecasting.",Closing-price and next-30-day task; target and metric rows must remain separate,"PDF pp. 9–13, 18–20",BLOCKED_DATA_WINDOW_AND_LEAKAGE_RISK,NOT_FROZEN_NOT_EXECUTED,R062,COMMON_TASK_ADAPTATION_ONLY_NOT_EXACT_REPLICATION,Common adaptation is not an exact replication; source-native target/split/window/features remain in the source task description above.,Paper-native 2005–2021 window is not covered by current audited data; published full-sample backward selection is leakage-prone. Common BE-LSTM must refit feature selection only on training rows.,true,false,0,false,PPR4_SOURCE_FEASIBILITY_AND_PIT_GATE_THEN_PPR5_OFFLINE_CODE_GATE_THEN_PPR6_EXACT_SNAPSHOT_TESTER_PASS,"Author-reported results are literature claims, not project performance. Where a source detail is not in the cited text, keep it unresolved and do not infer a hyperparameter."
NT077,P14,jrfm-16-00423.pdf,"jrfm-16-00423.pdf — Jafar et al., *Forecasting of NIFTY 50 Index Price by Using Backward Elimination with an LSTM Model* (2023)",Backward-Elimination LSTM (BE-LSTM),AUTHOR-IMPLEMENTED,"PDF pp. 9–13, 15–20","Bloomberg NIFTY daily data 2005-02-11–2021-03-05; inputs include OHLC, daily volume and RSI(14); target close; 80:20 split; abstract describes next-30-day forecasting.",Full-sample feature-selection path is leakage-prone for causal testing,"PDF pp. 9–13, 15–20",BLOCKED_DATA_WINDOW_AND_LEAKAGE_RISK,NOT_FROZEN_NOT_EXECUTED,R063,COMMON_TASK_ADAPTATION_ONLY_NOT_EXACT_REPLICATION,Common adaptation is not an exact replication; source-native target/split/window/features remain in the source task description above.,Paper-native 2005–2021 window is not covered by current audited data; published full-sample backward selection is leakage-prone. Common BE-LSTM must refit feature selection only on training rows.,true,false,0,false,PPR4_SOURCE_FEASIBILITY_AND_PIT_GATE_THEN_PPR5_OFFLINE_CODE_GATE_THEN_PPR6_EXACT_SNAPSHOT_TESTER_PASS,"Author-reported results are literature claims, not project performance. Where a source detail is not in the cited text, keep it unresolved and do not infer a hyperparameter."
NT078,P14,jrfm-16-00423.pdf,"jrfm-16-00423.pdf — Jafar et al., *Forecasting of NIFTY 50 Index Price by Using Backward Elimination with an LSTM Model* (2023)",Regression p-value backward elimination,AUTHOR-IMPLEMENTED component,PDF pp. 12–16,"Bloomberg NIFTY daily data 2005-02-11–2021-03-05; inputs include OHLC, daily volume and RSI(14); target close; 80:20 split; abstract describes next-30-day forecasting.",The published full-sample selection must not leak into confirmatory project test,PDF pp. 12–16,BLOCKED_DATA_WINDOW_AND_LEAKAGE_RISK,NOT_FROZEN_NOT_EXECUTED,R063,COMMON_TASK_ADAPTATION_ONLY_NOT_EXACT_REPLICATION,Common adaptation is not an exact replication; source-native target/split/window/features remain in the source task description above.,Paper-native 2005–2021 window is not covered by current audited data; published full-sample backward selection is leakage-prone. Common BE-LSTM must refit feature selection only on training rows.,true,false,0,false,PPR4_SOURCE_FEASIBILITY_AND_PIT_GATE_THEN_PPR5_OFFLINE_CODE_GATE_THEN_PPR6_EXACT_SNAPSHOT_TESTER_PASS,"Author-reported results are literature claims, not project performance. Where a source detail is not in the cited text, keep it unresolved and do not infer a hyperparameter."
NT079,P14,jrfm-16-00423.pdf,"jrfm-16-00423.pdf — Jafar et al., *Forecasting of NIFTY 50 Index Price by Using Backward Elimination with an LSTM Model* (2023)",RSI average feature,AUTHOR-IMPLEMENTED component,PDF p. 15,"Bloomberg NIFTY daily data 2005-02-11–2021-03-05; inputs include OHLC, daily volume and RSI(14); target close; 80:20 split; abstract describes next-30-day forecasting.",Input feature; availability/source vintage needs validation,PDF p. 15,BLOCKED_DATA_WINDOW_AND_LEAKAGE_RISK,NOT_FROZEN_NOT_EXECUTED,PIPELINE:CORE_OHLCV_TECH|CONFIG:R062|CONFIG:R063,FEATURE_OR_CONTEXT_PIPELINE_LINK_NOT_STANDALONE_MODEL,Common adaptation is not an exact replication; source-native target/split/window/features remain in the source task description above.,Paper-native 2005–2021 window is not covered by current audited data; published full-sample backward selection is leakage-prone. Common BE-LSTM must refit feature selection only on training rows.,true,false,0,false,PPR4_SOURCE_FEASIBILITY_AND_PIT_GATE_THEN_PPR5_OFFLINE_CODE_GATE_THEN_PPR6_EXACT_SNAPSHOT_TESTER_PASS,"Author-reported results are literature claims, not project performance. Where a source detail is not in the cited text, keep it unresolved and do not infer a hyperparameter."
NT080,P15,ssrn-3323746.pdf,"ssrn-3323746.pdf — Shaha, *An Empirical Study on Options Trading Strategy Using CCI for NSE's Nifty Options in India*",CCI-based long-call/put option rule,AUTHOR-IMPLEMENTED strategy; not a forecast model,PDF pp. 6–11,"NIFTY options Oct 2008–Sep 2018; 68 trades; article assumes Rs 100 brokerage/taxes and 10% slippage. This is an option strategy, not a standalone index-direction model.",Strategy-only; 68-vs-80 source table mismatch; historical brokerage/slippage assumptions not current costs,PDF pp. 6–11,STRATEGY_ONLY_NO_NATIVE_FORECAST,NOT_FROZEN_NOT_EXECUTED,C023,COMMON_TASK_ADAPTATION_ONLY_NOT_EXACT_REPLICATION,Common adaptation is not an exact replication; source-native target/split/window/features remain in the source task description above.,Native CCI study is a long-call/put strategy with stated costs and 68/80 table discrepancy; CCI20 spot direction is a separate project adaptation and no option P&L is permitted.,true,false,0,false,PPR4_SOURCE_FEASIBILITY_AND_PIT_GATE_THEN_PPR5_OFFLINE_CODE_GATE_THEN_PPR6_EXACT_SNAPSHOT_TESTER_PASS,"Author-reported results are literature claims, not project performance. Where a source detail is not in the cited text, keep it unresolved and do not infer a hyperparameter."
NT081,P15,ssrn-3323746.pdf,"ssrn-3323746.pdf — Shaha, *An Empirical Study on Options Trading Strategy Using CCI for NSE's Nifty Options in India*",Spot-direction CCI proxy,PROJECT-ADAPTATION (not tested),Not in source,"NIFTY options Oct 2008–Sep 2018; 68 trades; article assumes Rs 100 brokerage/taxes and 10% slippage. This is an option strategy, not a standalone index-direction model.",Candidate only if explicitly amended and tester-approved; no current permission to fit/test,Not in source,PROJECT_ADAPTATION_PENDING_GATES,NOT_FROZEN_NOT_EXECUTED,C023,COMMON_TASK_ADAPTATION_ONLY_NOT_EXACT_REPLICATION,Common adaptation is not an exact replication; source-native target/split/window/features remain in the source task description above.,Native CCI study is a long-call/put strategy with stated costs and 68/80 table discrepancy; CCI20 spot direction is a separate project adaptation and no option P&L is permitted.,true,false,0,false,PPR4_SOURCE_FEASIBILITY_AND_PIT_GATE_THEN_PPR5_OFFLINE_CODE_GATE_THEN_PPR6_EXACT_SNAPSHOT_TESTER_PASS,"Author-reported results are literature claims, not project performance. Where a source detail is not in the cited text, keep it unresolved and do not infer a hyperparameter."
