cell_id,config_id,source_paper_id,registry_source_id,estimator_or_rule,settings_id,fidelity_label,task_type,target_schema_id,inferential_family_id,feature_pipeline_id,horizon_sessions,decision_clock,decision_price_field,target_formula,forecast_endpoint,model_output_type,primary_metric,baseline_formula,common_evaluation_origin_index_id,tuned_inner_search,tuning_grid_id,max_seeds_for_budget,status,execution_gate
C001_CORE_OHLCV_TECH_1S,C001,P02,NONE,Logistic Regression classifier,LOGISTIC_CLASSIFIER,PROJECT-ADAPTATION,classification,COMMON_DIRECTION_3CLASS,COMMON_DIRECTION_3CLASS,CORE_OHLCV_TECH,1,after the published official close for session t,close_t,direction_label = UP if close[t+h]/close[t]-1 > 1e-8; DOWN if < -1e-8; otherwise FLAT,close[t+h],probability_vector_DOWN_FLAT_UP,multiclass_brier_loss,expanding training-only class frequencies with Laplace alpha=1 as-of each decision,TO_BE_FROZEN_AFTER_PPR4_SOURCE_ELIGIBILITY,false,NONE,3,PROPOSED_NOT_AUTHORIZED,PPR4_DATA_GATE_THEN_PPR5_CODE_GATE_THEN_PPR6_EXACT_SNAPSHOT_PASS
C001_EXTERNAL_MARKET_1S,C001,P02,NONE,Logistic Regression classifier,LOGISTIC_CLASSIFIER,PROJECT-ADAPTATION,classification,COMMON_DIRECTION_3CLASS,COMMON_DIRECTION_3CLASS,EXTERNAL_MARKET,1,after the published official close for session t,close_t,direction_label = UP if close[t+h]/close[t]-1 > 1e-8; DOWN if < -1e-8; otherwise FLAT,close[t+h],probability_vector_DOWN_FLAT_UP,multiclass_brier_loss,expanding training-only class frequencies with Laplace alpha=1 as-of each decision,TO_BE_FROZEN_AFTER_PPR4_SOURCE_ELIGIBILITY,false,NONE,3,PROPOSED_NOT_AUTHORIZED,PPR4_DATA_GATE_THEN_PPR5_CODE_GATE_THEN_PPR6_EXACT_SNAPSHOT_PASS
C001_FLOWS_OPTIONS_1S,C001,P02,NONE,Logistic Regression classifier,LOGISTIC_CLASSIFIER,PROJECT-ADAPTATION,classification,COMMON_DIRECTION_3CLASS,COMMON_DIRECTION_3CLASS,FLOWS_OPTIONS,1,after the published official close for session t,close_t,direction_label = UP if close[t+h]/close[t]-1 > 1e-8; DOWN if < -1e-8; otherwise FLAT,close[t+h],probability_vector_DOWN_FLAT_UP,multiclass_brier_loss,expanding training-only class frequencies with Laplace alpha=1 as-of each decision,TO_BE_FROZEN_AFTER_PPR4_SOURCE_ELIGIBILITY,false,NONE,3,PROPOSED_NOT_AUTHORIZED,PPR4_DATA_GATE_THEN_PPR5_CODE_GATE_THEN_PPR6_EXACT_SNAPSHOT_PASS
C001_TIMESTAMPED_SENTIMENT_FUSION_1S,C001,P02,NONE,Logistic Regression classifier,LOGISTIC_CLASSIFIER,PROJECT-ADAPTATION,classification,COMMON_DIRECTION_3CLASS,COMMON_DIRECTION_3CLASS,TIMESTAMPED_SENTIMENT_FUSION,1,after the published official close for session t,close_t,direction_label = UP if close[t+h]/close[t]-1 > 1e-8; DOWN if < -1e-8; otherwise FLAT,close[t+h],probability_vector_DOWN_FLAT_UP,multiclass_brier_loss,expanding training-only class frequencies with Laplace alpha=1 as-of each decision,TO_BE_FROZEN_AFTER_PPR4_SOURCE_ELIGIBILITY,false,NONE,3,PROPOSED_NOT_AUTHORIZED,PPR4_DATA_GATE_THEN_PPR5_CODE_GATE_THEN_PPR6_EXACT_SNAPSHOT_PASS
C001_CORE_OHLCV_TECH_2S,C001,P02,NONE,Logistic Regression classifier,LOGISTIC_CLASSIFIER,PROJECT-ADAPTATION,classification,COMMON_DIRECTION_3CLASS,COMMON_DIRECTION_3CLASS,CORE_OHLCV_TECH,2,after the published official close for session t,close_t,direction_label = UP if close[t+h]/close[t]-1 > 1e-8; DOWN if < -1e-8; otherwise FLAT,close[t+h],probability_vector_DOWN_FLAT_UP,multiclass_brier_loss,expanding training-only class frequencies with Laplace alpha=1 as-of each decision,TO_BE_FROZEN_AFTER_PPR4_SOURCE_ELIGIBILITY,false,NONE,3,PROPOSED_NOT_AUTHORIZED,PPR4_DATA_GATE_THEN_PPR5_CODE_GATE_THEN_PPR6_EXACT_SNAPSHOT_PASS
C001_EXTERNAL_MARKET_2S,C001,P02,NONE,Logistic Regression classifier,LOGISTIC_CLASSIFIER,PROJECT-ADAPTATION,classification,COMMON_DIRECTION_3CLASS,COMMON_DIRECTION_3CLASS,EXTERNAL_MARKET,2,after the published official close for session t,close_t,direction_label = UP if close[t+h]/close[t]-1 > 1e-8; DOWN if < -1e-8; otherwise FLAT,close[t+h],probability_vector_DOWN_FLAT_UP,multiclass_brier_loss,expanding training-only class frequencies with Laplace alpha=1 as-of each decision,TO_BE_FROZEN_AFTER_PPR4_SOURCE_ELIGIBILITY,false,NONE,3,PROPOSED_NOT_AUTHORIZED,PPR4_DATA_GATE_THEN_PPR5_CODE_GATE_THEN_PPR6_EXACT_SNAPSHOT_PASS
C001_FLOWS_OPTIONS_2S,C001,P02,NONE,Logistic Regression classifier,LOGISTIC_CLASSIFIER,PROJECT-ADAPTATION,classification,COMMON_DIRECTION_3CLASS,COMMON_DIRECTION_3CLASS,FLOWS_OPTIONS,2,after the published official close for session t,close_t,direction_label = UP if close[t+h]/close[t]-1 > 1e-8; DOWN if < -1e-8; otherwise FLAT,close[t+h],probability_vector_DOWN_FLAT_UP,multiclass_brier_loss,expanding training-only class frequencies with Laplace alpha=1 as-of each decision,TO_BE_FROZEN_AFTER_PPR4_SOURCE_ELIGIBILITY,false,NONE,3,PROPOSED_NOT_AUTHORIZED,PPR4_DATA_GATE_THEN_PPR5_CODE_GATE_THEN_PPR6_EXACT_SNAPSHOT_PASS
C001_TIMESTAMPED_SENTIMENT_FUSION_2S,C001,P02,NONE,Logistic Regression classifier,LOGISTIC_CLASSIFIER,PROJECT-ADAPTATION,classification,COMMON_DIRECTION_3CLASS,COMMON_DIRECTION_3CLASS,TIMESTAMPED_SENTIMENT_FUSION,2,after the published official close for session t,close_t,direction_label = UP if close[t+h]/close[t]-1 > 1e-8; DOWN if < -1e-8; otherwise FLAT,close[t+h],probability_vector_DOWN_FLAT_UP,multiclass_brier_loss,expanding training-only class frequencies with Laplace alpha=1 as-of each decision,TO_BE_FROZEN_AFTER_PPR4_SOURCE_ELIGIBILITY,false,NONE,3,PROPOSED_NOT_AUTHORIZED,PPR4_DATA_GATE_THEN_PPR5_CODE_GATE_THEN_PPR6_EXACT_SNAPSHOT_PASS
C001_CORE_OHLCV_TECH_3S,C001,P02,NONE,Logistic Regression classifier,LOGISTIC_CLASSIFIER,PROJECT-ADAPTATION,classification,COMMON_DIRECTION_3CLASS,COMMON_DIRECTION_3CLASS,CORE_OHLCV_TECH,3,after the published official close for session t,close_t,direction_label = UP if close[t+h]/close[t]-1 > 1e-8; DOWN if < -1e-8; otherwise FLAT,close[t+h],probability_vector_DOWN_FLAT_UP,multiclass_brier_loss,expanding training-only class frequencies with Laplace alpha=1 as-of each decision,TO_BE_FROZEN_AFTER_PPR4_SOURCE_ELIGIBILITY,false,NONE,3,PROPOSED_NOT_AUTHORIZED,PPR4_DATA_GATE_THEN_PPR5_CODE_GATE_THEN_PPR6_EXACT_SNAPSHOT_PASS
C001_EXTERNAL_MARKET_3S,C001,P02,NONE,Logistic Regression classifier,LOGISTIC_CLASSIFIER,PROJECT-ADAPTATION,classification,COMMON_DIRECTION_3CLASS,COMMON_DIRECTION_3CLASS,EXTERNAL_MARKET,3,after the published official close for session t,close_t,direction_label = UP if close[t+h]/close[t]-1 > 1e-8; DOWN if < -1e-8; otherwise FLAT,close[t+h],probability_vector_DOWN_FLAT_UP,multiclass_brier_loss,expanding training-only class frequencies with Laplace alpha=1 as-of each decision,TO_BE_FROZEN_AFTER_PPR4_SOURCE_ELIGIBILITY,false,NONE,3,PROPOSED_NOT_AUTHORIZED,PPR4_DATA_GATE_THEN_PPR5_CODE_GATE_THEN_PPR6_EXACT_SNAPSHOT_PASS
C001_FLOWS_OPTIONS_3S,C001,P02,NONE,Logistic Regression classifier,LOGISTIC_CLASSIFIER,PROJECT-ADAPTATION,classification,COMMON_DIRECTION_3CLASS,COMMON_DIRECTION_3CLASS,FLOWS_OPTIONS,3,after the published official close for session t,close_t,direction_label = UP if close[t+h]/close[t]-1 > 1e-8; DOWN if < -1e-8; otherwise FLAT,close[t+h],probability_vector_DOWN_FLAT_UP,multiclass_brier_loss,expanding training-only class frequencies with Laplace alpha=1 as-of each decision,TO_BE_FROZEN_AFTER_PPR4_SOURCE_ELIGIBILITY,false,NONE,3,PROPOSED_NOT_AUTHORIZED,PPR4_DATA_GATE_THEN_PPR5_CODE_GATE_THEN_PPR6_EXACT_SNAPSHOT_PASS
C001_TIMESTAMPED_SENTIMENT_FUSION_3S,C001,P02,NONE,Logistic Regression classifier,LOGISTIC_CLASSIFIER,PROJECT-ADAPTATION,classification,COMMON_DIRECTION_3CLASS,COMMON_DIRECTION_3CLASS,TIMESTAMPED_SENTIMENT_FUSION,3,after the published official close for session t,close_t,direction_label = UP if close[t+h]/close[t]-1 > 1e-8; DOWN if < -1e-8; otherwise FLAT,close[t+h],probability_vector_DOWN_FLAT_UP,multiclass_brier_loss,expanding training-only class frequencies with Laplace alpha=1 as-of each decision,TO_BE_FROZEN_AFTER_PPR4_SOURCE_ELIGIBILITY,false,NONE,3,PROPOSED_NOT_AUTHORIZED,PPR4_DATA_GATE_THEN_PPR5_CODE_GATE_THEN_PPR6_EXACT_SNAPSHOT_PASS
C001_CORE_OHLCV_TECH_5S,C001,P02,NONE,Logistic Regression classifier,LOGISTIC_CLASSIFIER,PROJECT-ADAPTATION,classification,COMMON_DIRECTION_3CLASS,COMMON_DIRECTION_3CLASS,CORE_OHLCV_TECH,5,after the published official close for session t,close_t,direction_label = UP if close[t+h]/close[t]-1 > 1e-8; DOWN if < -1e-8; otherwise FLAT,close[t+h],probability_vector_DOWN_FLAT_UP,multiclass_brier_loss,expanding training-only class frequencies with Laplace alpha=1 as-of each decision,TO_BE_FROZEN_AFTER_PPR4_SOURCE_ELIGIBILITY,false,NONE,3,PROPOSED_NOT_AUTHORIZED,PPR4_DATA_GATE_THEN_PPR5_CODE_GATE_THEN_PPR6_EXACT_SNAPSHOT_PASS
C001_EXTERNAL_MARKET_5S,C001,P02,NONE,Logistic Regression classifier,LOGISTIC_CLASSIFIER,PROJECT-ADAPTATION,classification,COMMON_DIRECTION_3CLASS,COMMON_DIRECTION_3CLASS,EXTERNAL_MARKET,5,after the published official close for session t,close_t,direction_label = UP if close[t+h]/close[t]-1 > 1e-8; DOWN if < -1e-8; otherwise FLAT,close[t+h],probability_vector_DOWN_FLAT_UP,multiclass_brier_loss,expanding training-only class frequencies with Laplace alpha=1 as-of each decision,TO_BE_FROZEN_AFTER_PPR4_SOURCE_ELIGIBILITY,false,NONE,3,PROPOSED_NOT_AUTHORIZED,PPR4_DATA_GATE_THEN_PPR5_CODE_GATE_THEN_PPR6_EXACT_SNAPSHOT_PASS
C001_FLOWS_OPTIONS_5S,C001,P02,NONE,Logistic Regression classifier,LOGISTIC_CLASSIFIER,PROJECT-ADAPTATION,classification,COMMON_DIRECTION_3CLASS,COMMON_DIRECTION_3CLASS,FLOWS_OPTIONS,5,after the published official close for session t,close_t,direction_label = UP if close[t+h]/close[t]-1 > 1e-8; DOWN if < -1e-8; otherwise FLAT,close[t+h],probability_vector_DOWN_FLAT_UP,multiclass_brier_loss,expanding training-only class frequencies with Laplace alpha=1 as-of each decision,TO_BE_FROZEN_AFTER_PPR4_SOURCE_ELIGIBILITY,false,NONE,3,PROPOSED_NOT_AUTHORIZED,PPR4_DATA_GATE_THEN_PPR5_CODE_GATE_THEN_PPR6_EXACT_SNAPSHOT_PASS
C001_TIMESTAMPED_SENTIMENT_FUSION_5S,C001,P02,NONE,Logistic Regression classifier,LOGISTIC_CLASSIFIER,PROJECT-ADAPTATION,classification,COMMON_DIRECTION_3CLASS,COMMON_DIRECTION_3CLASS,TIMESTAMPED_SENTIMENT_FUSION,5,after the published official close for session t,close_t,direction_label = UP if close[t+h]/close[t]-1 > 1e-8; DOWN if < -1e-8; otherwise FLAT,close[t+h],probability_vector_DOWN_FLAT_UP,multiclass_brier_loss,expanding training-only class frequencies with Laplace alpha=1 as-of each decision,TO_BE_FROZEN_AFTER_PPR4_SOURCE_ELIGIBILITY,false,NONE,3,PROPOSED_NOT_AUTHORIZED,PPR4_DATA_GATE_THEN_PPR5_CODE_GATE_THEN_PPR6_EXACT_SNAPSHOT_PASS
C001_CORE_OHLCV_TECH_10S,C001,P02,NONE,Logistic Regression classifier,LOGISTIC_CLASSIFIER,PROJECT-ADAPTATION,classification,COMMON_DIRECTION_3CLASS,COMMON_DIRECTION_3CLASS,CORE_OHLCV_TECH,10,after the published official close for session t,close_t,direction_label = UP if close[t+h]/close[t]-1 > 1e-8; DOWN if < -1e-8; otherwise FLAT,close[t+h],probability_vector_DOWN_FLAT_UP,multiclass_brier_loss,expanding training-only class frequencies with Laplace alpha=1 as-of each decision,TO_BE_FROZEN_AFTER_PPR4_SOURCE_ELIGIBILITY,false,NONE,3,PROPOSED_NOT_AUTHORIZED,PPR4_DATA_GATE_THEN_PPR5_CODE_GATE_THEN_PPR6_EXACT_SNAPSHOT_PASS
C001_EXTERNAL_MARKET_10S,C001,P02,NONE,Logistic Regression classifier,LOGISTIC_CLASSIFIER,PROJECT-ADAPTATION,classification,COMMON_DIRECTION_3CLASS,COMMON_DIRECTION_3CLASS,EXTERNAL_MARKET,10,after the published official close for session t,close_t,direction_label = UP if close[t+h]/close[t]-1 > 1e-8; DOWN if < -1e-8; otherwise FLAT,close[t+h],probability_vector_DOWN_FLAT_UP,multiclass_brier_loss,expanding training-only class frequencies with Laplace alpha=1 as-of each decision,TO_BE_FROZEN_AFTER_PPR4_SOURCE_ELIGIBILITY,false,NONE,3,PROPOSED_NOT_AUTHORIZED,PPR4_DATA_GATE_THEN_PPR5_CODE_GATE_THEN_PPR6_EXACT_SNAPSHOT_PASS
C001_FLOWS_OPTIONS_10S,C001,P02,NONE,Logistic Regression classifier,LOGISTIC_CLASSIFIER,PROJECT-ADAPTATION,classification,COMMON_DIRECTION_3CLASS,COMMON_DIRECTION_3CLASS,FLOWS_OPTIONS,10,after the published official close for session t,close_t,direction_label = UP if close[t+h]/close[t]-1 > 1e-8; DOWN if < -1e-8; otherwise FLAT,close[t+h],probability_vector_DOWN_FLAT_UP,multiclass_brier_loss,expanding training-only class frequencies with Laplace alpha=1 as-of each decision,TO_BE_FROZEN_AFTER_PPR4_SOURCE_ELIGIBILITY,false,NONE,3,PROPOSED_NOT_AUTHORIZED,PPR4_DATA_GATE_THEN_PPR5_CODE_GATE_THEN_PPR6_EXACT_SNAPSHOT_PASS
C001_TIMESTAMPED_SENTIMENT_FUSION_10S,C001,P02,NONE,Logistic Regression classifier,LOGISTIC_CLASSIFIER,PROJECT-ADAPTATION,classification,COMMON_DIRECTION_3CLASS,COMMON_DIRECTION_3CLASS,TIMESTAMPED_SENTIMENT_FUSION,10,after the published official close for session t,close_t,direction_label = UP if close[t+h]/close[t]-1 > 1e-8; DOWN if < -1e-8; otherwise FLAT,close[t+h],probability_vector_DOWN_FLAT_UP,multiclass_brier_loss,expanding training-only class frequencies with Laplace alpha=1 as-of each decision,TO_BE_FROZEN_AFTER_PPR4_SOURCE_ELIGIBILITY,false,NONE,3,PROPOSED_NOT_AUTHORIZED,PPR4_DATA_GATE_THEN_PPR5_CODE_GATE_THEN_PPR6_EXACT_SNAPSHOT_PASS
C002_CORE_OHLCV_TECH_1S,C002,P02,NONE,KNN classifier,KNN_CLASSIFIER,PROJECT-ADAPTATION,classification,COMMON_DIRECTION_3CLASS,COMMON_DIRECTION_3CLASS,CORE_OHLCV_TECH,1,after the published official close for session t,close_t,direction_label = UP if close[t+h]/close[t]-1 > 1e-8; DOWN if < -1e-8; otherwise FLAT,close[t+h],probability_vector_DOWN_FLAT_UP,multiclass_brier_loss,expanding training-only class frequencies with Laplace alpha=1 as-of each decision,TO_BE_FROZEN_AFTER_PPR4_SOURCE_ELIGIBILITY,false,NONE,3,PROPOSED_NOT_AUTHORIZED,PPR4_DATA_GATE_THEN_PPR5_CODE_GATE_THEN_PPR6_EXACT_SNAPSHOT_PASS
C002_EXTERNAL_MARKET_1S,C002,P02,NONE,KNN classifier,KNN_CLASSIFIER,PROJECT-ADAPTATION,classification,COMMON_DIRECTION_3CLASS,COMMON_DIRECTION_3CLASS,EXTERNAL_MARKET,1,after the published official close for session t,close_t,direction_label = UP if close[t+h]/close[t]-1 > 1e-8; DOWN if < -1e-8; otherwise FLAT,close[t+h],probability_vector_DOWN_FLAT_UP,multiclass_brier_loss,expanding training-only class frequencies with Laplace alpha=1 as-of each decision,TO_BE_FROZEN_AFTER_PPR4_SOURCE_ELIGIBILITY,false,NONE,3,PROPOSED_NOT_AUTHORIZED,PPR4_DATA_GATE_THEN_PPR5_CODE_GATE_THEN_PPR6_EXACT_SNAPSHOT_PASS
C002_FLOWS_OPTIONS_1S,C002,P02,NONE,KNN classifier,KNN_CLASSIFIER,PROJECT-ADAPTATION,classification,COMMON_DIRECTION_3CLASS,COMMON_DIRECTION_3CLASS,FLOWS_OPTIONS,1,after the published official close for session t,close_t,direction_label = UP if close[t+h]/close[t]-1 > 1e-8; DOWN if < -1e-8; otherwise FLAT,close[t+h],probability_vector_DOWN_FLAT_UP,multiclass_brier_loss,expanding training-only class frequencies with Laplace alpha=1 as-of each decision,TO_BE_FROZEN_AFTER_PPR4_SOURCE_ELIGIBILITY,false,NONE,3,PROPOSED_NOT_AUTHORIZED,PPR4_DATA_GATE_THEN_PPR5_CODE_GATE_THEN_PPR6_EXACT_SNAPSHOT_PASS
C002_TIMESTAMPED_SENTIMENT_FUSION_1S,C002,P02,NONE,KNN classifier,KNN_CLASSIFIER,PROJECT-ADAPTATION,classification,COMMON_DIRECTION_3CLASS,COMMON_DIRECTION_3CLASS,TIMESTAMPED_SENTIMENT_FUSION,1,after the published official close for session t,close_t,direction_label = UP if close[t+h]/close[t]-1 > 1e-8; DOWN if < -1e-8; otherwise FLAT,close[t+h],probability_vector_DOWN_FLAT_UP,multiclass_brier_loss,expanding training-only class frequencies with Laplace alpha=1 as-of each decision,TO_BE_FROZEN_AFTER_PPR4_SOURCE_ELIGIBILITY,false,NONE,3,PROPOSED_NOT_AUTHORIZED,PPR4_DATA_GATE_THEN_PPR5_CODE_GATE_THEN_PPR6_EXACT_SNAPSHOT_PASS
C002_CORE_OHLCV_TECH_2S,C002,P02,NONE,KNN classifier,KNN_CLASSIFIER,PROJECT-ADAPTATION,classification,COMMON_DIRECTION_3CLASS,COMMON_DIRECTION_3CLASS,CORE_OHLCV_TECH,2,after the published official close for session t,close_t,direction_label = UP if close[t+h]/close[t]-1 > 1e-8; DOWN if < -1e-8; otherwise FLAT,close[t+h],probability_vector_DOWN_FLAT_UP,multiclass_brier_loss,expanding training-only class frequencies with Laplace alpha=1 as-of each decision,TO_BE_FROZEN_AFTER_PPR4_SOURCE_ELIGIBILITY,false,NONE,3,PROPOSED_NOT_AUTHORIZED,PPR4_DATA_GATE_THEN_PPR5_CODE_GATE_THEN_PPR6_EXACT_SNAPSHOT_PASS
C002_EXTERNAL_MARKET_2S,C002,P02,NONE,KNN classifier,KNN_CLASSIFIER,PROJECT-ADAPTATION,classification,COMMON_DIRECTION_3CLASS,COMMON_DIRECTION_3CLASS,EXTERNAL_MARKET,2,after the published official close for session t,close_t,direction_label = UP if close[t+h]/close[t]-1 > 1e-8; DOWN if < -1e-8; otherwise FLAT,close[t+h],probability_vector_DOWN_FLAT_UP,multiclass_brier_loss,expanding training-only class frequencies with Laplace alpha=1 as-of each decision,TO_BE_FROZEN_AFTER_PPR4_SOURCE_ELIGIBILITY,false,NONE,3,PROPOSED_NOT_AUTHORIZED,PPR4_DATA_GATE_THEN_PPR5_CODE_GATE_THEN_PPR6_EXACT_SNAPSHOT_PASS
C002_FLOWS_OPTIONS_2S,C002,P02,NONE,KNN classifier,KNN_CLASSIFIER,PROJECT-ADAPTATION,classification,COMMON_DIRECTION_3CLASS,COMMON_DIRECTION_3CLASS,FLOWS_OPTIONS,2,after the published official close for session t,close_t,direction_label = UP if close[t+h]/close[t]-1 > 1e-8; DOWN if < -1e-8; otherwise FLAT,close[t+h],probability_vector_DOWN_FLAT_UP,multiclass_brier_loss,expanding training-only class frequencies with Laplace alpha=1 as-of each decision,TO_BE_FROZEN_AFTER_PPR4_SOURCE_ELIGIBILITY,false,NONE,3,PROPOSED_NOT_AUTHORIZED,PPR4_DATA_GATE_THEN_PPR5_CODE_GATE_THEN_PPR6_EXACT_SNAPSHOT_PASS
C002_TIMESTAMPED_SENTIMENT_FUSION_2S,C002,P02,NONE,KNN classifier,KNN_CLASSIFIER,PROJECT-ADAPTATION,classification,COMMON_DIRECTION_3CLASS,COMMON_DIRECTION_3CLASS,TIMESTAMPED_SENTIMENT_FUSION,2,after the published official close for session t,close_t,direction_label = UP if close[t+h]/close[t]-1 > 1e-8; DOWN if < -1e-8; otherwise FLAT,close[t+h],probability_vector_DOWN_FLAT_UP,multiclass_brier_loss,expanding training-only class frequencies with Laplace alpha=1 as-of each decision,TO_BE_FROZEN_AFTER_PPR4_SOURCE_ELIGIBILITY,false,NONE,3,PROPOSED_NOT_AUTHORIZED,PPR4_DATA_GATE_THEN_PPR5_CODE_GATE_THEN_PPR6_EXACT_SNAPSHOT_PASS
C002_CORE_OHLCV_TECH_3S,C002,P02,NONE,KNN classifier,KNN_CLASSIFIER,PROJECT-ADAPTATION,classification,COMMON_DIRECTION_3CLASS,COMMON_DIRECTION_3CLASS,CORE_OHLCV_TECH,3,after the published official close for session t,close_t,direction_label = UP if close[t+h]/close[t]-1 > 1e-8; DOWN if < -1e-8; otherwise FLAT,close[t+h],probability_vector_DOWN_FLAT_UP,multiclass_brier_loss,expanding training-only class frequencies with Laplace alpha=1 as-of each decision,TO_BE_FROZEN_AFTER_PPR4_SOURCE_ELIGIBILITY,false,NONE,3,PROPOSED_NOT_AUTHORIZED,PPR4_DATA_GATE_THEN_PPR5_CODE_GATE_THEN_PPR6_EXACT_SNAPSHOT_PASS
C002_EXTERNAL_MARKET_3S,C002,P02,NONE,KNN classifier,KNN_CLASSIFIER,PROJECT-ADAPTATION,classification,COMMON_DIRECTION_3CLASS,COMMON_DIRECTION_3CLASS,EXTERNAL_MARKET,3,after the published official close for session t,close_t,direction_label = UP if close[t+h]/close[t]-1 > 1e-8; DOWN if < -1e-8; otherwise FLAT,close[t+h],probability_vector_DOWN_FLAT_UP,multiclass_brier_loss,expanding training-only class frequencies with Laplace alpha=1 as-of each decision,TO_BE_FROZEN_AFTER_PPR4_SOURCE_ELIGIBILITY,false,NONE,3,PROPOSED_NOT_AUTHORIZED,PPR4_DATA_GATE_THEN_PPR5_CODE_GATE_THEN_PPR6_EXACT_SNAPSHOT_PASS
C002_FLOWS_OPTIONS_3S,C002,P02,NONE,KNN classifier,KNN_CLASSIFIER,PROJECT-ADAPTATION,classification,COMMON_DIRECTION_3CLASS,COMMON_DIRECTION_3CLASS,FLOWS_OPTIONS,3,after the published official close for session t,close_t,direction_label = UP if close[t+h]/close[t]-1 > 1e-8; DOWN if < -1e-8; otherwise FLAT,close[t+h],probability_vector_DOWN_FLAT_UP,multiclass_brier_loss,expanding training-only class frequencies with Laplace alpha=1 as-of each decision,TO_BE_FROZEN_AFTER_PPR4_SOURCE_ELIGIBILITY,false,NONE,3,PROPOSED_NOT_AUTHORIZED,PPR4_DATA_GATE_THEN_PPR5_CODE_GATE_THEN_PPR6_EXACT_SNAPSHOT_PASS
C002_TIMESTAMPED_SENTIMENT_FUSION_3S,C002,P02,NONE,KNN classifier,KNN_CLASSIFIER,PROJECT-ADAPTATION,classification,COMMON_DIRECTION_3CLASS,COMMON_DIRECTION_3CLASS,TIMESTAMPED_SENTIMENT_FUSION,3,after the published official close for session t,close_t,direction_label = UP if close[t+h]/close[t]-1 > 1e-8; DOWN if < -1e-8; otherwise FLAT,close[t+h],probability_vector_DOWN_FLAT_UP,multiclass_brier_loss,expanding training-only class frequencies with Laplace alpha=1 as-of each decision,TO_BE_FROZEN_AFTER_PPR4_SOURCE_ELIGIBILITY,false,NONE,3,PROPOSED_NOT_AUTHORIZED,PPR4_DATA_GATE_THEN_PPR5_CODE_GATE_THEN_PPR6_EXACT_SNAPSHOT_PASS
C002_CORE_OHLCV_TECH_5S,C002,P02,NONE,KNN classifier,KNN_CLASSIFIER,PROJECT-ADAPTATION,classification,COMMON_DIRECTION_3CLASS,COMMON_DIRECTION_3CLASS,CORE_OHLCV_TECH,5,after the published official close for session t,close_t,direction_label = UP if close[t+h]/close[t]-1 > 1e-8; DOWN if < -1e-8; otherwise FLAT,close[t+h],probability_vector_DOWN_FLAT_UP,multiclass_brier_loss,expanding training-only class frequencies with Laplace alpha=1 as-of each decision,TO_BE_FROZEN_AFTER_PPR4_SOURCE_ELIGIBILITY,false,NONE,3,PROPOSED_NOT_AUTHORIZED,PPR4_DATA_GATE_THEN_PPR5_CODE_GATE_THEN_PPR6_EXACT_SNAPSHOT_PASS
C002_EXTERNAL_MARKET_5S,C002,P02,NONE,KNN classifier,KNN_CLASSIFIER,PROJECT-ADAPTATION,classification,COMMON_DIRECTION_3CLASS,COMMON_DIRECTION_3CLASS,EXTERNAL_MARKET,5,after the published official close for session t,close_t,direction_label = UP if close[t+h]/close[t]-1 > 1e-8; DOWN if < -1e-8; otherwise FLAT,close[t+h],probability_vector_DOWN_FLAT_UP,multiclass_brier_loss,expanding training-only class frequencies with Laplace alpha=1 as-of each decision,TO_BE_FROZEN_AFTER_PPR4_SOURCE_ELIGIBILITY,false,NONE,3,PROPOSED_NOT_AUTHORIZED,PPR4_DATA_GATE_THEN_PPR5_CODE_GATE_THEN_PPR6_EXACT_SNAPSHOT_PASS
C002_FLOWS_OPTIONS_5S,C002,P02,NONE,KNN classifier,KNN_CLASSIFIER,PROJECT-ADAPTATION,classification,COMMON_DIRECTION_3CLASS,COMMON_DIRECTION_3CLASS,FLOWS_OPTIONS,5,after the published official close for session t,close_t,direction_label = UP if close[t+h]/close[t]-1 > 1e-8; DOWN if < -1e-8; otherwise FLAT,close[t+h],probability_vector_DOWN_FLAT_UP,multiclass_brier_loss,expanding training-only class frequencies with Laplace alpha=1 as-of each decision,TO_BE_FROZEN_AFTER_PPR4_SOURCE_ELIGIBILITY,false,NONE,3,PROPOSED_NOT_AUTHORIZED,PPR4_DATA_GATE_THEN_PPR5_CODE_GATE_THEN_PPR6_EXACT_SNAPSHOT_PASS
C002_TIMESTAMPED_SENTIMENT_FUSION_5S,C002,P02,NONE,KNN classifier,KNN_CLASSIFIER,PROJECT-ADAPTATION,classification,COMMON_DIRECTION_3CLASS,COMMON_DIRECTION_3CLASS,TIMESTAMPED_SENTIMENT_FUSION,5,after the published official close for session t,close_t,direction_label = UP if close[t+h]/close[t]-1 > 1e-8; DOWN if < -1e-8; otherwise FLAT,close[t+h],probability_vector_DOWN_FLAT_UP,multiclass_brier_loss,expanding training-only class frequencies with Laplace alpha=1 as-of each decision,TO_BE_FROZEN_AFTER_PPR4_SOURCE_ELIGIBILITY,false,NONE,3,PROPOSED_NOT_AUTHORIZED,PPR4_DATA_GATE_THEN_PPR5_CODE_GATE_THEN_PPR6_EXACT_SNAPSHOT_PASS
C002_CORE_OHLCV_TECH_10S,C002,P02,NONE,KNN classifier,KNN_CLASSIFIER,PROJECT-ADAPTATION,classification,COMMON_DIRECTION_3CLASS,COMMON_DIRECTION_3CLASS,CORE_OHLCV_TECH,10,after the published official close for session t,close_t,direction_label = UP if close[t+h]/close[t]-1 > 1e-8; DOWN if < -1e-8; otherwise FLAT,close[t+h],probability_vector_DOWN_FLAT_UP,multiclass_brier_loss,expanding training-only class frequencies with Laplace alpha=1 as-of each decision,TO_BE_FROZEN_AFTER_PPR4_SOURCE_ELIGIBILITY,false,NONE,3,PROPOSED_NOT_AUTHORIZED,PPR4_DATA_GATE_THEN_PPR5_CODE_GATE_THEN_PPR6_EXACT_SNAPSHOT_PASS
C002_EXTERNAL_MARKET_10S,C002,P02,NONE,KNN classifier,KNN_CLASSIFIER,PROJECT-ADAPTATION,classification,COMMON_DIRECTION_3CLASS,COMMON_DIRECTION_3CLASS,EXTERNAL_MARKET,10,after the published official close for session t,close_t,direction_label = UP if close[t+h]/close[t]-1 > 1e-8; DOWN if < -1e-8; otherwise FLAT,close[t+h],probability_vector_DOWN_FLAT_UP,multiclass_brier_loss,expanding training-only class frequencies with Laplace alpha=1 as-of each decision,TO_BE_FROZEN_AFTER_PPR4_SOURCE_ELIGIBILITY,false,NONE,3,PROPOSED_NOT_AUTHORIZED,PPR4_DATA_GATE_THEN_PPR5_CODE_GATE_THEN_PPR6_EXACT_SNAPSHOT_PASS
C002_FLOWS_OPTIONS_10S,C002,P02,NONE,KNN classifier,KNN_CLASSIFIER,PROJECT-ADAPTATION,classification,COMMON_DIRECTION_3CLASS,COMMON_DIRECTION_3CLASS,FLOWS_OPTIONS,10,after the published official close for session t,close_t,direction_label = UP if close[t+h]/close[t]-1 > 1e-8; DOWN if < -1e-8; otherwise FLAT,close[t+h],probability_vector_DOWN_FLAT_UP,multiclass_brier_loss,expanding training-only class frequencies with Laplace alpha=1 as-of each decision,TO_BE_FROZEN_AFTER_PPR4_SOURCE_ELIGIBILITY,false,NONE,3,PROPOSED_NOT_AUTHORIZED,PPR4_DATA_GATE_THEN_PPR5_CODE_GATE_THEN_PPR6_EXACT_SNAPSHOT_PASS
C002_TIMESTAMPED_SENTIMENT_FUSION_10S,C002,P02,NONE,KNN classifier,KNN_CLASSIFIER,PROJECT-ADAPTATION,classification,COMMON_DIRECTION_3CLASS,COMMON_DIRECTION_3CLASS,TIMESTAMPED_SENTIMENT_FUSION,10,after the published official close for session t,close_t,direction_label = UP if close[t+h]/close[t]-1 > 1e-8; DOWN if < -1e-8; otherwise FLAT,close[t+h],probability_vector_DOWN_FLAT_UP,multiclass_brier_loss,expanding training-only class frequencies with Laplace alpha=1 as-of each decision,TO_BE_FROZEN_AFTER_PPR4_SOURCE_ELIGIBILITY,false,NONE,3,PROPOSED_NOT_AUTHORIZED,PPR4_DATA_GATE_THEN_PPR5_CODE_GATE_THEN_PPR6_EXACT_SNAPSHOT_PASS
C003_CORE_OHLCV_TECH_1S,C003,P02,NONE,Decision Tree classifier,TREE_CLASSIFIER,PROJECT-ADAPTATION,classification,COMMON_DIRECTION_3CLASS,COMMON_DIRECTION_3CLASS,CORE_OHLCV_TECH,1,after the published official close for session t,close_t,direction_label = UP if close[t+h]/close[t]-1 > 1e-8; DOWN if < -1e-8; otherwise FLAT,close[t+h],probability_vector_DOWN_FLAT_UP,multiclass_brier_loss,expanding training-only class frequencies with Laplace alpha=1 as-of each decision,TO_BE_FROZEN_AFTER_PPR4_SOURCE_ELIGIBILITY,false,NONE,3,PROPOSED_NOT_AUTHORIZED,PPR4_DATA_GATE_THEN_PPR5_CODE_GATE_THEN_PPR6_EXACT_SNAPSHOT_PASS
C003_EXTERNAL_MARKET_1S,C003,P02,NONE,Decision Tree classifier,TREE_CLASSIFIER,PROJECT-ADAPTATION,classification,COMMON_DIRECTION_3CLASS,COMMON_DIRECTION_3CLASS,EXTERNAL_MARKET,1,after the published official close for session t,close_t,direction_label = UP if close[t+h]/close[t]-1 > 1e-8; DOWN if < -1e-8; otherwise FLAT,close[t+h],probability_vector_DOWN_FLAT_UP,multiclass_brier_loss,expanding training-only class frequencies with Laplace alpha=1 as-of each decision,TO_BE_FROZEN_AFTER_PPR4_SOURCE_ELIGIBILITY,false,NONE,3,PROPOSED_NOT_AUTHORIZED,PPR4_DATA_GATE_THEN_PPR5_CODE_GATE_THEN_PPR6_EXACT_SNAPSHOT_PASS
C003_FLOWS_OPTIONS_1S,C003,P02,NONE,Decision Tree classifier,TREE_CLASSIFIER,PROJECT-ADAPTATION,classification,COMMON_DIRECTION_3CLASS,COMMON_DIRECTION_3CLASS,FLOWS_OPTIONS,1,after the published official close for session t,close_t,direction_label = UP if close[t+h]/close[t]-1 > 1e-8; DOWN if < -1e-8; otherwise FLAT,close[t+h],probability_vector_DOWN_FLAT_UP,multiclass_brier_loss,expanding training-only class frequencies with Laplace alpha=1 as-of each decision,TO_BE_FROZEN_AFTER_PPR4_SOURCE_ELIGIBILITY,false,NONE,3,PROPOSED_NOT_AUTHORIZED,PPR4_DATA_GATE_THEN_PPR5_CODE_GATE_THEN_PPR6_EXACT_SNAPSHOT_PASS
C003_TIMESTAMPED_SENTIMENT_FUSION_1S,C003,P02,NONE,Decision Tree classifier,TREE_CLASSIFIER,PROJECT-ADAPTATION,classification,COMMON_DIRECTION_3CLASS,COMMON_DIRECTION_3CLASS,TIMESTAMPED_SENTIMENT_FUSION,1,after the published official close for session t,close_t,direction_label = UP if close[t+h]/close[t]-1 > 1e-8; DOWN if < -1e-8; otherwise FLAT,close[t+h],probability_vector_DOWN_FLAT_UP,multiclass_brier_loss,expanding training-only class frequencies with Laplace alpha=1 as-of each decision,TO_BE_FROZEN_AFTER_PPR4_SOURCE_ELIGIBILITY,false,NONE,3,PROPOSED_NOT_AUTHORIZED,PPR4_DATA_GATE_THEN_PPR5_CODE_GATE_THEN_PPR6_EXACT_SNAPSHOT_PASS
C003_CORE_OHLCV_TECH_2S,C003,P02,NONE,Decision Tree classifier,TREE_CLASSIFIER,PROJECT-ADAPTATION,classification,COMMON_DIRECTION_3CLASS,COMMON_DIRECTION_3CLASS,CORE_OHLCV_TECH,2,after the published official close for session t,close_t,direction_label = UP if close[t+h]/close[t]-1 > 1e-8; DOWN if < -1e-8; otherwise FLAT,close[t+h],probability_vector_DOWN_FLAT_UP,multiclass_brier_loss,expanding training-only class frequencies with Laplace alpha=1 as-of each decision,TO_BE_FROZEN_AFTER_PPR4_SOURCE_ELIGIBILITY,false,NONE,3,PROPOSED_NOT_AUTHORIZED,PPR4_DATA_GATE_THEN_PPR5_CODE_GATE_THEN_PPR6_EXACT_SNAPSHOT_PASS
C003_EXTERNAL_MARKET_2S,C003,P02,NONE,Decision Tree classifier,TREE_CLASSIFIER,PROJECT-ADAPTATION,classification,COMMON_DIRECTION_3CLASS,COMMON_DIRECTION_3CLASS,EXTERNAL_MARKET,2,after the published official close for session t,close_t,direction_label = UP if close[t+h]/close[t]-1 > 1e-8; DOWN if < -1e-8; otherwise FLAT,close[t+h],probability_vector_DOWN_FLAT_UP,multiclass_brier_loss,expanding training-only class frequencies with Laplace alpha=1 as-of each decision,TO_BE_FROZEN_AFTER_PPR4_SOURCE_ELIGIBILITY,false,NONE,3,PROPOSED_NOT_AUTHORIZED,PPR4_DATA_GATE_THEN_PPR5_CODE_GATE_THEN_PPR6_EXACT_SNAPSHOT_PASS
C003_FLOWS_OPTIONS_2S,C003,P02,NONE,Decision Tree classifier,TREE_CLASSIFIER,PROJECT-ADAPTATION,classification,COMMON_DIRECTION_3CLASS,COMMON_DIRECTION_3CLASS,FLOWS_OPTIONS,2,after the published official close for session t,close_t,direction_label = UP if close[t+h]/close[t]-1 > 1e-8; DOWN if < -1e-8; otherwise FLAT,close[t+h],probability_vector_DOWN_FLAT_UP,multiclass_brier_loss,expanding training-only class frequencies with Laplace alpha=1 as-of each decision,TO_BE_FROZEN_AFTER_PPR4_SOURCE_ELIGIBILITY,false,NONE,3,PROPOSED_NOT_AUTHORIZED,PPR4_DATA_GATE_THEN_PPR5_CODE_GATE_THEN_PPR6_EXACT_SNAPSHOT_PASS
C003_TIMESTAMPED_SENTIMENT_FUSION_2S,C003,P02,NONE,Decision Tree classifier,TREE_CLASSIFIER,PROJECT-ADAPTATION,classification,COMMON_DIRECTION_3CLASS,COMMON_DIRECTION_3CLASS,TIMESTAMPED_SENTIMENT_FUSION,2,after the published official close for session t,close_t,direction_label = UP if close[t+h]/close[t]-1 > 1e-8; DOWN if < -1e-8; otherwise FLAT,close[t+h],probability_vector_DOWN_FLAT_UP,multiclass_brier_loss,expanding training-only class frequencies with Laplace alpha=1 as-of each decision,TO_BE_FROZEN_AFTER_PPR4_SOURCE_ELIGIBILITY,false,NONE,3,PROPOSED_NOT_AUTHORIZED,PPR4_DATA_GATE_THEN_PPR5_CODE_GATE_THEN_PPR6_EXACT_SNAPSHOT_PASS
C003_CORE_OHLCV_TECH_3S,C003,P02,NONE,Decision Tree classifier,TREE_CLASSIFIER,PROJECT-ADAPTATION,classification,COMMON_DIRECTION_3CLASS,COMMON_DIRECTION_3CLASS,CORE_OHLCV_TECH,3,after the published official close for session t,close_t,direction_label = UP if close[t+h]/close[t]-1 > 1e-8; DOWN if < -1e-8; otherwise FLAT,close[t+h],probability_vector_DOWN_FLAT_UP,multiclass_brier_loss,expanding training-only class frequencies with Laplace alpha=1 as-of each decision,TO_BE_FROZEN_AFTER_PPR4_SOURCE_ELIGIBILITY,false,NONE,3,PROPOSED_NOT_AUTHORIZED,PPR4_DATA_GATE_THEN_PPR5_CODE_GATE_THEN_PPR6_EXACT_SNAPSHOT_PASS
C003_EXTERNAL_MARKET_3S,C003,P02,NONE,Decision Tree classifier,TREE_CLASSIFIER,PROJECT-ADAPTATION,classification,COMMON_DIRECTION_3CLASS,COMMON_DIRECTION_3CLASS,EXTERNAL_MARKET,3,after the published official close for session t,close_t,direction_label = UP if close[t+h]/close[t]-1 > 1e-8; DOWN if < -1e-8; otherwise FLAT,close[t+h],probability_vector_DOWN_FLAT_UP,multiclass_brier_loss,expanding training-only class frequencies with Laplace alpha=1 as-of each decision,TO_BE_FROZEN_AFTER_PPR4_SOURCE_ELIGIBILITY,false,NONE,3,PROPOSED_NOT_AUTHORIZED,PPR4_DATA_GATE_THEN_PPR5_CODE_GATE_THEN_PPR6_EXACT_SNAPSHOT_PASS
C003_FLOWS_OPTIONS_3S,C003,P02,NONE,Decision Tree classifier,TREE_CLASSIFIER,PROJECT-ADAPTATION,classification,COMMON_DIRECTION_3CLASS,COMMON_DIRECTION_3CLASS,FLOWS_OPTIONS,3,after the published official close for session t,close_t,direction_label = UP if close[t+h]/close[t]-1 > 1e-8; DOWN if < -1e-8; otherwise FLAT,close[t+h],probability_vector_DOWN_FLAT_UP,multiclass_brier_loss,expanding training-only class frequencies with Laplace alpha=1 as-of each decision,TO_BE_FROZEN_AFTER_PPR4_SOURCE_ELIGIBILITY,false,NONE,3,PROPOSED_NOT_AUTHORIZED,PPR4_DATA_GATE_THEN_PPR5_CODE_GATE_THEN_PPR6_EXACT_SNAPSHOT_PASS
C003_TIMESTAMPED_SENTIMENT_FUSION_3S,C003,P02,NONE,Decision Tree classifier,TREE_CLASSIFIER,PROJECT-ADAPTATION,classification,COMMON_DIRECTION_3CLASS,COMMON_DIRECTION_3CLASS,TIMESTAMPED_SENTIMENT_FUSION,3,after the published official close for session t,close_t,direction_label = UP if close[t+h]/close[t]-1 > 1e-8; DOWN if < -1e-8; otherwise FLAT,close[t+h],probability_vector_DOWN_FLAT_UP,multiclass_brier_loss,expanding training-only class frequencies with Laplace alpha=1 as-of each decision,TO_BE_FROZEN_AFTER_PPR4_SOURCE_ELIGIBILITY,false,NONE,3,PROPOSED_NOT_AUTHORIZED,PPR4_DATA_GATE_THEN_PPR5_CODE_GATE_THEN_PPR6_EXACT_SNAPSHOT_PASS
C003_CORE_OHLCV_TECH_5S,C003,P02,NONE,Decision Tree classifier,TREE_CLASSIFIER,PROJECT-ADAPTATION,classification,COMMON_DIRECTION_3CLASS,COMMON_DIRECTION_3CLASS,CORE_OHLCV_TECH,5,after the published official close for session t,close_t,direction_label = UP if close[t+h]/close[t]-1 > 1e-8; DOWN if < -1e-8; otherwise FLAT,close[t+h],probability_vector_DOWN_FLAT_UP,multiclass_brier_loss,expanding training-only class frequencies with Laplace alpha=1 as-of each decision,TO_BE_FROZEN_AFTER_PPR4_SOURCE_ELIGIBILITY,false,NONE,3,PROPOSED_NOT_AUTHORIZED,PPR4_DATA_GATE_THEN_PPR5_CODE_GATE_THEN_PPR6_EXACT_SNAPSHOT_PASS
C003_EXTERNAL_MARKET_5S,C003,P02,NONE,Decision Tree classifier,TREE_CLASSIFIER,PROJECT-ADAPTATION,classification,COMMON_DIRECTION_3CLASS,COMMON_DIRECTION_3CLASS,EXTERNAL_MARKET,5,after the published official close for session t,close_t,direction_label = UP if close[t+h]/close[t]-1 > 1e-8; DOWN if < -1e-8; otherwise FLAT,close[t+h],probability_vector_DOWN_FLAT_UP,multiclass_brier_loss,expanding training-only class frequencies with Laplace alpha=1 as-of each decision,TO_BE_FROZEN_AFTER_PPR4_SOURCE_ELIGIBILITY,false,NONE,3,PROPOSED_NOT_AUTHORIZED,PPR4_DATA_GATE_THEN_PPR5_CODE_GATE_THEN_PPR6_EXACT_SNAPSHOT_PASS
C003_FLOWS_OPTIONS_5S,C003,P02,NONE,Decision Tree classifier,TREE_CLASSIFIER,PROJECT-ADAPTATION,classification,COMMON_DIRECTION_3CLASS,COMMON_DIRECTION_3CLASS,FLOWS_OPTIONS,5,after the published official close for session t,close_t,direction_label = UP if close[t+h]/close[t]-1 > 1e-8; DOWN if < -1e-8; otherwise FLAT,close[t+h],probability_vector_DOWN_FLAT_UP,multiclass_brier_loss,expanding training-only class frequencies with Laplace alpha=1 as-of each decision,TO_BE_FROZEN_AFTER_PPR4_SOURCE_ELIGIBILITY,false,NONE,3,PROPOSED_NOT_AUTHORIZED,PPR4_DATA_GATE_THEN_PPR5_CODE_GATE_THEN_PPR6_EXACT_SNAPSHOT_PASS
C003_TIMESTAMPED_SENTIMENT_FUSION_5S,C003,P02,NONE,Decision Tree classifier,TREE_CLASSIFIER,PROJECT-ADAPTATION,classification,COMMON_DIRECTION_3CLASS,COMMON_DIRECTION_3CLASS,TIMESTAMPED_SENTIMENT_FUSION,5,after the published official close for session t,close_t,direction_label = UP if close[t+h]/close[t]-1 > 1e-8; DOWN if < -1e-8; otherwise FLAT,close[t+h],probability_vector_DOWN_FLAT_UP,multiclass_brier_loss,expanding training-only class frequencies with Laplace alpha=1 as-of each decision,TO_BE_FROZEN_AFTER_PPR4_SOURCE_ELIGIBILITY,false,NONE,3,PROPOSED_NOT_AUTHORIZED,PPR4_DATA_GATE_THEN_PPR5_CODE_GATE_THEN_PPR6_EXACT_SNAPSHOT_PASS
C003_CORE_OHLCV_TECH_10S,C003,P02,NONE,Decision Tree classifier,TREE_CLASSIFIER,PROJECT-ADAPTATION,classification,COMMON_DIRECTION_3CLASS,COMMON_DIRECTION_3CLASS,CORE_OHLCV_TECH,10,after the published official close for session t,close_t,direction_label = UP if close[t+h]/close[t]-1 > 1e-8; DOWN if < -1e-8; otherwise FLAT,close[t+h],probability_vector_DOWN_FLAT_UP,multiclass_brier_loss,expanding training-only class frequencies with Laplace alpha=1 as-of each decision,TO_BE_FROZEN_AFTER_PPR4_SOURCE_ELIGIBILITY,false,NONE,3,PROPOSED_NOT_AUTHORIZED,PPR4_DATA_GATE_THEN_PPR5_CODE_GATE_THEN_PPR6_EXACT_SNAPSHOT_PASS
C003_EXTERNAL_MARKET_10S,C003,P02,NONE,Decision Tree classifier,TREE_CLASSIFIER,PROJECT-ADAPTATION,classification,COMMON_DIRECTION_3CLASS,COMMON_DIRECTION_3CLASS,EXTERNAL_MARKET,10,after the published official close for session t,close_t,direction_label = UP if close[t+h]/close[t]-1 > 1e-8; DOWN if < -1e-8; otherwise FLAT,close[t+h],probability_vector_DOWN_FLAT_UP,multiclass_brier_loss,expanding training-only class frequencies with Laplace alpha=1 as-of each decision,TO_BE_FROZEN_AFTER_PPR4_SOURCE_ELIGIBILITY,false,NONE,3,PROPOSED_NOT_AUTHORIZED,PPR4_DATA_GATE_THEN_PPR5_CODE_GATE_THEN_PPR6_EXACT_SNAPSHOT_PASS
C003_FLOWS_OPTIONS_10S,C003,P02,NONE,Decision Tree classifier,TREE_CLASSIFIER,PROJECT-ADAPTATION,classification,COMMON_DIRECTION_3CLASS,COMMON_DIRECTION_3CLASS,FLOWS_OPTIONS,10,after the published official close for session t,close_t,direction_label = UP if close[t+h]/close[t]-1 > 1e-8; DOWN if < -1e-8; otherwise FLAT,close[t+h],probability_vector_DOWN_FLAT_UP,multiclass_brier_loss,expanding training-only class frequencies with Laplace alpha=1 as-of each decision,TO_BE_FROZEN_AFTER_PPR4_SOURCE_ELIGIBILITY,false,NONE,3,PROPOSED_NOT_AUTHORIZED,PPR4_DATA_GATE_THEN_PPR5_CODE_GATE_THEN_PPR6_EXACT_SNAPSHOT_PASS
C003_TIMESTAMPED_SENTIMENT_FUSION_10S,C003,P02,NONE,Decision Tree classifier,TREE_CLASSIFIER,PROJECT-ADAPTATION,classification,COMMON_DIRECTION_3CLASS,COMMON_DIRECTION_3CLASS,TIMESTAMPED_SENTIMENT_FUSION,10,after the published official close for session t,close_t,direction_label = UP if close[t+h]/close[t]-1 > 1e-8; DOWN if < -1e-8; otherwise FLAT,close[t+h],probability_vector_DOWN_FLAT_UP,multiclass_brier_loss,expanding training-only class frequencies with Laplace alpha=1 as-of each decision,TO_BE_FROZEN_AFTER_PPR4_SOURCE_ELIGIBILITY,false,NONE,3,PROPOSED_NOT_AUTHORIZED,PPR4_DATA_GATE_THEN_PPR5_CODE_GATE_THEN_PPR6_EXACT_SNAPSHOT_PASS
C004_CORE_OHLCV_TECH_1S,C004,P02,NONE,Bagging classifier,BAGGING_CLASSIFIER,PROJECT-ADAPTATION,classification,COMMON_DIRECTION_3CLASS,COMMON_DIRECTION_3CLASS,CORE_OHLCV_TECH,1,after the published official close for session t,close_t,direction_label = UP if close[t+h]/close[t]-1 > 1e-8; DOWN if < -1e-8; otherwise FLAT,close[t+h],probability_vector_DOWN_FLAT_UP,multiclass_brier_loss,expanding training-only class frequencies with Laplace alpha=1 as-of each decision,TO_BE_FROZEN_AFTER_PPR4_SOURCE_ELIGIBILITY,false,NONE,3,PROPOSED_NOT_AUTHORIZED,PPR4_DATA_GATE_THEN_PPR5_CODE_GATE_THEN_PPR6_EXACT_SNAPSHOT_PASS
C004_EXTERNAL_MARKET_1S,C004,P02,NONE,Bagging classifier,BAGGING_CLASSIFIER,PROJECT-ADAPTATION,classification,COMMON_DIRECTION_3CLASS,COMMON_DIRECTION_3CLASS,EXTERNAL_MARKET,1,after the published official close for session t,close_t,direction_label = UP if close[t+h]/close[t]-1 > 1e-8; DOWN if < -1e-8; otherwise FLAT,close[t+h],probability_vector_DOWN_FLAT_UP,multiclass_brier_loss,expanding training-only class frequencies with Laplace alpha=1 as-of each decision,TO_BE_FROZEN_AFTER_PPR4_SOURCE_ELIGIBILITY,false,NONE,3,PROPOSED_NOT_AUTHORIZED,PPR4_DATA_GATE_THEN_PPR5_CODE_GATE_THEN_PPR6_EXACT_SNAPSHOT_PASS
C004_FLOWS_OPTIONS_1S,C004,P02,NONE,Bagging classifier,BAGGING_CLASSIFIER,PROJECT-ADAPTATION,classification,COMMON_DIRECTION_3CLASS,COMMON_DIRECTION_3CLASS,FLOWS_OPTIONS,1,after the published official close for session t,close_t,direction_label = UP if close[t+h]/close[t]-1 > 1e-8; DOWN if < -1e-8; otherwise FLAT,close[t+h],probability_vector_DOWN_FLAT_UP,multiclass_brier_loss,expanding training-only class frequencies with Laplace alpha=1 as-of each decision,TO_BE_FROZEN_AFTER_PPR4_SOURCE_ELIGIBILITY,false,NONE,3,PROPOSED_NOT_AUTHORIZED,PPR4_DATA_GATE_THEN_PPR5_CODE_GATE_THEN_PPR6_EXACT_SNAPSHOT_PASS
C004_TIMESTAMPED_SENTIMENT_FUSION_1S,C004,P02,NONE,Bagging classifier,BAGGING_CLASSIFIER,PROJECT-ADAPTATION,classification,COMMON_DIRECTION_3CLASS,COMMON_DIRECTION_3CLASS,TIMESTAMPED_SENTIMENT_FUSION,1,after the published official close for session t,close_t,direction_label = UP if close[t+h]/close[t]-1 > 1e-8; DOWN if < -1e-8; otherwise FLAT,close[t+h],probability_vector_DOWN_FLAT_UP,multiclass_brier_loss,expanding training-only class frequencies with Laplace alpha=1 as-of each decision,TO_BE_FROZEN_AFTER_PPR4_SOURCE_ELIGIBILITY,false,NONE,3,PROPOSED_NOT_AUTHORIZED,PPR4_DATA_GATE_THEN_PPR5_CODE_GATE_THEN_PPR6_EXACT_SNAPSHOT_PASS
C004_CORE_OHLCV_TECH_2S,C004,P02,NONE,Bagging classifier,BAGGING_CLASSIFIER,PROJECT-ADAPTATION,classification,COMMON_DIRECTION_3CLASS,COMMON_DIRECTION_3CLASS,CORE_OHLCV_TECH,2,after the published official close for session t,close_t,direction_label = UP if close[t+h]/close[t]-1 > 1e-8; DOWN if < -1e-8; otherwise FLAT,close[t+h],probability_vector_DOWN_FLAT_UP,multiclass_brier_loss,expanding training-only class frequencies with Laplace alpha=1 as-of each decision,TO_BE_FROZEN_AFTER_PPR4_SOURCE_ELIGIBILITY,false,NONE,3,PROPOSED_NOT_AUTHORIZED,PPR4_DATA_GATE_THEN_PPR5_CODE_GATE_THEN_PPR6_EXACT_SNAPSHOT_PASS
C004_EXTERNAL_MARKET_2S,C004,P02,NONE,Bagging classifier,BAGGING_CLASSIFIER,PROJECT-ADAPTATION,classification,COMMON_DIRECTION_3CLASS,COMMON_DIRECTION_3CLASS,EXTERNAL_MARKET,2,after the published official close for session t,close_t,direction_label = UP if close[t+h]/close[t]-1 > 1e-8; DOWN if < -1e-8; otherwise FLAT,close[t+h],probability_vector_DOWN_FLAT_UP,multiclass_brier_loss,expanding training-only class frequencies with Laplace alpha=1 as-of each decision,TO_BE_FROZEN_AFTER_PPR4_SOURCE_ELIGIBILITY,false,NONE,3,PROPOSED_NOT_AUTHORIZED,PPR4_DATA_GATE_THEN_PPR5_CODE_GATE_THEN_PPR6_EXACT_SNAPSHOT_PASS
C004_FLOWS_OPTIONS_2S,C004,P02,NONE,Bagging classifier,BAGGING_CLASSIFIER,PROJECT-ADAPTATION,classification,COMMON_DIRECTION_3CLASS,COMMON_DIRECTION_3CLASS,FLOWS_OPTIONS,2,after the published official close for session t,close_t,direction_label = UP if close[t+h]/close[t]-1 > 1e-8; DOWN if < -1e-8; otherwise FLAT,close[t+h],probability_vector_DOWN_FLAT_UP,multiclass_brier_loss,expanding training-only class frequencies with Laplace alpha=1 as-of each decision,TO_BE_FROZEN_AFTER_PPR4_SOURCE_ELIGIBILITY,false,NONE,3,PROPOSED_NOT_AUTHORIZED,PPR4_DATA_GATE_THEN_PPR5_CODE_GATE_THEN_PPR6_EXACT_SNAPSHOT_PASS
C004_TIMESTAMPED_SENTIMENT_FUSION_2S,C004,P02,NONE,Bagging classifier,BAGGING_CLASSIFIER,PROJECT-ADAPTATION,classification,COMMON_DIRECTION_3CLASS,COMMON_DIRECTION_3CLASS,TIMESTAMPED_SENTIMENT_FUSION,2,after the published official close for session t,close_t,direction_label = UP if close[t+h]/close[t]-1 > 1e-8; DOWN if < -1e-8; otherwise FLAT,close[t+h],probability_vector_DOWN_FLAT_UP,multiclass_brier_loss,expanding training-only class frequencies with Laplace alpha=1 as-of each decision,TO_BE_FROZEN_AFTER_PPR4_SOURCE_ELIGIBILITY,false,NONE,3,PROPOSED_NOT_AUTHORIZED,PPR4_DATA_GATE_THEN_PPR5_CODE_GATE_THEN_PPR6_EXACT_SNAPSHOT_PASS
C004_CORE_OHLCV_TECH_3S,C004,P02,NONE,Bagging classifier,BAGGING_CLASSIFIER,PROJECT-ADAPTATION,classification,COMMON_DIRECTION_3CLASS,COMMON_DIRECTION_3CLASS,CORE_OHLCV_TECH,3,after the published official close for session t,close_t,direction_label = UP if close[t+h]/close[t]-1 > 1e-8; DOWN if < -1e-8; otherwise FLAT,close[t+h],probability_vector_DOWN_FLAT_UP,multiclass_brier_loss,expanding training-only class frequencies with Laplace alpha=1 as-of each decision,TO_BE_FROZEN_AFTER_PPR4_SOURCE_ELIGIBILITY,false,NONE,3,PROPOSED_NOT_AUTHORIZED,PPR4_DATA_GATE_THEN_PPR5_CODE_GATE_THEN_PPR6_EXACT_SNAPSHOT_PASS
C004_EXTERNAL_MARKET_3S,C004,P02,NONE,Bagging classifier,BAGGING_CLASSIFIER,PROJECT-ADAPTATION,classification,COMMON_DIRECTION_3CLASS,COMMON_DIRECTION_3CLASS,EXTERNAL_MARKET,3,after the published official close for session t,close_t,direction_label = UP if close[t+h]/close[t]-1 > 1e-8; DOWN if < -1e-8; otherwise FLAT,close[t+h],probability_vector_DOWN_FLAT_UP,multiclass_brier_loss,expanding training-only class frequencies with Laplace alpha=1 as-of each decision,TO_BE_FROZEN_AFTER_PPR4_SOURCE_ELIGIBILITY,false,NONE,3,PROPOSED_NOT_AUTHORIZED,PPR4_DATA_GATE_THEN_PPR5_CODE_GATE_THEN_PPR6_EXACT_SNAPSHOT_PASS
C004_FLOWS_OPTIONS_3S,C004,P02,NONE,Bagging classifier,BAGGING_CLASSIFIER,PROJECT-ADAPTATION,classification,COMMON_DIRECTION_3CLASS,COMMON_DIRECTION_3CLASS,FLOWS_OPTIONS,3,after the published official close for session t,close_t,direction_label = UP if close[t+h]/close[t]-1 > 1e-8; DOWN if < -1e-8; otherwise FLAT,close[t+h],probability_vector_DOWN_FLAT_UP,multiclass_brier_loss,expanding training-only class frequencies with Laplace alpha=1 as-of each decision,TO_BE_FROZEN_AFTER_PPR4_SOURCE_ELIGIBILITY,false,NONE,3,PROPOSED_NOT_AUTHORIZED,PPR4_DATA_GATE_THEN_PPR5_CODE_GATE_THEN_PPR6_EXACT_SNAPSHOT_PASS
C004_TIMESTAMPED_SENTIMENT_FUSION_3S,C004,P02,NONE,Bagging classifier,BAGGING_CLASSIFIER,PROJECT-ADAPTATION,classification,COMMON_DIRECTION_3CLASS,COMMON_DIRECTION_3CLASS,TIMESTAMPED_SENTIMENT_FUSION,3,after the published official close for session t,close_t,direction_label = UP if close[t+h]/close[t]-1 > 1e-8; DOWN if < -1e-8; otherwise FLAT,close[t+h],probability_vector_DOWN_FLAT_UP,multiclass_brier_loss,expanding training-only class frequencies with Laplace alpha=1 as-of each decision,TO_BE_FROZEN_AFTER_PPR4_SOURCE_ELIGIBILITY,false,NONE,3,PROPOSED_NOT_AUTHORIZED,PPR4_DATA_GATE_THEN_PPR5_CODE_GATE_THEN_PPR6_EXACT_SNAPSHOT_PASS
C004_CORE_OHLCV_TECH_5S,C004,P02,NONE,Bagging classifier,BAGGING_CLASSIFIER,PROJECT-ADAPTATION,classification,COMMON_DIRECTION_3CLASS,COMMON_DIRECTION_3CLASS,CORE_OHLCV_TECH,5,after the published official close for session t,close_t,direction_label = UP if close[t+h]/close[t]-1 > 1e-8; DOWN if < -1e-8; otherwise FLAT,close[t+h],probability_vector_DOWN_FLAT_UP,multiclass_brier_loss,expanding training-only class frequencies with Laplace alpha=1 as-of each decision,TO_BE_FROZEN_AFTER_PPR4_SOURCE_ELIGIBILITY,false,NONE,3,PROPOSED_NOT_AUTHORIZED,PPR4_DATA_GATE_THEN_PPR5_CODE_GATE_THEN_PPR6_EXACT_SNAPSHOT_PASS
C004_EXTERNAL_MARKET_5S,C004,P02,NONE,Bagging classifier,BAGGING_CLASSIFIER,PROJECT-ADAPTATION,classification,COMMON_DIRECTION_3CLASS,COMMON_DIRECTION_3CLASS,EXTERNAL_MARKET,5,after the published official close for session t,close_t,direction_label = UP if close[t+h]/close[t]-1 > 1e-8; DOWN if < -1e-8; otherwise FLAT,close[t+h],probability_vector_DOWN_FLAT_UP,multiclass_brier_loss,expanding training-only class frequencies with Laplace alpha=1 as-of each decision,TO_BE_FROZEN_AFTER_PPR4_SOURCE_ELIGIBILITY,false,NONE,3,PROPOSED_NOT_AUTHORIZED,PPR4_DATA_GATE_THEN_PPR5_CODE_GATE_THEN_PPR6_EXACT_SNAPSHOT_PASS
C004_FLOWS_OPTIONS_5S,C004,P02,NONE,Bagging classifier,BAGGING_CLASSIFIER,PROJECT-ADAPTATION,classification,COMMON_DIRECTION_3CLASS,COMMON_DIRECTION_3CLASS,FLOWS_OPTIONS,5,after the published official close for session t,close_t,direction_label = UP if close[t+h]/close[t]-1 > 1e-8; DOWN if < -1e-8; otherwise FLAT,close[t+h],probability_vector_DOWN_FLAT_UP,multiclass_brier_loss,expanding training-only class frequencies with Laplace alpha=1 as-of each decision,TO_BE_FROZEN_AFTER_PPR4_SOURCE_ELIGIBILITY,false,NONE,3,PROPOSED_NOT_AUTHORIZED,PPR4_DATA_GATE_THEN_PPR5_CODE_GATE_THEN_PPR6_EXACT_SNAPSHOT_PASS
C004_TIMESTAMPED_SENTIMENT_FUSION_5S,C004,P02,NONE,Bagging classifier,BAGGING_CLASSIFIER,PROJECT-ADAPTATION,classification,COMMON_DIRECTION_3CLASS,COMMON_DIRECTION_3CLASS,TIMESTAMPED_SENTIMENT_FUSION,5,after the published official close for session t,close_t,direction_label = UP if close[t+h]/close[t]-1 > 1e-8; DOWN if < -1e-8; otherwise FLAT,close[t+h],probability_vector_DOWN_FLAT_UP,multiclass_brier_loss,expanding training-only class frequencies with Laplace alpha=1 as-of each decision,TO_BE_FROZEN_AFTER_PPR4_SOURCE_ELIGIBILITY,false,NONE,3,PROPOSED_NOT_AUTHORIZED,PPR4_DATA_GATE_THEN_PPR5_CODE_GATE_THEN_PPR6_EXACT_SNAPSHOT_PASS
C004_CORE_OHLCV_TECH_10S,C004,P02,NONE,Bagging classifier,BAGGING_CLASSIFIER,PROJECT-ADAPTATION,classification,COMMON_DIRECTION_3CLASS,COMMON_DIRECTION_3CLASS,CORE_OHLCV_TECH,10,after the published official close for session t,close_t,direction_label = UP if close[t+h]/close[t]-1 > 1e-8; DOWN if < -1e-8; otherwise FLAT,close[t+h],probability_vector_DOWN_FLAT_UP,multiclass_brier_loss,expanding training-only class frequencies with Laplace alpha=1 as-of each decision,TO_BE_FROZEN_AFTER_PPR4_SOURCE_ELIGIBILITY,false,NONE,3,PROPOSED_NOT_AUTHORIZED,PPR4_DATA_GATE_THEN_PPR5_CODE_GATE_THEN_PPR6_EXACT_SNAPSHOT_PASS
C004_EXTERNAL_MARKET_10S,C004,P02,NONE,Bagging classifier,BAGGING_CLASSIFIER,PROJECT-ADAPTATION,classification,COMMON_DIRECTION_3CLASS,COMMON_DIRECTION_3CLASS,EXTERNAL_MARKET,10,after the published official close for session t,close_t,direction_label = UP if close[t+h]/close[t]-1 > 1e-8; DOWN if < -1e-8; otherwise FLAT,close[t+h],probability_vector_DOWN_FLAT_UP,multiclass_brier_loss,expanding training-only class frequencies with Laplace alpha=1 as-of each decision,TO_BE_FROZEN_AFTER_PPR4_SOURCE_ELIGIBILITY,false,NONE,3,PROPOSED_NOT_AUTHORIZED,PPR4_DATA_GATE_THEN_PPR5_CODE_GATE_THEN_PPR6_EXACT_SNAPSHOT_PASS
C004_FLOWS_OPTIONS_10S,C004,P02,NONE,Bagging classifier,BAGGING_CLASSIFIER,PROJECT-ADAPTATION,classification,COMMON_DIRECTION_3CLASS,COMMON_DIRECTION_3CLASS,FLOWS_OPTIONS,10,after the published official close for session t,close_t,direction_label = UP if close[t+h]/close[t]-1 > 1e-8; DOWN if < -1e-8; otherwise FLAT,close[t+h],probability_vector_DOWN_FLAT_UP,multiclass_brier_loss,expanding training-only class frequencies with Laplace alpha=1 as-of each decision,TO_BE_FROZEN_AFTER_PPR4_SOURCE_ELIGIBILITY,false,NONE,3,PROPOSED_NOT_AUTHORIZED,PPR4_DATA_GATE_THEN_PPR5_CODE_GATE_THEN_PPR6_EXACT_SNAPSHOT_PASS
C004_TIMESTAMPED_SENTIMENT_FUSION_10S,C004,P02,NONE,Bagging classifier,BAGGING_CLASSIFIER,PROJECT-ADAPTATION,classification,COMMON_DIRECTION_3CLASS,COMMON_DIRECTION_3CLASS,TIMESTAMPED_SENTIMENT_FUSION,10,after the published official close for session t,close_t,direction_label = UP if close[t+h]/close[t]-1 > 1e-8; DOWN if < -1e-8; otherwise FLAT,close[t+h],probability_vector_DOWN_FLAT_UP,multiclass_brier_loss,expanding training-only class frequencies with Laplace alpha=1 as-of each decision,TO_BE_FROZEN_AFTER_PPR4_SOURCE_ELIGIBILITY,false,NONE,3,PROPOSED_NOT_AUTHORIZED,PPR4_DATA_GATE_THEN_PPR5_CODE_GATE_THEN_PPR6_EXACT_SNAPSHOT_PASS
C005_CORE_OHLCV_TECH_1S,C005,P02,NONE,Boosting classifier,BOOSTING_CLASSIFIER,PROJECT-ADAPTATION,classification,COMMON_DIRECTION_3CLASS,COMMON_DIRECTION_3CLASS,CORE_OHLCV_TECH,1,after the published official close for session t,close_t,direction_label = UP if close[t+h]/close[t]-1 > 1e-8; DOWN if < -1e-8; otherwise FLAT,close[t+h],probability_vector_DOWN_FLAT_UP,multiclass_brier_loss,expanding training-only class frequencies with Laplace alpha=1 as-of each decision,TO_BE_FROZEN_AFTER_PPR4_SOURCE_ELIGIBILITY,false,NONE,3,PROPOSED_NOT_AUTHORIZED,PPR4_DATA_GATE_THEN_PPR5_CODE_GATE_THEN_PPR6_EXACT_SNAPSHOT_PASS
C005_EXTERNAL_MARKET_1S,C005,P02,NONE,Boosting classifier,BOOSTING_CLASSIFIER,PROJECT-ADAPTATION,classification,COMMON_DIRECTION_3CLASS,COMMON_DIRECTION_3CLASS,EXTERNAL_MARKET,1,after the published official close for session t,close_t,direction_label = UP if close[t+h]/close[t]-1 > 1e-8; DOWN if < -1e-8; otherwise FLAT,close[t+h],probability_vector_DOWN_FLAT_UP,multiclass_brier_loss,expanding training-only class frequencies with Laplace alpha=1 as-of each decision,TO_BE_FROZEN_AFTER_PPR4_SOURCE_ELIGIBILITY,false,NONE,3,PROPOSED_NOT_AUTHORIZED,PPR4_DATA_GATE_THEN_PPR5_CODE_GATE_THEN_PPR6_EXACT_SNAPSHOT_PASS
C005_FLOWS_OPTIONS_1S,C005,P02,NONE,Boosting classifier,BOOSTING_CLASSIFIER,PROJECT-ADAPTATION,classification,COMMON_DIRECTION_3CLASS,COMMON_DIRECTION_3CLASS,FLOWS_OPTIONS,1,after the published official close for session t,close_t,direction_label = UP if close[t+h]/close[t]-1 > 1e-8; DOWN if < -1e-8; otherwise FLAT,close[t+h],probability_vector_DOWN_FLAT_UP,multiclass_brier_loss,expanding training-only class frequencies with Laplace alpha=1 as-of each decision,TO_BE_FROZEN_AFTER_PPR4_SOURCE_ELIGIBILITY,false,NONE,3,PROPOSED_NOT_AUTHORIZED,PPR4_DATA_GATE_THEN_PPR5_CODE_GATE_THEN_PPR6_EXACT_SNAPSHOT_PASS
C005_TIMESTAMPED_SENTIMENT_FUSION_1S,C005,P02,NONE,Boosting classifier,BOOSTING_CLASSIFIER,PROJECT-ADAPTATION,classification,COMMON_DIRECTION_3CLASS,COMMON_DIRECTION_3CLASS,TIMESTAMPED_SENTIMENT_FUSION,1,after the published official close for session t,close_t,direction_label = UP if close[t+h]/close[t]-1 > 1e-8; DOWN if < -1e-8; otherwise FLAT,close[t+h],probability_vector_DOWN_FLAT_UP,multiclass_brier_loss,expanding training-only class frequencies with Laplace alpha=1 as-of each decision,TO_BE_FROZEN_AFTER_PPR4_SOURCE_ELIGIBILITY,false,NONE,3,PROPOSED_NOT_AUTHORIZED,PPR4_DATA_GATE_THEN_PPR5_CODE_GATE_THEN_PPR6_EXACT_SNAPSHOT_PASS
C005_CORE_OHLCV_TECH_2S,C005,P02,NONE,Boosting classifier,BOOSTING_CLASSIFIER,PROJECT-ADAPTATION,classification,COMMON_DIRECTION_3CLASS,COMMON_DIRECTION_3CLASS,CORE_OHLCV_TECH,2,after the published official close for session t,close_t,direction_label = UP if close[t+h]/close[t]-1 > 1e-8; DOWN if < -1e-8; otherwise FLAT,close[t+h],probability_vector_DOWN_FLAT_UP,multiclass_brier_loss,expanding training-only class frequencies with Laplace alpha=1 as-of each decision,TO_BE_FROZEN_AFTER_PPR4_SOURCE_ELIGIBILITY,false,NONE,3,PROPOSED_NOT_AUTHORIZED,PPR4_DATA_GATE_THEN_PPR5_CODE_GATE_THEN_PPR6_EXACT_SNAPSHOT_PASS
C005_EXTERNAL_MARKET_2S,C005,P02,NONE,Boosting classifier,BOOSTING_CLASSIFIER,PROJECT-ADAPTATION,classification,COMMON_DIRECTION_3CLASS,COMMON_DIRECTION_3CLASS,EXTERNAL_MARKET,2,after the published official close for session t,close_t,direction_label = UP if close[t+h]/close[t]-1 > 1e-8; DOWN if < -1e-8; otherwise FLAT,close[t+h],probability_vector_DOWN_FLAT_UP,multiclass_brier_loss,expanding training-only class frequencies with Laplace alpha=1 as-of each decision,TO_BE_FROZEN_AFTER_PPR4_SOURCE_ELIGIBILITY,false,NONE,3,PROPOSED_NOT_AUTHORIZED,PPR4_DATA_GATE_THEN_PPR5_CODE_GATE_THEN_PPR6_EXACT_SNAPSHOT_PASS
C005_FLOWS_OPTIONS_2S,C005,P02,NONE,Boosting classifier,BOOSTING_CLASSIFIER,PROJECT-ADAPTATION,classification,COMMON_DIRECTION_3CLASS,COMMON_DIRECTION_3CLASS,FLOWS_OPTIONS,2,after the published official close for session t,close_t,direction_label = UP if close[t+h]/close[t]-1 > 1e-8; DOWN if < -1e-8; otherwise FLAT,close[t+h],probability_vector_DOWN_FLAT_UP,multiclass_brier_loss,expanding training-only class frequencies with Laplace alpha=1 as-of each decision,TO_BE_FROZEN_AFTER_PPR4_SOURCE_ELIGIBILITY,false,NONE,3,PROPOSED_NOT_AUTHORIZED,PPR4_DATA_GATE_THEN_PPR5_CODE_GATE_THEN_PPR6_EXACT_SNAPSHOT_PASS
C005_TIMESTAMPED_SENTIMENT_FUSION_2S,C005,P02,NONE,Boosting classifier,BOOSTING_CLASSIFIER,PROJECT-ADAPTATION,classification,COMMON_DIRECTION_3CLASS,COMMON_DIRECTION_3CLASS,TIMESTAMPED_SENTIMENT_FUSION,2,after the published official close for session t,close_t,direction_label = UP if close[t+h]/close[t]-1 > 1e-8; DOWN if < -1e-8; otherwise FLAT,close[t+h],probability_vector_DOWN_FLAT_UP,multiclass_brier_loss,expanding training-only class frequencies with Laplace alpha=1 as-of each decision,TO_BE_FROZEN_AFTER_PPR4_SOURCE_ELIGIBILITY,false,NONE,3,PROPOSED_NOT_AUTHORIZED,PPR4_DATA_GATE_THEN_PPR5_CODE_GATE_THEN_PPR6_EXACT_SNAPSHOT_PASS
C005_CORE_OHLCV_TECH_3S,C005,P02,NONE,Boosting classifier,BOOSTING_CLASSIFIER,PROJECT-ADAPTATION,classification,COMMON_DIRECTION_3CLASS,COMMON_DIRECTION_3CLASS,CORE_OHLCV_TECH,3,after the published official close for session t,close_t,direction_label = UP if close[t+h]/close[t]-1 > 1e-8; DOWN if < -1e-8; otherwise FLAT,close[t+h],probability_vector_DOWN_FLAT_UP,multiclass_brier_loss,expanding training-only class frequencies with Laplace alpha=1 as-of each decision,TO_BE_FROZEN_AFTER_PPR4_SOURCE_ELIGIBILITY,false,NONE,3,PROPOSED_NOT_AUTHORIZED,PPR4_DATA_GATE_THEN_PPR5_CODE_GATE_THEN_PPR6_EXACT_SNAPSHOT_PASS
C005_EXTERNAL_MARKET_3S,C005,P02,NONE,Boosting classifier,BOOSTING_CLASSIFIER,PROJECT-ADAPTATION,classification,COMMON_DIRECTION_3CLASS,COMMON_DIRECTION_3CLASS,EXTERNAL_MARKET,3,after the published official close for session t,close_t,direction_label = UP if close[t+h]/close[t]-1 > 1e-8; DOWN if < -1e-8; otherwise FLAT,close[t+h],probability_vector_DOWN_FLAT_UP,multiclass_brier_loss,expanding training-only class frequencies with Laplace alpha=1 as-of each decision,TO_BE_FROZEN_AFTER_PPR4_SOURCE_ELIGIBILITY,false,NONE,3,PROPOSED_NOT_AUTHORIZED,PPR4_DATA_GATE_THEN_PPR5_CODE_GATE_THEN_PPR6_EXACT_SNAPSHOT_PASS
C005_FLOWS_OPTIONS_3S,C005,P02,NONE,Boosting classifier,BOOSTING_CLASSIFIER,PROJECT-ADAPTATION,classification,COMMON_DIRECTION_3CLASS,COMMON_DIRECTION_3CLASS,FLOWS_OPTIONS,3,after the published official close for session t,close_t,direction_label = UP if close[t+h]/close[t]-1 > 1e-8; DOWN if < -1e-8; otherwise FLAT,close[t+h],probability_vector_DOWN_FLAT_UP,multiclass_brier_loss,expanding training-only class frequencies with Laplace alpha=1 as-of each decision,TO_BE_FROZEN_AFTER_PPR4_SOURCE_ELIGIBILITY,false,NONE,3,PROPOSED_NOT_AUTHORIZED,PPR4_DATA_GATE_THEN_PPR5_CODE_GATE_THEN_PPR6_EXACT_SNAPSHOT_PASS
C005_TIMESTAMPED_SENTIMENT_FUSION_3S,C005,P02,NONE,Boosting classifier,BOOSTING_CLASSIFIER,PROJECT-ADAPTATION,classification,COMMON_DIRECTION_3CLASS,COMMON_DIRECTION_3CLASS,TIMESTAMPED_SENTIMENT_FUSION,3,after the published official close for session t,close_t,direction_label = UP if close[t+h]/close[t]-1 > 1e-8; DOWN if < -1e-8; otherwise FLAT,close[t+h],probability_vector_DOWN_FLAT_UP,multiclass_brier_loss,expanding training-only class frequencies with Laplace alpha=1 as-of each decision,TO_BE_FROZEN_AFTER_PPR4_SOURCE_ELIGIBILITY,false,NONE,3,PROPOSED_NOT_AUTHORIZED,PPR4_DATA_GATE_THEN_PPR5_CODE_GATE_THEN_PPR6_EXACT_SNAPSHOT_PASS
C005_CORE_OHLCV_TECH_5S,C005,P02,NONE,Boosting classifier,BOOSTING_CLASSIFIER,PROJECT-ADAPTATION,classification,COMMON_DIRECTION_3CLASS,COMMON_DIRECTION_3CLASS,CORE_OHLCV_TECH,5,after the published official close for session t,close_t,direction_label = UP if close[t+h]/close[t]-1 > 1e-8; DOWN if < -1e-8; otherwise FLAT,close[t+h],probability_vector_DOWN_FLAT_UP,multiclass_brier_loss,expanding training-only class frequencies with Laplace alpha=1 as-of each decision,TO_BE_FROZEN_AFTER_PPR4_SOURCE_ELIGIBILITY,false,NONE,3,PROPOSED_NOT_AUTHORIZED,PPR4_DATA_GATE_THEN_PPR5_CODE_GATE_THEN_PPR6_EXACT_SNAPSHOT_PASS
C005_EXTERNAL_MARKET_5S,C005,P02,NONE,Boosting classifier,BOOSTING_CLASSIFIER,PROJECT-ADAPTATION,classification,COMMON_DIRECTION_3CLASS,COMMON_DIRECTION_3CLASS,EXTERNAL_MARKET,5,after the published official close for session t,close_t,direction_label = UP if close[t+h]/close[t]-1 > 1e-8; DOWN if < -1e-8; otherwise FLAT,close[t+h],probability_vector_DOWN_FLAT_UP,multiclass_brier_loss,expanding training-only class frequencies with Laplace alpha=1 as-of each decision,TO_BE_FROZEN_AFTER_PPR4_SOURCE_ELIGIBILITY,false,NONE,3,PROPOSED_NOT_AUTHORIZED,PPR4_DATA_GATE_THEN_PPR5_CODE_GATE_THEN_PPR6_EXACT_SNAPSHOT_PASS
C005_FLOWS_OPTIONS_5S,C005,P02,NONE,Boosting classifier,BOOSTING_CLASSIFIER,PROJECT-ADAPTATION,classification,COMMON_DIRECTION_3CLASS,COMMON_DIRECTION_3CLASS,FLOWS_OPTIONS,5,after the published official close for session t,close_t,direction_label = UP if close[t+h]/close[t]-1 > 1e-8; DOWN if < -1e-8; otherwise FLAT,close[t+h],probability_vector_DOWN_FLAT_UP,multiclass_brier_loss,expanding training-only class frequencies with Laplace alpha=1 as-of each decision,TO_BE_FROZEN_AFTER_PPR4_SOURCE_ELIGIBILITY,false,NONE,3,PROPOSED_NOT_AUTHORIZED,PPR4_DATA_GATE_THEN_PPR5_CODE_GATE_THEN_PPR6_EXACT_SNAPSHOT_PASS
C005_TIMESTAMPED_SENTIMENT_FUSION_5S,C005,P02,NONE,Boosting classifier,BOOSTING_CLASSIFIER,PROJECT-ADAPTATION,classification,COMMON_DIRECTION_3CLASS,COMMON_DIRECTION_3CLASS,TIMESTAMPED_SENTIMENT_FUSION,5,after the published official close for session t,close_t,direction_label = UP if close[t+h]/close[t]-1 > 1e-8; DOWN if < -1e-8; otherwise FLAT,close[t+h],probability_vector_DOWN_FLAT_UP,multiclass_brier_loss,expanding training-only class frequencies with Laplace alpha=1 as-of each decision,TO_BE_FROZEN_AFTER_PPR4_SOURCE_ELIGIBILITY,false,NONE,3,PROPOSED_NOT_AUTHORIZED,PPR4_DATA_GATE_THEN_PPR5_CODE_GATE_THEN_PPR6_EXACT_SNAPSHOT_PASS
C005_CORE_OHLCV_TECH_10S,C005,P02,NONE,Boosting classifier,BOOSTING_CLASSIFIER,PROJECT-ADAPTATION,classification,COMMON_DIRECTION_3CLASS,COMMON_DIRECTION_3CLASS,CORE_OHLCV_TECH,10,after the published official close for session t,close_t,direction_label = UP if close[t+h]/close[t]-1 > 1e-8; DOWN if < -1e-8; otherwise FLAT,close[t+h],probability_vector_DOWN_FLAT_UP,multiclass_brier_loss,expanding training-only class frequencies with Laplace alpha=1 as-of each decision,TO_BE_FROZEN_AFTER_PPR4_SOURCE_ELIGIBILITY,false,NONE,3,PROPOSED_NOT_AUTHORIZED,PPR4_DATA_GATE_THEN_PPR5_CODE_GATE_THEN_PPR6_EXACT_SNAPSHOT_PASS
C005_EXTERNAL_MARKET_10S,C005,P02,NONE,Boosting classifier,BOOSTING_CLASSIFIER,PROJECT-ADAPTATION,classification,COMMON_DIRECTION_3CLASS,COMMON_DIRECTION_3CLASS,EXTERNAL_MARKET,10,after the published official close for session t,close_t,direction_label = UP if close[t+h]/close[t]-1 > 1e-8; DOWN if < -1e-8; otherwise FLAT,close[t+h],probability_vector_DOWN_FLAT_UP,multiclass_brier_loss,expanding training-only class frequencies with Laplace alpha=1 as-of each decision,TO_BE_FROZEN_AFTER_PPR4_SOURCE_ELIGIBILITY,false,NONE,3,PROPOSED_NOT_AUTHORIZED,PPR4_DATA_GATE_THEN_PPR5_CODE_GATE_THEN_PPR6_EXACT_SNAPSHOT_PASS
C005_FLOWS_OPTIONS_10S,C005,P02,NONE,Boosting classifier,BOOSTING_CLASSIFIER,PROJECT-ADAPTATION,classification,COMMON_DIRECTION_3CLASS,COMMON_DIRECTION_3CLASS,FLOWS_OPTIONS,10,after the published official close for session t,close_t,direction_label = UP if close[t+h]/close[t]-1 > 1e-8; DOWN if < -1e-8; otherwise FLAT,close[t+h],probability_vector_DOWN_FLAT_UP,multiclass_brier_loss,expanding training-only class frequencies with Laplace alpha=1 as-of each decision,TO_BE_FROZEN_AFTER_PPR4_SOURCE_ELIGIBILITY,false,NONE,3,PROPOSED_NOT_AUTHORIZED,PPR4_DATA_GATE_THEN_PPR5_CODE_GATE_THEN_PPR6_EXACT_SNAPSHOT_PASS
C005_TIMESTAMPED_SENTIMENT_FUSION_10S,C005,P02,NONE,Boosting classifier,BOOSTING_CLASSIFIER,PROJECT-ADAPTATION,classification,COMMON_DIRECTION_3CLASS,COMMON_DIRECTION_3CLASS,TIMESTAMPED_SENTIMENT_FUSION,10,after the published official close for session t,close_t,direction_label = UP if close[t+h]/close[t]-1 > 1e-8; DOWN if < -1e-8; otherwise FLAT,close[t+h],probability_vector_DOWN_FLAT_UP,multiclass_brier_loss,expanding training-only class frequencies with Laplace alpha=1 as-of each decision,TO_BE_FROZEN_AFTER_PPR4_SOURCE_ELIGIBILITY,false,NONE,3,PROPOSED_NOT_AUTHORIZED,PPR4_DATA_GATE_THEN_PPR5_CODE_GATE_THEN_PPR6_EXACT_SNAPSHOT_PASS
C006_CORE_OHLCV_TECH_1S,C006,P02,NONE,Random Forest classifier,RANDOM_FOREST_CLASSIFIER,PROJECT-ADAPTATION,classification,COMMON_DIRECTION_3CLASS,COMMON_DIRECTION_3CLASS,CORE_OHLCV_TECH,1,after the published official close for session t,close_t,direction_label = UP if close[t+h]/close[t]-1 > 1e-8; DOWN if < -1e-8; otherwise FLAT,close[t+h],probability_vector_DOWN_FLAT_UP,multiclass_brier_loss,expanding training-only class frequencies with Laplace alpha=1 as-of each decision,TO_BE_FROZEN_AFTER_PPR4_SOURCE_ELIGIBILITY,false,NONE,3,PROPOSED_NOT_AUTHORIZED,PPR4_DATA_GATE_THEN_PPR5_CODE_GATE_THEN_PPR6_EXACT_SNAPSHOT_PASS
C006_EXTERNAL_MARKET_1S,C006,P02,NONE,Random Forest classifier,RANDOM_FOREST_CLASSIFIER,PROJECT-ADAPTATION,classification,COMMON_DIRECTION_3CLASS,COMMON_DIRECTION_3CLASS,EXTERNAL_MARKET,1,after the published official close for session t,close_t,direction_label = UP if close[t+h]/close[t]-1 > 1e-8; DOWN if < -1e-8; otherwise FLAT,close[t+h],probability_vector_DOWN_FLAT_UP,multiclass_brier_loss,expanding training-only class frequencies with Laplace alpha=1 as-of each decision,TO_BE_FROZEN_AFTER_PPR4_SOURCE_ELIGIBILITY,false,NONE,3,PROPOSED_NOT_AUTHORIZED,PPR4_DATA_GATE_THEN_PPR5_CODE_GATE_THEN_PPR6_EXACT_SNAPSHOT_PASS
C006_FLOWS_OPTIONS_1S,C006,P02,NONE,Random Forest classifier,RANDOM_FOREST_CLASSIFIER,PROJECT-ADAPTATION,classification,COMMON_DIRECTION_3CLASS,COMMON_DIRECTION_3CLASS,FLOWS_OPTIONS,1,after the published official close for session t,close_t,direction_label = UP if close[t+h]/close[t]-1 > 1e-8; DOWN if < -1e-8; otherwise FLAT,close[t+h],probability_vector_DOWN_FLAT_UP,multiclass_brier_loss,expanding training-only class frequencies with Laplace alpha=1 as-of each decision,TO_BE_FROZEN_AFTER_PPR4_SOURCE_ELIGIBILITY,false,NONE,3,PROPOSED_NOT_AUTHORIZED,PPR4_DATA_GATE_THEN_PPR5_CODE_GATE_THEN_PPR6_EXACT_SNAPSHOT_PASS
C006_TIMESTAMPED_SENTIMENT_FUSION_1S,C006,P02,NONE,Random Forest classifier,RANDOM_FOREST_CLASSIFIER,PROJECT-ADAPTATION,classification,COMMON_DIRECTION_3CLASS,COMMON_DIRECTION_3CLASS,TIMESTAMPED_SENTIMENT_FUSION,1,after the published official close for session t,close_t,direction_label = UP if close[t+h]/close[t]-1 > 1e-8; DOWN if < -1e-8; otherwise FLAT,close[t+h],probability_vector_DOWN_FLAT_UP,multiclass_brier_loss,expanding training-only class frequencies with Laplace alpha=1 as-of each decision,TO_BE_FROZEN_AFTER_PPR4_SOURCE_ELIGIBILITY,false,NONE,3,PROPOSED_NOT_AUTHORIZED,PPR4_DATA_GATE_THEN_PPR5_CODE_GATE_THEN_PPR6_EXACT_SNAPSHOT_PASS
C006_CORE_OHLCV_TECH_2S,C006,P02,NONE,Random Forest classifier,RANDOM_FOREST_CLASSIFIER,PROJECT-ADAPTATION,classification,COMMON_DIRECTION_3CLASS,COMMON_DIRECTION_3CLASS,CORE_OHLCV_TECH,2,after the published official close for session t,close_t,direction_label = UP if close[t+h]/close[t]-1 > 1e-8; DOWN if < -1e-8; otherwise FLAT,close[t+h],probability_vector_DOWN_FLAT_UP,multiclass_brier_loss,expanding training-only class frequencies with Laplace alpha=1 as-of each decision,TO_BE_FROZEN_AFTER_PPR4_SOURCE_ELIGIBILITY,false,NONE,3,PROPOSED_NOT_AUTHORIZED,PPR4_DATA_GATE_THEN_PPR5_CODE_GATE_THEN_PPR6_EXACT_SNAPSHOT_PASS
C006_EXTERNAL_MARKET_2S,C006,P02,NONE,Random Forest classifier,RANDOM_FOREST_CLASSIFIER,PROJECT-ADAPTATION,classification,COMMON_DIRECTION_3CLASS,COMMON_DIRECTION_3CLASS,EXTERNAL_MARKET,2,after the published official close for session t,close_t,direction_label = UP if close[t+h]/close[t]-1 > 1e-8; DOWN if < -1e-8; otherwise FLAT,close[t+h],probability_vector_DOWN_FLAT_UP,multiclass_brier_loss,expanding training-only class frequencies with Laplace alpha=1 as-of each decision,TO_BE_FROZEN_AFTER_PPR4_SOURCE_ELIGIBILITY,false,NONE,3,PROPOSED_NOT_AUTHORIZED,PPR4_DATA_GATE_THEN_PPR5_CODE_GATE_THEN_PPR6_EXACT_SNAPSHOT_PASS
C006_FLOWS_OPTIONS_2S,C006,P02,NONE,Random Forest classifier,RANDOM_FOREST_CLASSIFIER,PROJECT-ADAPTATION,classification,COMMON_DIRECTION_3CLASS,COMMON_DIRECTION_3CLASS,FLOWS_OPTIONS,2,after the published official close for session t,close_t,direction_label = UP if close[t+h]/close[t]-1 > 1e-8; DOWN if < -1e-8; otherwise FLAT,close[t+h],probability_vector_DOWN_FLAT_UP,multiclass_brier_loss,expanding training-only class frequencies with Laplace alpha=1 as-of each decision,TO_BE_FROZEN_AFTER_PPR4_SOURCE_ELIGIBILITY,false,NONE,3,PROPOSED_NOT_AUTHORIZED,PPR4_DATA_GATE_THEN_PPR5_CODE_GATE_THEN_PPR6_EXACT_SNAPSHOT_PASS
C006_TIMESTAMPED_SENTIMENT_FUSION_2S,C006,P02,NONE,Random Forest classifier,RANDOM_FOREST_CLASSIFIER,PROJECT-ADAPTATION,classification,COMMON_DIRECTION_3CLASS,COMMON_DIRECTION_3CLASS,TIMESTAMPED_SENTIMENT_FUSION,2,after the published official close for session t,close_t,direction_label = UP if close[t+h]/close[t]-1 > 1e-8; DOWN if < -1e-8; otherwise FLAT,close[t+h],probability_vector_DOWN_FLAT_UP,multiclass_brier_loss,expanding training-only class frequencies with Laplace alpha=1 as-of each decision,TO_BE_FROZEN_AFTER_PPR4_SOURCE_ELIGIBILITY,false,NONE,3,PROPOSED_NOT_AUTHORIZED,PPR4_DATA_GATE_THEN_PPR5_CODE_GATE_THEN_PPR6_EXACT_SNAPSHOT_PASS
C006_CORE_OHLCV_TECH_3S,C006,P02,NONE,Random Forest classifier,RANDOM_FOREST_CLASSIFIER,PROJECT-ADAPTATION,classification,COMMON_DIRECTION_3CLASS,COMMON_DIRECTION_3CLASS,CORE_OHLCV_TECH,3,after the published official close for session t,close_t,direction_label = UP if close[t+h]/close[t]-1 > 1e-8; DOWN if < -1e-8; otherwise FLAT,close[t+h],probability_vector_DOWN_FLAT_UP,multiclass_brier_loss,expanding training-only class frequencies with Laplace alpha=1 as-of each decision,TO_BE_FROZEN_AFTER_PPR4_SOURCE_ELIGIBILITY,false,NONE,3,PROPOSED_NOT_AUTHORIZED,PPR4_DATA_GATE_THEN_PPR5_CODE_GATE_THEN_PPR6_EXACT_SNAPSHOT_PASS
C006_EXTERNAL_MARKET_3S,C006,P02,NONE,Random Forest classifier,RANDOM_FOREST_CLASSIFIER,PROJECT-ADAPTATION,classification,COMMON_DIRECTION_3CLASS,COMMON_DIRECTION_3CLASS,EXTERNAL_MARKET,3,after the published official close for session t,close_t,direction_label = UP if close[t+h]/close[t]-1 > 1e-8; DOWN if < -1e-8; otherwise FLAT,close[t+h],probability_vector_DOWN_FLAT_UP,multiclass_brier_loss,expanding training-only class frequencies with Laplace alpha=1 as-of each decision,TO_BE_FROZEN_AFTER_PPR4_SOURCE_ELIGIBILITY,false,NONE,3,PROPOSED_NOT_AUTHORIZED,PPR4_DATA_GATE_THEN_PPR5_CODE_GATE_THEN_PPR6_EXACT_SNAPSHOT_PASS
C006_FLOWS_OPTIONS_3S,C006,P02,NONE,Random Forest classifier,RANDOM_FOREST_CLASSIFIER,PROJECT-ADAPTATION,classification,COMMON_DIRECTION_3CLASS,COMMON_DIRECTION_3CLASS,FLOWS_OPTIONS,3,after the published official close for session t,close_t,direction_label = UP if close[t+h]/close[t]-1 > 1e-8; DOWN if < -1e-8; otherwise FLAT,close[t+h],probability_vector_DOWN_FLAT_UP,multiclass_brier_loss,expanding training-only class frequencies with Laplace alpha=1 as-of each decision,TO_BE_FROZEN_AFTER_PPR4_SOURCE_ELIGIBILITY,false,NONE,3,PROPOSED_NOT_AUTHORIZED,PPR4_DATA_GATE_THEN_PPR5_CODE_GATE_THEN_PPR6_EXACT_SNAPSHOT_PASS
C006_TIMESTAMPED_SENTIMENT_FUSION_3S,C006,P02,NONE,Random Forest classifier,RANDOM_FOREST_CLASSIFIER,PROJECT-ADAPTATION,classification,COMMON_DIRECTION_3CLASS,COMMON_DIRECTION_3CLASS,TIMESTAMPED_SENTIMENT_FUSION,3,after the published official close for session t,close_t,direction_label = UP if close[t+h]/close[t]-1 > 1e-8; DOWN if < -1e-8; otherwise FLAT,close[t+h],probability_vector_DOWN_FLAT_UP,multiclass_brier_loss,expanding training-only class frequencies with Laplace alpha=1 as-of each decision,TO_BE_FROZEN_AFTER_PPR4_SOURCE_ELIGIBILITY,false,NONE,3,PROPOSED_NOT_AUTHORIZED,PPR4_DATA_GATE_THEN_PPR5_CODE_GATE_THEN_PPR6_EXACT_SNAPSHOT_PASS
C006_CORE_OHLCV_TECH_5S,C006,P02,NONE,Random Forest classifier,RANDOM_FOREST_CLASSIFIER,PROJECT-ADAPTATION,classification,COMMON_DIRECTION_3CLASS,COMMON_DIRECTION_3CLASS,CORE_OHLCV_TECH,5,after the published official close for session t,close_t,direction_label = UP if close[t+h]/close[t]-1 > 1e-8; DOWN if < -1e-8; otherwise FLAT,close[t+h],probability_vector_DOWN_FLAT_UP,multiclass_brier_loss,expanding training-only class frequencies with Laplace alpha=1 as-of each decision,TO_BE_FROZEN_AFTER_PPR4_SOURCE_ELIGIBILITY,false,NONE,3,PROPOSED_NOT_AUTHORIZED,PPR4_DATA_GATE_THEN_PPR5_CODE_GATE_THEN_PPR6_EXACT_SNAPSHOT_PASS
C006_EXTERNAL_MARKET_5S,C006,P02,NONE,Random Forest classifier,RANDOM_FOREST_CLASSIFIER,PROJECT-ADAPTATION,classification,COMMON_DIRECTION_3CLASS,COMMON_DIRECTION_3CLASS,EXTERNAL_MARKET,5,after the published official close for session t,close_t,direction_label = UP if close[t+h]/close[t]-1 > 1e-8; DOWN if < -1e-8; otherwise FLAT,close[t+h],probability_vector_DOWN_FLAT_UP,multiclass_brier_loss,expanding training-only class frequencies with Laplace alpha=1 as-of each decision,TO_BE_FROZEN_AFTER_PPR4_SOURCE_ELIGIBILITY,false,NONE,3,PROPOSED_NOT_AUTHORIZED,PPR4_DATA_GATE_THEN_PPR5_CODE_GATE_THEN_PPR6_EXACT_SNAPSHOT_PASS
C006_FLOWS_OPTIONS_5S,C006,P02,NONE,Random Forest classifier,RANDOM_FOREST_CLASSIFIER,PROJECT-ADAPTATION,classification,COMMON_DIRECTION_3CLASS,COMMON_DIRECTION_3CLASS,FLOWS_OPTIONS,5,after the published official close for session t,close_t,direction_label = UP if close[t+h]/close[t]-1 > 1e-8; DOWN if < -1e-8; otherwise FLAT,close[t+h],probability_vector_DOWN_FLAT_UP,multiclass_brier_loss,expanding training-only class frequencies with Laplace alpha=1 as-of each decision,TO_BE_FROZEN_AFTER_PPR4_SOURCE_ELIGIBILITY,false,NONE,3,PROPOSED_NOT_AUTHORIZED,PPR4_DATA_GATE_THEN_PPR5_CODE_GATE_THEN_PPR6_EXACT_SNAPSHOT_PASS
C006_TIMESTAMPED_SENTIMENT_FUSION_5S,C006,P02,NONE,Random Forest classifier,RANDOM_FOREST_CLASSIFIER,PROJECT-ADAPTATION,classification,COMMON_DIRECTION_3CLASS,COMMON_DIRECTION_3CLASS,TIMESTAMPED_SENTIMENT_FUSION,5,after the published official close for session t,close_t,direction_label = UP if close[t+h]/close[t]-1 > 1e-8; DOWN if < -1e-8; otherwise FLAT,close[t+h],probability_vector_DOWN_FLAT_UP,multiclass_brier_loss,expanding training-only class frequencies with Laplace alpha=1 as-of each decision,TO_BE_FROZEN_AFTER_PPR4_SOURCE_ELIGIBILITY,false,NONE,3,PROPOSED_NOT_AUTHORIZED,PPR4_DATA_GATE_THEN_PPR5_CODE_GATE_THEN_PPR6_EXACT_SNAPSHOT_PASS
C006_CORE_OHLCV_TECH_10S,C006,P02,NONE,Random Forest classifier,RANDOM_FOREST_CLASSIFIER,PROJECT-ADAPTATION,classification,COMMON_DIRECTION_3CLASS,COMMON_DIRECTION_3CLASS,CORE_OHLCV_TECH,10,after the published official close for session t,close_t,direction_label = UP if close[t+h]/close[t]-1 > 1e-8; DOWN if < -1e-8; otherwise FLAT,close[t+h],probability_vector_DOWN_FLAT_UP,multiclass_brier_loss,expanding training-only class frequencies with Laplace alpha=1 as-of each decision,TO_BE_FROZEN_AFTER_PPR4_SOURCE_ELIGIBILITY,false,NONE,3,PROPOSED_NOT_AUTHORIZED,PPR4_DATA_GATE_THEN_PPR5_CODE_GATE_THEN_PPR6_EXACT_SNAPSHOT_PASS
C006_EXTERNAL_MARKET_10S,C006,P02,NONE,Random Forest classifier,RANDOM_FOREST_CLASSIFIER,PROJECT-ADAPTATION,classification,COMMON_DIRECTION_3CLASS,COMMON_DIRECTION_3CLASS,EXTERNAL_MARKET,10,after the published official close for session t,close_t,direction_label = UP if close[t+h]/close[t]-1 > 1e-8; DOWN if < -1e-8; otherwise FLAT,close[t+h],probability_vector_DOWN_FLAT_UP,multiclass_brier_loss,expanding training-only class frequencies with Laplace alpha=1 as-of each decision,TO_BE_FROZEN_AFTER_PPR4_SOURCE_ELIGIBILITY,false,NONE,3,PROPOSED_NOT_AUTHORIZED,PPR4_DATA_GATE_THEN_PPR5_CODE_GATE_THEN_PPR6_EXACT_SNAPSHOT_PASS
C006_FLOWS_OPTIONS_10S,C006,P02,NONE,Random Forest classifier,RANDOM_FOREST_CLASSIFIER,PROJECT-ADAPTATION,classification,COMMON_DIRECTION_3CLASS,COMMON_DIRECTION_3CLASS,FLOWS_OPTIONS,10,after the published official close for session t,close_t,direction_label = UP if close[t+h]/close[t]-1 > 1e-8; DOWN if < -1e-8; otherwise FLAT,close[t+h],probability_vector_DOWN_FLAT_UP,multiclass_brier_loss,expanding training-only class frequencies with Laplace alpha=1 as-of each decision,TO_BE_FROZEN_AFTER_PPR4_SOURCE_ELIGIBILITY,false,NONE,3,PROPOSED_NOT_AUTHORIZED,PPR4_DATA_GATE_THEN_PPR5_CODE_GATE_THEN_PPR6_EXACT_SNAPSHOT_PASS
C006_TIMESTAMPED_SENTIMENT_FUSION_10S,C006,P02,NONE,Random Forest classifier,RANDOM_FOREST_CLASSIFIER,PROJECT-ADAPTATION,classification,COMMON_DIRECTION_3CLASS,COMMON_DIRECTION_3CLASS,TIMESTAMPED_SENTIMENT_FUSION,10,after the published official close for session t,close_t,direction_label = UP if close[t+h]/close[t]-1 > 1e-8; DOWN if < -1e-8; otherwise FLAT,close[t+h],probability_vector_DOWN_FLAT_UP,multiclass_brier_loss,expanding training-only class frequencies with Laplace alpha=1 as-of each decision,TO_BE_FROZEN_AFTER_PPR4_SOURCE_ELIGIBILITY,false,NONE,3,PROPOSED_NOT_AUTHORIZED,PPR4_DATA_GATE_THEN_PPR5_CODE_GATE_THEN_PPR6_EXACT_SNAPSHOT_PASS
C007_CORE_OHLCV_TECH_1S,C007,P02,NONE,ANN classifier,MLP_CLASSIFIER,PROJECT-ADAPTATION,classification,COMMON_DIRECTION_3CLASS,COMMON_DIRECTION_3CLASS,CORE_OHLCV_TECH,1,after the published official close for session t,close_t,direction_label = UP if close[t+h]/close[t]-1 > 1e-8; DOWN if < -1e-8; otherwise FLAT,close[t+h],probability_vector_DOWN_FLAT_UP,multiclass_brier_loss,expanding training-only class frequencies with Laplace alpha=1 as-of each decision,TO_BE_FROZEN_AFTER_PPR4_SOURCE_ELIGIBILITY,false,NONE,3,PROPOSED_NOT_AUTHORIZED,PPR4_DATA_GATE_THEN_PPR5_CODE_GATE_THEN_PPR6_EXACT_SNAPSHOT_PASS
C007_EXTERNAL_MARKET_1S,C007,P02,NONE,ANN classifier,MLP_CLASSIFIER,PROJECT-ADAPTATION,classification,COMMON_DIRECTION_3CLASS,COMMON_DIRECTION_3CLASS,EXTERNAL_MARKET,1,after the published official close for session t,close_t,direction_label = UP if close[t+h]/close[t]-1 > 1e-8; DOWN if < -1e-8; otherwise FLAT,close[t+h],probability_vector_DOWN_FLAT_UP,multiclass_brier_loss,expanding training-only class frequencies with Laplace alpha=1 as-of each decision,TO_BE_FROZEN_AFTER_PPR4_SOURCE_ELIGIBILITY,false,NONE,3,PROPOSED_NOT_AUTHORIZED,PPR4_DATA_GATE_THEN_PPR5_CODE_GATE_THEN_PPR6_EXACT_SNAPSHOT_PASS
C007_FLOWS_OPTIONS_1S,C007,P02,NONE,ANN classifier,MLP_CLASSIFIER,PROJECT-ADAPTATION,classification,COMMON_DIRECTION_3CLASS,COMMON_DIRECTION_3CLASS,FLOWS_OPTIONS,1,after the published official close for session t,close_t,direction_label = UP if close[t+h]/close[t]-1 > 1e-8; DOWN if < -1e-8; otherwise FLAT,close[t+h],probability_vector_DOWN_FLAT_UP,multiclass_brier_loss,expanding training-only class frequencies with Laplace alpha=1 as-of each decision,TO_BE_FROZEN_AFTER_PPR4_SOURCE_ELIGIBILITY,false,NONE,3,PROPOSED_NOT_AUTHORIZED,PPR4_DATA_GATE_THEN_PPR5_CODE_GATE_THEN_PPR6_EXACT_SNAPSHOT_PASS
C007_TIMESTAMPED_SENTIMENT_FUSION_1S,C007,P02,NONE,ANN classifier,MLP_CLASSIFIER,PROJECT-ADAPTATION,classification,COMMON_DIRECTION_3CLASS,COMMON_DIRECTION_3CLASS,TIMESTAMPED_SENTIMENT_FUSION,1,after the published official close for session t,close_t,direction_label = UP if close[t+h]/close[t]-1 > 1e-8; DOWN if < -1e-8; otherwise FLAT,close[t+h],probability_vector_DOWN_FLAT_UP,multiclass_brier_loss,expanding training-only class frequencies with Laplace alpha=1 as-of each decision,TO_BE_FROZEN_AFTER_PPR4_SOURCE_ELIGIBILITY,false,NONE,3,PROPOSED_NOT_AUTHORIZED,PPR4_DATA_GATE_THEN_PPR5_CODE_GATE_THEN_PPR6_EXACT_SNAPSHOT_PASS
C007_CORE_OHLCV_TECH_2S,C007,P02,NONE,ANN classifier,MLP_CLASSIFIER,PROJECT-ADAPTATION,classification,COMMON_DIRECTION_3CLASS,COMMON_DIRECTION_3CLASS,CORE_OHLCV_TECH,2,after the published official close for session t,close_t,direction_label = UP if close[t+h]/close[t]-1 > 1e-8; DOWN if < -1e-8; otherwise FLAT,close[t+h],probability_vector_DOWN_FLAT_UP,multiclass_brier_loss,expanding training-only class frequencies with Laplace alpha=1 as-of each decision,TO_BE_FROZEN_AFTER_PPR4_SOURCE_ELIGIBILITY,false,NONE,3,PROPOSED_NOT_AUTHORIZED,PPR4_DATA_GATE_THEN_PPR5_CODE_GATE_THEN_PPR6_EXACT_SNAPSHOT_PASS
C007_EXTERNAL_MARKET_2S,C007,P02,NONE,ANN classifier,MLP_CLASSIFIER,PROJECT-ADAPTATION,classification,COMMON_DIRECTION_3CLASS,COMMON_DIRECTION_3CLASS,EXTERNAL_MARKET,2,after the published official close for session t,close_t,direction_label = UP if close[t+h]/close[t]-1 > 1e-8; DOWN if < -1e-8; otherwise FLAT,close[t+h],probability_vector_DOWN_FLAT_UP,multiclass_brier_loss,expanding training-only class frequencies with Laplace alpha=1 as-of each decision,TO_BE_FROZEN_AFTER_PPR4_SOURCE_ELIGIBILITY,false,NONE,3,PROPOSED_NOT_AUTHORIZED,PPR4_DATA_GATE_THEN_PPR5_CODE_GATE_THEN_PPR6_EXACT_SNAPSHOT_PASS
C007_FLOWS_OPTIONS_2S,C007,P02,NONE,ANN classifier,MLP_CLASSIFIER,PROJECT-ADAPTATION,classification,COMMON_DIRECTION_3CLASS,COMMON_DIRECTION_3CLASS,FLOWS_OPTIONS,2,after the published official close for session t,close_t,direction_label = UP if close[t+h]/close[t]-1 > 1e-8; DOWN if < -1e-8; otherwise FLAT,close[t+h],probability_vector_DOWN_FLAT_UP,multiclass_brier_loss,expanding training-only class frequencies with Laplace alpha=1 as-of each decision,TO_BE_FROZEN_AFTER_PPR4_SOURCE_ELIGIBILITY,false,NONE,3,PROPOSED_NOT_AUTHORIZED,PPR4_DATA_GATE_THEN_PPR5_CODE_GATE_THEN_PPR6_EXACT_SNAPSHOT_PASS
C007_TIMESTAMPED_SENTIMENT_FUSION_2S,C007,P02,NONE,ANN classifier,MLP_CLASSIFIER,PROJECT-ADAPTATION,classification,COMMON_DIRECTION_3CLASS,COMMON_DIRECTION_3CLASS,TIMESTAMPED_SENTIMENT_FUSION,2,after the published official close for session t,close_t,direction_label = UP if close[t+h]/close[t]-1 > 1e-8; DOWN if < -1e-8; otherwise FLAT,close[t+h],probability_vector_DOWN_FLAT_UP,multiclass_brier_loss,expanding training-only class frequencies with Laplace alpha=1 as-of each decision,TO_BE_FROZEN_AFTER_PPR4_SOURCE_ELIGIBILITY,false,NONE,3,PROPOSED_NOT_AUTHORIZED,PPR4_DATA_GATE_THEN_PPR5_CODE_GATE_THEN_PPR6_EXACT_SNAPSHOT_PASS
C007_CORE_OHLCV_TECH_3S,C007,P02,NONE,ANN classifier,MLP_CLASSIFIER,PROJECT-ADAPTATION,classification,COMMON_DIRECTION_3CLASS,COMMON_DIRECTION_3CLASS,CORE_OHLCV_TECH,3,after the published official close for session t,close_t,direction_label = UP if close[t+h]/close[t]-1 > 1e-8; DOWN if < -1e-8; otherwise FLAT,close[t+h],probability_vector_DOWN_FLAT_UP,multiclass_brier_loss,expanding training-only class frequencies with Laplace alpha=1 as-of each decision,TO_BE_FROZEN_AFTER_PPR4_SOURCE_ELIGIBILITY,false,NONE,3,PROPOSED_NOT_AUTHORIZED,PPR4_DATA_GATE_THEN_PPR5_CODE_GATE_THEN_PPR6_EXACT_SNAPSHOT_PASS
C007_EXTERNAL_MARKET_3S,C007,P02,NONE,ANN classifier,MLP_CLASSIFIER,PROJECT-ADAPTATION,classification,COMMON_DIRECTION_3CLASS,COMMON_DIRECTION_3CLASS,EXTERNAL_MARKET,3,after the published official close for session t,close_t,direction_label = UP if close[t+h]/close[t]-1 > 1e-8; DOWN if < -1e-8; otherwise FLAT,close[t+h],probability_vector_DOWN_FLAT_UP,multiclass_brier_loss,expanding training-only class frequencies with Laplace alpha=1 as-of each decision,TO_BE_FROZEN_AFTER_PPR4_SOURCE_ELIGIBILITY,false,NONE,3,PROPOSED_NOT_AUTHORIZED,PPR4_DATA_GATE_THEN_PPR5_CODE_GATE_THEN_PPR6_EXACT_SNAPSHOT_PASS
C007_FLOWS_OPTIONS_3S,C007,P02,NONE,ANN classifier,MLP_CLASSIFIER,PROJECT-ADAPTATION,classification,COMMON_DIRECTION_3CLASS,COMMON_DIRECTION_3CLASS,FLOWS_OPTIONS,3,after the published official close for session t,close_t,direction_label = UP if close[t+h]/close[t]-1 > 1e-8; DOWN if < -1e-8; otherwise FLAT,close[t+h],probability_vector_DOWN_FLAT_UP,multiclass_brier_loss,expanding training-only class frequencies with Laplace alpha=1 as-of each decision,TO_BE_FROZEN_AFTER_PPR4_SOURCE_ELIGIBILITY,false,NONE,3,PROPOSED_NOT_AUTHORIZED,PPR4_DATA_GATE_THEN_PPR5_CODE_GATE_THEN_PPR6_EXACT_SNAPSHOT_PASS
C007_TIMESTAMPED_SENTIMENT_FUSION_3S,C007,P02,NONE,ANN classifier,MLP_CLASSIFIER,PROJECT-ADAPTATION,classification,COMMON_DIRECTION_3CLASS,COMMON_DIRECTION_3CLASS,TIMESTAMPED_SENTIMENT_FUSION,3,after the published official close for session t,close_t,direction_label = UP if close[t+h]/close[t]-1 > 1e-8; DOWN if < -1e-8; otherwise FLAT,close[t+h],probability_vector_DOWN_FLAT_UP,multiclass_brier_loss,expanding training-only class frequencies with Laplace alpha=1 as-of each decision,TO_BE_FROZEN_AFTER_PPR4_SOURCE_ELIGIBILITY,false,NONE,3,PROPOSED_NOT_AUTHORIZED,PPR4_DATA_GATE_THEN_PPR5_CODE_GATE_THEN_PPR6_EXACT_SNAPSHOT_PASS
C007_CORE_OHLCV_TECH_5S,C007,P02,NONE,ANN classifier,MLP_CLASSIFIER,PROJECT-ADAPTATION,classification,COMMON_DIRECTION_3CLASS,COMMON_DIRECTION_3CLASS,CORE_OHLCV_TECH,5,after the published official close for session t,close_t,direction_label = UP if close[t+h]/close[t]-1 > 1e-8; DOWN if < -1e-8; otherwise FLAT,close[t+h],probability_vector_DOWN_FLAT_UP,multiclass_brier_loss,expanding training-only class frequencies with Laplace alpha=1 as-of each decision,TO_BE_FROZEN_AFTER_PPR4_SOURCE_ELIGIBILITY,false,NONE,3,PROPOSED_NOT_AUTHORIZED,PPR4_DATA_GATE_THEN_PPR5_CODE_GATE_THEN_PPR6_EXACT_SNAPSHOT_PASS
C007_EXTERNAL_MARKET_5S,C007,P02,NONE,ANN classifier,MLP_CLASSIFIER,PROJECT-ADAPTATION,classification,COMMON_DIRECTION_3CLASS,COMMON_DIRECTION_3CLASS,EXTERNAL_MARKET,5,after the published official close for session t,close_t,direction_label = UP if close[t+h]/close[t]-1 > 1e-8; DOWN if < -1e-8; otherwise FLAT,close[t+h],probability_vector_DOWN_FLAT_UP,multiclass_brier_loss,expanding training-only class frequencies with Laplace alpha=1 as-of each decision,TO_BE_FROZEN_AFTER_PPR4_SOURCE_ELIGIBILITY,false,NONE,3,PROPOSED_NOT_AUTHORIZED,PPR4_DATA_GATE_THEN_PPR5_CODE_GATE_THEN_PPR6_EXACT_SNAPSHOT_PASS
C007_FLOWS_OPTIONS_5S,C007,P02,NONE,ANN classifier,MLP_CLASSIFIER,PROJECT-ADAPTATION,classification,COMMON_DIRECTION_3CLASS,COMMON_DIRECTION_3CLASS,FLOWS_OPTIONS,5,after the published official close for session t,close_t,direction_label = UP if close[t+h]/close[t]-1 > 1e-8; DOWN if < -1e-8; otherwise FLAT,close[t+h],probability_vector_DOWN_FLAT_UP,multiclass_brier_loss,expanding training-only class frequencies with Laplace alpha=1 as-of each decision,TO_BE_FROZEN_AFTER_PPR4_SOURCE_ELIGIBILITY,false,NONE,3,PROPOSED_NOT_AUTHORIZED,PPR4_DATA_GATE_THEN_PPR5_CODE_GATE_THEN_PPR6_EXACT_SNAPSHOT_PASS
C007_TIMESTAMPED_SENTIMENT_FUSION_5S,C007,P02,NONE,ANN classifier,MLP_CLASSIFIER,PROJECT-ADAPTATION,classification,COMMON_DIRECTION_3CLASS,COMMON_DIRECTION_3CLASS,TIMESTAMPED_SENTIMENT_FUSION,5,after the published official close for session t,close_t,direction_label = UP if close[t+h]/close[t]-1 > 1e-8; DOWN if < -1e-8; otherwise FLAT,close[t+h],probability_vector_DOWN_FLAT_UP,multiclass_brier_loss,expanding training-only class frequencies with Laplace alpha=1 as-of each decision,TO_BE_FROZEN_AFTER_PPR4_SOURCE_ELIGIBILITY,false,NONE,3,PROPOSED_NOT_AUTHORIZED,PPR4_DATA_GATE_THEN_PPR5_CODE_GATE_THEN_PPR6_EXACT_SNAPSHOT_PASS
C007_CORE_OHLCV_TECH_10S,C007,P02,NONE,ANN classifier,MLP_CLASSIFIER,PROJECT-ADAPTATION,classification,COMMON_DIRECTION_3CLASS,COMMON_DIRECTION_3CLASS,CORE_OHLCV_TECH,10,after the published official close for session t,close_t,direction_label = UP if close[t+h]/close[t]-1 > 1e-8; DOWN if < -1e-8; otherwise FLAT,close[t+h],probability_vector_DOWN_FLAT_UP,multiclass_brier_loss,expanding training-only class frequencies with Laplace alpha=1 as-of each decision,TO_BE_FROZEN_AFTER_PPR4_SOURCE_ELIGIBILITY,false,NONE,3,PROPOSED_NOT_AUTHORIZED,PPR4_DATA_GATE_THEN_PPR5_CODE_GATE_THEN_PPR6_EXACT_SNAPSHOT_PASS
C007_EXTERNAL_MARKET_10S,C007,P02,NONE,ANN classifier,MLP_CLASSIFIER,PROJECT-ADAPTATION,classification,COMMON_DIRECTION_3CLASS,COMMON_DIRECTION_3CLASS,EXTERNAL_MARKET,10,after the published official close for session t,close_t,direction_label = UP if close[t+h]/close[t]-1 > 1e-8; DOWN if < -1e-8; otherwise FLAT,close[t+h],probability_vector_DOWN_FLAT_UP,multiclass_brier_loss,expanding training-only class frequencies with Laplace alpha=1 as-of each decision,TO_BE_FROZEN_AFTER_PPR4_SOURCE_ELIGIBILITY,false,NONE,3,PROPOSED_NOT_AUTHORIZED,PPR4_DATA_GATE_THEN_PPR5_CODE_GATE_THEN_PPR6_EXACT_SNAPSHOT_PASS
C007_FLOWS_OPTIONS_10S,C007,P02,NONE,ANN classifier,MLP_CLASSIFIER,PROJECT-ADAPTATION,classification,COMMON_DIRECTION_3CLASS,COMMON_DIRECTION_3CLASS,FLOWS_OPTIONS,10,after the published official close for session t,close_t,direction_label = UP if close[t+h]/close[t]-1 > 1e-8; DOWN if < -1e-8; otherwise FLAT,close[t+h],probability_vector_DOWN_FLAT_UP,multiclass_brier_loss,expanding training-only class frequencies with Laplace alpha=1 as-of each decision,TO_BE_FROZEN_AFTER_PPR4_SOURCE_ELIGIBILITY,false,NONE,3,PROPOSED_NOT_AUTHORIZED,PPR4_DATA_GATE_THEN_PPR5_CODE_GATE_THEN_PPR6_EXACT_SNAPSHOT_PASS
C007_TIMESTAMPED_SENTIMENT_FUSION_10S,C007,P02,NONE,ANN classifier,MLP_CLASSIFIER,PROJECT-ADAPTATION,classification,COMMON_DIRECTION_3CLASS,COMMON_DIRECTION_3CLASS,TIMESTAMPED_SENTIMENT_FUSION,10,after the published official close for session t,close_t,direction_label = UP if close[t+h]/close[t]-1 > 1e-8; DOWN if < -1e-8; otherwise FLAT,close[t+h],probability_vector_DOWN_FLAT_UP,multiclass_brier_loss,expanding training-only class frequencies with Laplace alpha=1 as-of each decision,TO_BE_FROZEN_AFTER_PPR4_SOURCE_ELIGIBILITY,false,NONE,3,PROPOSED_NOT_AUTHORIZED,PPR4_DATA_GATE_THEN_PPR5_CODE_GATE_THEN_PPR6_EXACT_SNAPSHOT_PASS
C008_CORE_OHLCV_TECH_1S,C008,P02,NONE,SVM classifier,SVM_CLASSIFIER,PROJECT-ADAPTATION,classification,COMMON_DIRECTION_3CLASS,COMMON_DIRECTION_3CLASS,CORE_OHLCV_TECH,1,after the published official close for session t,close_t,direction_label = UP if close[t+h]/close[t]-1 > 1e-8; DOWN if < -1e-8; otherwise FLAT,close[t+h],probability_vector_DOWN_FLAT_UP,multiclass_brier_loss,expanding training-only class frequencies with Laplace alpha=1 as-of each decision,TO_BE_FROZEN_AFTER_PPR4_SOURCE_ELIGIBILITY,false,NONE,3,PROPOSED_NOT_AUTHORIZED,PPR4_DATA_GATE_THEN_PPR5_CODE_GATE_THEN_PPR6_EXACT_SNAPSHOT_PASS
C008_EXTERNAL_MARKET_1S,C008,P02,NONE,SVM classifier,SVM_CLASSIFIER,PROJECT-ADAPTATION,classification,COMMON_DIRECTION_3CLASS,COMMON_DIRECTION_3CLASS,EXTERNAL_MARKET,1,after the published official close for session t,close_t,direction_label = UP if close[t+h]/close[t]-1 > 1e-8; DOWN if < -1e-8; otherwise FLAT,close[t+h],probability_vector_DOWN_FLAT_UP,multiclass_brier_loss,expanding training-only class frequencies with Laplace alpha=1 as-of each decision,TO_BE_FROZEN_AFTER_PPR4_SOURCE_ELIGIBILITY,false,NONE,3,PROPOSED_NOT_AUTHORIZED,PPR4_DATA_GATE_THEN_PPR5_CODE_GATE_THEN_PPR6_EXACT_SNAPSHOT_PASS
C008_FLOWS_OPTIONS_1S,C008,P02,NONE,SVM classifier,SVM_CLASSIFIER,PROJECT-ADAPTATION,classification,COMMON_DIRECTION_3CLASS,COMMON_DIRECTION_3CLASS,FLOWS_OPTIONS,1,after the published official close for session t,close_t,direction_label = UP if close[t+h]/close[t]-1 > 1e-8; DOWN if < -1e-8; otherwise FLAT,close[t+h],probability_vector_DOWN_FLAT_UP,multiclass_brier_loss,expanding training-only class frequencies with Laplace alpha=1 as-of each decision,TO_BE_FROZEN_AFTER_PPR4_SOURCE_ELIGIBILITY,false,NONE,3,PROPOSED_NOT_AUTHORIZED,PPR4_DATA_GATE_THEN_PPR5_CODE_GATE_THEN_PPR6_EXACT_SNAPSHOT_PASS
C008_TIMESTAMPED_SENTIMENT_FUSION_1S,C008,P02,NONE,SVM classifier,SVM_CLASSIFIER,PROJECT-ADAPTATION,classification,COMMON_DIRECTION_3CLASS,COMMON_DIRECTION_3CLASS,TIMESTAMPED_SENTIMENT_FUSION,1,after the published official close for session t,close_t,direction_label = UP if close[t+h]/close[t]-1 > 1e-8; DOWN if < -1e-8; otherwise FLAT,close[t+h],probability_vector_DOWN_FLAT_UP,multiclass_brier_loss,expanding training-only class frequencies with Laplace alpha=1 as-of each decision,TO_BE_FROZEN_AFTER_PPR4_SOURCE_ELIGIBILITY,false,NONE,3,PROPOSED_NOT_AUTHORIZED,PPR4_DATA_GATE_THEN_PPR5_CODE_GATE_THEN_PPR6_EXACT_SNAPSHOT_PASS
C008_CORE_OHLCV_TECH_2S,C008,P02,NONE,SVM classifier,SVM_CLASSIFIER,PROJECT-ADAPTATION,classification,COMMON_DIRECTION_3CLASS,COMMON_DIRECTION_3CLASS,CORE_OHLCV_TECH,2,after the published official close for session t,close_t,direction_label = UP if close[t+h]/close[t]-1 > 1e-8; DOWN if < -1e-8; otherwise FLAT,close[t+h],probability_vector_DOWN_FLAT_UP,multiclass_brier_loss,expanding training-only class frequencies with Laplace alpha=1 as-of each decision,TO_BE_FROZEN_AFTER_PPR4_SOURCE_ELIGIBILITY,false,NONE,3,PROPOSED_NOT_AUTHORIZED,PPR4_DATA_GATE_THEN_PPR5_CODE_GATE_THEN_PPR6_EXACT_SNAPSHOT_PASS
C008_EXTERNAL_MARKET_2S,C008,P02,NONE,SVM classifier,SVM_CLASSIFIER,PROJECT-ADAPTATION,classification,COMMON_DIRECTION_3CLASS,COMMON_DIRECTION_3CLASS,EXTERNAL_MARKET,2,after the published official close for session t,close_t,direction_label = UP if close[t+h]/close[t]-1 > 1e-8; DOWN if < -1e-8; otherwise FLAT,close[t+h],probability_vector_DOWN_FLAT_UP,multiclass_brier_loss,expanding training-only class frequencies with Laplace alpha=1 as-of each decision,TO_BE_FROZEN_AFTER_PPR4_SOURCE_ELIGIBILITY,false,NONE,3,PROPOSED_NOT_AUTHORIZED,PPR4_DATA_GATE_THEN_PPR5_CODE_GATE_THEN_PPR6_EXACT_SNAPSHOT_PASS
C008_FLOWS_OPTIONS_2S,C008,P02,NONE,SVM classifier,SVM_CLASSIFIER,PROJECT-ADAPTATION,classification,COMMON_DIRECTION_3CLASS,COMMON_DIRECTION_3CLASS,FLOWS_OPTIONS,2,after the published official close for session t,close_t,direction_label = UP if close[t+h]/close[t]-1 > 1e-8; DOWN if < -1e-8; otherwise FLAT,close[t+h],probability_vector_DOWN_FLAT_UP,multiclass_brier_loss,expanding training-only class frequencies with Laplace alpha=1 as-of each decision,TO_BE_FROZEN_AFTER_PPR4_SOURCE_ELIGIBILITY,false,NONE,3,PROPOSED_NOT_AUTHORIZED,PPR4_DATA_GATE_THEN_PPR5_CODE_GATE_THEN_PPR6_EXACT_SNAPSHOT_PASS
C008_TIMESTAMPED_SENTIMENT_FUSION_2S,C008,P02,NONE,SVM classifier,SVM_CLASSIFIER,PROJECT-ADAPTATION,classification,COMMON_DIRECTION_3CLASS,COMMON_DIRECTION_3CLASS,TIMESTAMPED_SENTIMENT_FUSION,2,after the published official close for session t,close_t,direction_label = UP if close[t+h]/close[t]-1 > 1e-8; DOWN if < -1e-8; otherwise FLAT,close[t+h],probability_vector_DOWN_FLAT_UP,multiclass_brier_loss,expanding training-only class frequencies with Laplace alpha=1 as-of each decision,TO_BE_FROZEN_AFTER_PPR4_SOURCE_ELIGIBILITY,false,NONE,3,PROPOSED_NOT_AUTHORIZED,PPR4_DATA_GATE_THEN_PPR5_CODE_GATE_THEN_PPR6_EXACT_SNAPSHOT_PASS
C008_CORE_OHLCV_TECH_3S,C008,P02,NONE,SVM classifier,SVM_CLASSIFIER,PROJECT-ADAPTATION,classification,COMMON_DIRECTION_3CLASS,COMMON_DIRECTION_3CLASS,CORE_OHLCV_TECH,3,after the published official close for session t,close_t,direction_label = UP if close[t+h]/close[t]-1 > 1e-8; DOWN if < -1e-8; otherwise FLAT,close[t+h],probability_vector_DOWN_FLAT_UP,multiclass_brier_loss,expanding training-only class frequencies with Laplace alpha=1 as-of each decision,TO_BE_FROZEN_AFTER_PPR4_SOURCE_ELIGIBILITY,false,NONE,3,PROPOSED_NOT_AUTHORIZED,PPR4_DATA_GATE_THEN_PPR5_CODE_GATE_THEN_PPR6_EXACT_SNAPSHOT_PASS
C008_EXTERNAL_MARKET_3S,C008,P02,NONE,SVM classifier,SVM_CLASSIFIER,PROJECT-ADAPTATION,classification,COMMON_DIRECTION_3CLASS,COMMON_DIRECTION_3CLASS,EXTERNAL_MARKET,3,after the published official close for session t,close_t,direction_label = UP if close[t+h]/close[t]-1 > 1e-8; DOWN if < -1e-8; otherwise FLAT,close[t+h],probability_vector_DOWN_FLAT_UP,multiclass_brier_loss,expanding training-only class frequencies with Laplace alpha=1 as-of each decision,TO_BE_FROZEN_AFTER_PPR4_SOURCE_ELIGIBILITY,false,NONE,3,PROPOSED_NOT_AUTHORIZED,PPR4_DATA_GATE_THEN_PPR5_CODE_GATE_THEN_PPR6_EXACT_SNAPSHOT_PASS
C008_FLOWS_OPTIONS_3S,C008,P02,NONE,SVM classifier,SVM_CLASSIFIER,PROJECT-ADAPTATION,classification,COMMON_DIRECTION_3CLASS,COMMON_DIRECTION_3CLASS,FLOWS_OPTIONS,3,after the published official close for session t,close_t,direction_label = UP if close[t+h]/close[t]-1 > 1e-8; DOWN if < -1e-8; otherwise FLAT,close[t+h],probability_vector_DOWN_FLAT_UP,multiclass_brier_loss,expanding training-only class frequencies with Laplace alpha=1 as-of each decision,TO_BE_FROZEN_AFTER_PPR4_SOURCE_ELIGIBILITY,false,NONE,3,PROPOSED_NOT_AUTHORIZED,PPR4_DATA_GATE_THEN_PPR5_CODE_GATE_THEN_PPR6_EXACT_SNAPSHOT_PASS
C008_TIMESTAMPED_SENTIMENT_FUSION_3S,C008,P02,NONE,SVM classifier,SVM_CLASSIFIER,PROJECT-ADAPTATION,classification,COMMON_DIRECTION_3CLASS,COMMON_DIRECTION_3CLASS,TIMESTAMPED_SENTIMENT_FUSION,3,after the published official close for session t,close_t,direction_label = UP if close[t+h]/close[t]-1 > 1e-8; DOWN if < -1e-8; otherwise FLAT,close[t+h],probability_vector_DOWN_FLAT_UP,multiclass_brier_loss,expanding training-only class frequencies with Laplace alpha=1 as-of each decision,TO_BE_FROZEN_AFTER_PPR4_SOURCE_ELIGIBILITY,false,NONE,3,PROPOSED_NOT_AUTHORIZED,PPR4_DATA_GATE_THEN_PPR5_CODE_GATE_THEN_PPR6_EXACT_SNAPSHOT_PASS
C008_CORE_OHLCV_TECH_5S,C008,P02,NONE,SVM classifier,SVM_CLASSIFIER,PROJECT-ADAPTATION,classification,COMMON_DIRECTION_3CLASS,COMMON_DIRECTION_3CLASS,CORE_OHLCV_TECH,5,after the published official close for session t,close_t,direction_label = UP if close[t+h]/close[t]-1 > 1e-8; DOWN if < -1e-8; otherwise FLAT,close[t+h],probability_vector_DOWN_FLAT_UP,multiclass_brier_loss,expanding training-only class frequencies with Laplace alpha=1 as-of each decision,TO_BE_FROZEN_AFTER_PPR4_SOURCE_ELIGIBILITY,false,NONE,3,PROPOSED_NOT_AUTHORIZED,PPR4_DATA_GATE_THEN_PPR5_CODE_GATE_THEN_PPR6_EXACT_SNAPSHOT_PASS
C008_EXTERNAL_MARKET_5S,C008,P02,NONE,SVM classifier,SVM_CLASSIFIER,PROJECT-ADAPTATION,classification,COMMON_DIRECTION_3CLASS,COMMON_DIRECTION_3CLASS,EXTERNAL_MARKET,5,after the published official close for session t,close_t,direction_label = UP if close[t+h]/close[t]-1 > 1e-8; DOWN if < -1e-8; otherwise FLAT,close[t+h],probability_vector_DOWN_FLAT_UP,multiclass_brier_loss,expanding training-only class frequencies with Laplace alpha=1 as-of each decision,TO_BE_FROZEN_AFTER_PPR4_SOURCE_ELIGIBILITY,false,NONE,3,PROPOSED_NOT_AUTHORIZED,PPR4_DATA_GATE_THEN_PPR5_CODE_GATE_THEN_PPR6_EXACT_SNAPSHOT_PASS
C008_FLOWS_OPTIONS_5S,C008,P02,NONE,SVM classifier,SVM_CLASSIFIER,PROJECT-ADAPTATION,classification,COMMON_DIRECTION_3CLASS,COMMON_DIRECTION_3CLASS,FLOWS_OPTIONS,5,after the published official close for session t,close_t,direction_label = UP if close[t+h]/close[t]-1 > 1e-8; DOWN if < -1e-8; otherwise FLAT,close[t+h],probability_vector_DOWN_FLAT_UP,multiclass_brier_loss,expanding training-only class frequencies with Laplace alpha=1 as-of each decision,TO_BE_FROZEN_AFTER_PPR4_SOURCE_ELIGIBILITY,false,NONE,3,PROPOSED_NOT_AUTHORIZED,PPR4_DATA_GATE_THEN_PPR5_CODE_GATE_THEN_PPR6_EXACT_SNAPSHOT_PASS
C008_TIMESTAMPED_SENTIMENT_FUSION_5S,C008,P02,NONE,SVM classifier,SVM_CLASSIFIER,PROJECT-ADAPTATION,classification,COMMON_DIRECTION_3CLASS,COMMON_DIRECTION_3CLASS,TIMESTAMPED_SENTIMENT_FUSION,5,after the published official close for session t,close_t,direction_label = UP if close[t+h]/close[t]-1 > 1e-8; DOWN if < -1e-8; otherwise FLAT,close[t+h],probability_vector_DOWN_FLAT_UP,multiclass_brier_loss,expanding training-only class frequencies with Laplace alpha=1 as-of each decision,TO_BE_FROZEN_AFTER_PPR4_SOURCE_ELIGIBILITY,false,NONE,3,PROPOSED_NOT_AUTHORIZED,PPR4_DATA_GATE_THEN_PPR5_CODE_GATE_THEN_PPR6_EXACT_SNAPSHOT_PASS
C008_CORE_OHLCV_TECH_10S,C008,P02,NONE,SVM classifier,SVM_CLASSIFIER,PROJECT-ADAPTATION,classification,COMMON_DIRECTION_3CLASS,COMMON_DIRECTION_3CLASS,CORE_OHLCV_TECH,10,after the published official close for session t,close_t,direction_label = UP if close[t+h]/close[t]-1 > 1e-8; DOWN if < -1e-8; otherwise FLAT,close[t+h],probability_vector_DOWN_FLAT_UP,multiclass_brier_loss,expanding training-only class frequencies with Laplace alpha=1 as-of each decision,TO_BE_FROZEN_AFTER_PPR4_SOURCE_ELIGIBILITY,false,NONE,3,PROPOSED_NOT_AUTHORIZED,PPR4_DATA_GATE_THEN_PPR5_CODE_GATE_THEN_PPR6_EXACT_SNAPSHOT_PASS
C008_EXTERNAL_MARKET_10S,C008,P02,NONE,SVM classifier,SVM_CLASSIFIER,PROJECT-ADAPTATION,classification,COMMON_DIRECTION_3CLASS,COMMON_DIRECTION_3CLASS,EXTERNAL_MARKET,10,after the published official close for session t,close_t,direction_label = UP if close[t+h]/close[t]-1 > 1e-8; DOWN if < -1e-8; otherwise FLAT,close[t+h],probability_vector_DOWN_FLAT_UP,multiclass_brier_loss,expanding training-only class frequencies with Laplace alpha=1 as-of each decision,TO_BE_FROZEN_AFTER_PPR4_SOURCE_ELIGIBILITY,false,NONE,3,PROPOSED_NOT_AUTHORIZED,PPR4_DATA_GATE_THEN_PPR5_CODE_GATE_THEN_PPR6_EXACT_SNAPSHOT_PASS
C008_FLOWS_OPTIONS_10S,C008,P02,NONE,SVM classifier,SVM_CLASSIFIER,PROJECT-ADAPTATION,classification,COMMON_DIRECTION_3CLASS,COMMON_DIRECTION_3CLASS,FLOWS_OPTIONS,10,after the published official close for session t,close_t,direction_label = UP if close[t+h]/close[t]-1 > 1e-8; DOWN if < -1e-8; otherwise FLAT,close[t+h],probability_vector_DOWN_FLAT_UP,multiclass_brier_loss,expanding training-only class frequencies with Laplace alpha=1 as-of each decision,TO_BE_FROZEN_AFTER_PPR4_SOURCE_ELIGIBILITY,false,NONE,3,PROPOSED_NOT_AUTHORIZED,PPR4_DATA_GATE_THEN_PPR5_CODE_GATE_THEN_PPR6_EXACT_SNAPSHOT_PASS
C008_TIMESTAMPED_SENTIMENT_FUSION_10S,C008,P02,NONE,SVM classifier,SVM_CLASSIFIER,PROJECT-ADAPTATION,classification,COMMON_DIRECTION_3CLASS,COMMON_DIRECTION_3CLASS,TIMESTAMPED_SENTIMENT_FUSION,10,after the published official close for session t,close_t,direction_label = UP if close[t+h]/close[t]-1 > 1e-8; DOWN if < -1e-8; otherwise FLAT,close[t+h],probability_vector_DOWN_FLAT_UP,multiclass_brier_loss,expanding training-only class frequencies with Laplace alpha=1 as-of each decision,TO_BE_FROZEN_AFTER_PPR4_SOURCE_ELIGIBILITY,false,NONE,3,PROPOSED_NOT_AUTHORIZED,PPR4_DATA_GATE_THEN_PPR5_CODE_GATE_THEN_PPR6_EXACT_SNAPSHOT_PASS
C009_CORE_OHLCV_TECH_1S,C009,P07,NONE,LSTM classifier,LSTM_DIRECTION,PROJECT-ADAPTATION,classification,COMMON_DIRECTION_3CLASS,COMMON_DIRECTION_3CLASS,CORE_OHLCV_TECH,1,after the published official close for session t,close_t,direction_label = UP if close[t+h]/close[t]-1 > 1e-8; DOWN if < -1e-8; otherwise FLAT,close[t+h],probability_vector_DOWN_FLAT_UP,multiclass_brier_loss,expanding training-only class frequencies with Laplace alpha=1 as-of each decision,TO_BE_FROZEN_AFTER_PPR4_SOURCE_ELIGIBILITY,false,NONE,3,PROPOSED_NOT_AUTHORIZED,PPR4_DATA_GATE_THEN_PPR5_CODE_GATE_THEN_PPR6_EXACT_SNAPSHOT_PASS
C009_EXTERNAL_MARKET_1S,C009,P07,NONE,LSTM classifier,LSTM_DIRECTION,PROJECT-ADAPTATION,classification,COMMON_DIRECTION_3CLASS,COMMON_DIRECTION_3CLASS,EXTERNAL_MARKET,1,after the published official close for session t,close_t,direction_label = UP if close[t+h]/close[t]-1 > 1e-8; DOWN if < -1e-8; otherwise FLAT,close[t+h],probability_vector_DOWN_FLAT_UP,multiclass_brier_loss,expanding training-only class frequencies with Laplace alpha=1 as-of each decision,TO_BE_FROZEN_AFTER_PPR4_SOURCE_ELIGIBILITY,false,NONE,3,PROPOSED_NOT_AUTHORIZED,PPR4_DATA_GATE_THEN_PPR5_CODE_GATE_THEN_PPR6_EXACT_SNAPSHOT_PASS
C009_FLOWS_OPTIONS_1S,C009,P07,NONE,LSTM classifier,LSTM_DIRECTION,PROJECT-ADAPTATION,classification,COMMON_DIRECTION_3CLASS,COMMON_DIRECTION_3CLASS,FLOWS_OPTIONS,1,after the published official close for session t,close_t,direction_label = UP if close[t+h]/close[t]-1 > 1e-8; DOWN if < -1e-8; otherwise FLAT,close[t+h],probability_vector_DOWN_FLAT_UP,multiclass_brier_loss,expanding training-only class frequencies with Laplace alpha=1 as-of each decision,TO_BE_FROZEN_AFTER_PPR4_SOURCE_ELIGIBILITY,false,NONE,3,PROPOSED_NOT_AUTHORIZED,PPR4_DATA_GATE_THEN_PPR5_CODE_GATE_THEN_PPR6_EXACT_SNAPSHOT_PASS
C009_TIMESTAMPED_SENTIMENT_FUSION_1S,C009,P07,NONE,LSTM classifier,LSTM_DIRECTION,PROJECT-ADAPTATION,classification,COMMON_DIRECTION_3CLASS,COMMON_DIRECTION_3CLASS,TIMESTAMPED_SENTIMENT_FUSION,1,after the published official close for session t,close_t,direction_label = UP if close[t+h]/close[t]-1 > 1e-8; DOWN if < -1e-8; otherwise FLAT,close[t+h],probability_vector_DOWN_FLAT_UP,multiclass_brier_loss,expanding training-only class frequencies with Laplace alpha=1 as-of each decision,TO_BE_FROZEN_AFTER_PPR4_SOURCE_ELIGIBILITY,false,NONE,3,PROPOSED_NOT_AUTHORIZED,PPR4_DATA_GATE_THEN_PPR5_CODE_GATE_THEN_PPR6_EXACT_SNAPSHOT_PASS
C009_CORE_OHLCV_TECH_2S,C009,P07,NONE,LSTM classifier,LSTM_DIRECTION,PROJECT-ADAPTATION,classification,COMMON_DIRECTION_3CLASS,COMMON_DIRECTION_3CLASS,CORE_OHLCV_TECH,2,after the published official close for session t,close_t,direction_label = UP if close[t+h]/close[t]-1 > 1e-8; DOWN if < -1e-8; otherwise FLAT,close[t+h],probability_vector_DOWN_FLAT_UP,multiclass_brier_loss,expanding training-only class frequencies with Laplace alpha=1 as-of each decision,TO_BE_FROZEN_AFTER_PPR4_SOURCE_ELIGIBILITY,false,NONE,3,PROPOSED_NOT_AUTHORIZED,PPR4_DATA_GATE_THEN_PPR5_CODE_GATE_THEN_PPR6_EXACT_SNAPSHOT_PASS
C009_EXTERNAL_MARKET_2S,C009,P07,NONE,LSTM classifier,LSTM_DIRECTION,PROJECT-ADAPTATION,classification,COMMON_DIRECTION_3CLASS,COMMON_DIRECTION_3CLASS,EXTERNAL_MARKET,2,after the published official close for session t,close_t,direction_label = UP if close[t+h]/close[t]-1 > 1e-8; DOWN if < -1e-8; otherwise FLAT,close[t+h],probability_vector_DOWN_FLAT_UP,multiclass_brier_loss,expanding training-only class frequencies with Laplace alpha=1 as-of each decision,TO_BE_FROZEN_AFTER_PPR4_SOURCE_ELIGIBILITY,false,NONE,3,PROPOSED_NOT_AUTHORIZED,PPR4_DATA_GATE_THEN_PPR5_CODE_GATE_THEN_PPR6_EXACT_SNAPSHOT_PASS
C009_FLOWS_OPTIONS_2S,C009,P07,NONE,LSTM classifier,LSTM_DIRECTION,PROJECT-ADAPTATION,classification,COMMON_DIRECTION_3CLASS,COMMON_DIRECTION_3CLASS,FLOWS_OPTIONS,2,after the published official close for session t,close_t,direction_label = UP if close[t+h]/close[t]-1 > 1e-8; DOWN if < -1e-8; otherwise FLAT,close[t+h],probability_vector_DOWN_FLAT_UP,multiclass_brier_loss,expanding training-only class frequencies with Laplace alpha=1 as-of each decision,TO_BE_FROZEN_AFTER_PPR4_SOURCE_ELIGIBILITY,false,NONE,3,PROPOSED_NOT_AUTHORIZED,PPR4_DATA_GATE_THEN_PPR5_CODE_GATE_THEN_PPR6_EXACT_SNAPSHOT_PASS
C009_TIMESTAMPED_SENTIMENT_FUSION_2S,C009,P07,NONE,LSTM classifier,LSTM_DIRECTION,PROJECT-ADAPTATION,classification,COMMON_DIRECTION_3CLASS,COMMON_DIRECTION_3CLASS,TIMESTAMPED_SENTIMENT_FUSION,2,after the published official close for session t,close_t,direction_label = UP if close[t+h]/close[t]-1 > 1e-8; DOWN if < -1e-8; otherwise FLAT,close[t+h],probability_vector_DOWN_FLAT_UP,multiclass_brier_loss,expanding training-only class frequencies with Laplace alpha=1 as-of each decision,TO_BE_FROZEN_AFTER_PPR4_SOURCE_ELIGIBILITY,false,NONE,3,PROPOSED_NOT_AUTHORIZED,PPR4_DATA_GATE_THEN_PPR5_CODE_GATE_THEN_PPR6_EXACT_SNAPSHOT_PASS
C009_CORE_OHLCV_TECH_3S,C009,P07,NONE,LSTM classifier,LSTM_DIRECTION,PROJECT-ADAPTATION,classification,COMMON_DIRECTION_3CLASS,COMMON_DIRECTION_3CLASS,CORE_OHLCV_TECH,3,after the published official close for session t,close_t,direction_label = UP if close[t+h]/close[t]-1 > 1e-8; DOWN if < -1e-8; otherwise FLAT,close[t+h],probability_vector_DOWN_FLAT_UP,multiclass_brier_loss,expanding training-only class frequencies with Laplace alpha=1 as-of each decision,TO_BE_FROZEN_AFTER_PPR4_SOURCE_ELIGIBILITY,false,NONE,3,PROPOSED_NOT_AUTHORIZED,PPR4_DATA_GATE_THEN_PPR5_CODE_GATE_THEN_PPR6_EXACT_SNAPSHOT_PASS
C009_EXTERNAL_MARKET_3S,C009,P07,NONE,LSTM classifier,LSTM_DIRECTION,PROJECT-ADAPTATION,classification,COMMON_DIRECTION_3CLASS,COMMON_DIRECTION_3CLASS,EXTERNAL_MARKET,3,after the published official close for session t,close_t,direction_label = UP if close[t+h]/close[t]-1 > 1e-8; DOWN if < -1e-8; otherwise FLAT,close[t+h],probability_vector_DOWN_FLAT_UP,multiclass_brier_loss,expanding training-only class frequencies with Laplace alpha=1 as-of each decision,TO_BE_FROZEN_AFTER_PPR4_SOURCE_ELIGIBILITY,false,NONE,3,PROPOSED_NOT_AUTHORIZED,PPR4_DATA_GATE_THEN_PPR5_CODE_GATE_THEN_PPR6_EXACT_SNAPSHOT_PASS
C009_FLOWS_OPTIONS_3S,C009,P07,NONE,LSTM classifier,LSTM_DIRECTION,PROJECT-ADAPTATION,classification,COMMON_DIRECTION_3CLASS,COMMON_DIRECTION_3CLASS,FLOWS_OPTIONS,3,after the published official close for session t,close_t,direction_label = UP if close[t+h]/close[t]-1 > 1e-8; DOWN if < -1e-8; otherwise FLAT,close[t+h],probability_vector_DOWN_FLAT_UP,multiclass_brier_loss,expanding training-only class frequencies with Laplace alpha=1 as-of each decision,TO_BE_FROZEN_AFTER_PPR4_SOURCE_ELIGIBILITY,false,NONE,3,PROPOSED_NOT_AUTHORIZED,PPR4_DATA_GATE_THEN_PPR5_CODE_GATE_THEN_PPR6_EXACT_SNAPSHOT_PASS
C009_TIMESTAMPED_SENTIMENT_FUSION_3S,C009,P07,NONE,LSTM classifier,LSTM_DIRECTION,PROJECT-ADAPTATION,classification,COMMON_DIRECTION_3CLASS,COMMON_DIRECTION_3CLASS,TIMESTAMPED_SENTIMENT_FUSION,3,after the published official close for session t,close_t,direction_label = UP if close[t+h]/close[t]-1 > 1e-8; DOWN if < -1e-8; otherwise FLAT,close[t+h],probability_vector_DOWN_FLAT_UP,multiclass_brier_loss,expanding training-only class frequencies with Laplace alpha=1 as-of each decision,TO_BE_FROZEN_AFTER_PPR4_SOURCE_ELIGIBILITY,false,NONE,3,PROPOSED_NOT_AUTHORIZED,PPR4_DATA_GATE_THEN_PPR5_CODE_GATE_THEN_PPR6_EXACT_SNAPSHOT_PASS
C009_CORE_OHLCV_TECH_5S,C009,P07,NONE,LSTM classifier,LSTM_DIRECTION,PROJECT-ADAPTATION,classification,COMMON_DIRECTION_3CLASS,COMMON_DIRECTION_3CLASS,CORE_OHLCV_TECH,5,after the published official close for session t,close_t,direction_label = UP if close[t+h]/close[t]-1 > 1e-8; DOWN if < -1e-8; otherwise FLAT,close[t+h],probability_vector_DOWN_FLAT_UP,multiclass_brier_loss,expanding training-only class frequencies with Laplace alpha=1 as-of each decision,TO_BE_FROZEN_AFTER_PPR4_SOURCE_ELIGIBILITY,false,NONE,3,PROPOSED_NOT_AUTHORIZED,PPR4_DATA_GATE_THEN_PPR5_CODE_GATE_THEN_PPR6_EXACT_SNAPSHOT_PASS
C009_EXTERNAL_MARKET_5S,C009,P07,NONE,LSTM classifier,LSTM_DIRECTION,PROJECT-ADAPTATION,classification,COMMON_DIRECTION_3CLASS,COMMON_DIRECTION_3CLASS,EXTERNAL_MARKET,5,after the published official close for session t,close_t,direction_label = UP if close[t+h]/close[t]-1 > 1e-8; DOWN if < -1e-8; otherwise FLAT,close[t+h],probability_vector_DOWN_FLAT_UP,multiclass_brier_loss,expanding training-only class frequencies with Laplace alpha=1 as-of each decision,TO_BE_FROZEN_AFTER_PPR4_SOURCE_ELIGIBILITY,false,NONE,3,PROPOSED_NOT_AUTHORIZED,PPR4_DATA_GATE_THEN_PPR5_CODE_GATE_THEN_PPR6_EXACT_SNAPSHOT_PASS
C009_FLOWS_OPTIONS_5S,C009,P07,NONE,LSTM classifier,LSTM_DIRECTION,PROJECT-ADAPTATION,classification,COMMON_DIRECTION_3CLASS,COMMON_DIRECTION_3CLASS,FLOWS_OPTIONS,5,after the published official close for session t,close_t,direction_label = UP if close[t+h]/close[t]-1 > 1e-8; DOWN if < -1e-8; otherwise FLAT,close[t+h],probability_vector_DOWN_FLAT_UP,multiclass_brier_loss,expanding training-only class frequencies with Laplace alpha=1 as-of each decision,TO_BE_FROZEN_AFTER_PPR4_SOURCE_ELIGIBILITY,false,NONE,3,PROPOSED_NOT_AUTHORIZED,PPR4_DATA_GATE_THEN_PPR5_CODE_GATE_THEN_PPR6_EXACT_SNAPSHOT_PASS
C009_TIMESTAMPED_SENTIMENT_FUSION_5S,C009,P07,NONE,LSTM classifier,LSTM_DIRECTION,PROJECT-ADAPTATION,classification,COMMON_DIRECTION_3CLASS,COMMON_DIRECTION_3CLASS,TIMESTAMPED_SENTIMENT_FUSION,5,after the published official close for session t,close_t,direction_label = UP if close[t+h]/close[t]-1 > 1e-8; DOWN if < -1e-8; otherwise FLAT,close[t+h],probability_vector_DOWN_FLAT_UP,multiclass_brier_loss,expanding training-only class frequencies with Laplace alpha=1 as-of each decision,TO_BE_FROZEN_AFTER_PPR4_SOURCE_ELIGIBILITY,false,NONE,3,PROPOSED_NOT_AUTHORIZED,PPR4_DATA_GATE_THEN_PPR5_CODE_GATE_THEN_PPR6_EXACT_SNAPSHOT_PASS
C009_CORE_OHLCV_TECH_10S,C009,P07,NONE,LSTM classifier,LSTM_DIRECTION,PROJECT-ADAPTATION,classification,COMMON_DIRECTION_3CLASS,COMMON_DIRECTION_3CLASS,CORE_OHLCV_TECH,10,after the published official close for session t,close_t,direction_label = UP if close[t+h]/close[t]-1 > 1e-8; DOWN if < -1e-8; otherwise FLAT,close[t+h],probability_vector_DOWN_FLAT_UP,multiclass_brier_loss,expanding training-only class frequencies with Laplace alpha=1 as-of each decision,TO_BE_FROZEN_AFTER_PPR4_SOURCE_ELIGIBILITY,false,NONE,3,PROPOSED_NOT_AUTHORIZED,PPR4_DATA_GATE_THEN_PPR5_CODE_GATE_THEN_PPR6_EXACT_SNAPSHOT_PASS
C009_EXTERNAL_MARKET_10S,C009,P07,NONE,LSTM classifier,LSTM_DIRECTION,PROJECT-ADAPTATION,classification,COMMON_DIRECTION_3CLASS,COMMON_DIRECTION_3CLASS,EXTERNAL_MARKET,10,after the published official close for session t,close_t,direction_label = UP if close[t+h]/close[t]-1 > 1e-8; DOWN if < -1e-8; otherwise FLAT,close[t+h],probability_vector_DOWN_FLAT_UP,multiclass_brier_loss,expanding training-only class frequencies with Laplace alpha=1 as-of each decision,TO_BE_FROZEN_AFTER_PPR4_SOURCE_ELIGIBILITY,false,NONE,3,PROPOSED_NOT_AUTHORIZED,PPR4_DATA_GATE_THEN_PPR5_CODE_GATE_THEN_PPR6_EXACT_SNAPSHOT_PASS
C009_FLOWS_OPTIONS_10S,C009,P07,NONE,LSTM classifier,LSTM_DIRECTION,PROJECT-ADAPTATION,classification,COMMON_DIRECTION_3CLASS,COMMON_DIRECTION_3CLASS,FLOWS_OPTIONS,10,after the published official close for session t,close_t,direction_label = UP if close[t+h]/close[t]-1 > 1e-8; DOWN if < -1e-8; otherwise FLAT,close[t+h],probability_vector_DOWN_FLAT_UP,multiclass_brier_loss,expanding training-only class frequencies with Laplace alpha=1 as-of each decision,TO_BE_FROZEN_AFTER_PPR4_SOURCE_ELIGIBILITY,false,NONE,3,PROPOSED_NOT_AUTHORIZED,PPR4_DATA_GATE_THEN_PPR5_CODE_GATE_THEN_PPR6_EXACT_SNAPSHOT_PASS
C009_TIMESTAMPED_SENTIMENT_FUSION_10S,C009,P07,NONE,LSTM classifier,LSTM_DIRECTION,PROJECT-ADAPTATION,classification,COMMON_DIRECTION_3CLASS,COMMON_DIRECTION_3CLASS,TIMESTAMPED_SENTIMENT_FUSION,10,after the published official close for session t,close_t,direction_label = UP if close[t+h]/close[t]-1 > 1e-8; DOWN if < -1e-8; otherwise FLAT,close[t+h],probability_vector_DOWN_FLAT_UP,multiclass_brier_loss,expanding training-only class frequencies with Laplace alpha=1 as-of each decision,TO_BE_FROZEN_AFTER_PPR4_SOURCE_ELIGIBILITY,false,NONE,3,PROPOSED_NOT_AUTHORIZED,PPR4_DATA_GATE_THEN_PPR5_CODE_GATE_THEN_PPR6_EXACT_SNAPSHOT_PASS
C010_TIMESTAMPED_SENTIMENT_FUSION_1S,C010,P07,NONE,BERT sentiment encoder + LSTM classifier,BERT_LSTM_DIRECTION,PROJECT-ADAPTATION,classification,COMMON_DIRECTION_3CLASS,COMMON_DIRECTION_3CLASS,TIMESTAMPED_SENTIMENT_FUSION,1,after the published official close for session t,close_t,direction_label = UP if close[t+h]/close[t]-1 > 1e-8; DOWN if < -1e-8; otherwise FLAT,close[t+h],probability_vector_DOWN_FLAT_UP,multiclass_brier_loss,expanding training-only class frequencies with Laplace alpha=1 as-of each decision,TO_BE_FROZEN_AFTER_PPR4_SOURCE_ELIGIBILITY,false,NONE,3,PROPOSED_NOT_AUTHORIZED,PPR4_DATA_GATE_THEN_PPR5_CODE_GATE_THEN_PPR6_EXACT_SNAPSHOT_PASS
C010_TIMESTAMPED_SENTIMENT_FUSION_2S,C010,P07,NONE,BERT sentiment encoder + LSTM classifier,BERT_LSTM_DIRECTION,PROJECT-ADAPTATION,classification,COMMON_DIRECTION_3CLASS,COMMON_DIRECTION_3CLASS,TIMESTAMPED_SENTIMENT_FUSION,2,after the published official close for session t,close_t,direction_label = UP if close[t+h]/close[t]-1 > 1e-8; DOWN if < -1e-8; otherwise FLAT,close[t+h],probability_vector_DOWN_FLAT_UP,multiclass_brier_loss,expanding training-only class frequencies with Laplace alpha=1 as-of each decision,TO_BE_FROZEN_AFTER_PPR4_SOURCE_ELIGIBILITY,false,NONE,3,PROPOSED_NOT_AUTHORIZED,PPR4_DATA_GATE_THEN_PPR5_CODE_GATE_THEN_PPR6_EXACT_SNAPSHOT_PASS
C010_TIMESTAMPED_SENTIMENT_FUSION_3S,C010,P07,NONE,BERT sentiment encoder + LSTM classifier,BERT_LSTM_DIRECTION,PROJECT-ADAPTATION,classification,COMMON_DIRECTION_3CLASS,COMMON_DIRECTION_3CLASS,TIMESTAMPED_SENTIMENT_FUSION,3,after the published official close for session t,close_t,direction_label = UP if close[t+h]/close[t]-1 > 1e-8; DOWN if < -1e-8; otherwise FLAT,close[t+h],probability_vector_DOWN_FLAT_UP,multiclass_brier_loss,expanding training-only class frequencies with Laplace alpha=1 as-of each decision,TO_BE_FROZEN_AFTER_PPR4_SOURCE_ELIGIBILITY,false,NONE,3,PROPOSED_NOT_AUTHORIZED,PPR4_DATA_GATE_THEN_PPR5_CODE_GATE_THEN_PPR6_EXACT_SNAPSHOT_PASS
C010_TIMESTAMPED_SENTIMENT_FUSION_5S,C010,P07,NONE,BERT sentiment encoder + LSTM classifier,BERT_LSTM_DIRECTION,PROJECT-ADAPTATION,classification,COMMON_DIRECTION_3CLASS,COMMON_DIRECTION_3CLASS,TIMESTAMPED_SENTIMENT_FUSION,5,after the published official close for session t,close_t,direction_label = UP if close[t+h]/close[t]-1 > 1e-8; DOWN if < -1e-8; otherwise FLAT,close[t+h],probability_vector_DOWN_FLAT_UP,multiclass_brier_loss,expanding training-only class frequencies with Laplace alpha=1 as-of each decision,TO_BE_FROZEN_AFTER_PPR4_SOURCE_ELIGIBILITY,false,NONE,3,PROPOSED_NOT_AUTHORIZED,PPR4_DATA_GATE_THEN_PPR5_CODE_GATE_THEN_PPR6_EXACT_SNAPSHOT_PASS
C010_TIMESTAMPED_SENTIMENT_FUSION_10S,C010,P07,NONE,BERT sentiment encoder + LSTM classifier,BERT_LSTM_DIRECTION,PROJECT-ADAPTATION,classification,COMMON_DIRECTION_3CLASS,COMMON_DIRECTION_3CLASS,TIMESTAMPED_SENTIMENT_FUSION,10,after the published official close for session t,close_t,direction_label = UP if close[t+h]/close[t]-1 > 1e-8; DOWN if < -1e-8; otherwise FLAT,close[t+h],probability_vector_DOWN_FLAT_UP,multiclass_brier_loss,expanding training-only class frequencies with Laplace alpha=1 as-of each decision,TO_BE_FROZEN_AFTER_PPR4_SOURCE_ELIGIBILITY,false,NONE,3,PROPOSED_NOT_AUTHORIZED,PPR4_DATA_GATE_THEN_PPR5_CODE_GATE_THEN_PPR6_EXACT_SNAPSHOT_PASS
C012_CORE_OHLCV_TECH_1S,C012,P12,NONE,RNN classifier,RNN_DIRECTION,PROJECT-ADAPTATION,classification,COMMON_DIRECTION_3CLASS,COMMON_DIRECTION_3CLASS,CORE_OHLCV_TECH,1,after the published official close for session t,close_t,direction_label = UP if close[t+h]/close[t]-1 > 1e-8; DOWN if < -1e-8; otherwise FLAT,close[t+h],probability_vector_DOWN_FLAT_UP,multiclass_brier_loss,expanding training-only class frequencies with Laplace alpha=1 as-of each decision,TO_BE_FROZEN_AFTER_PPR4_SOURCE_ELIGIBILITY,false,NONE,3,PROPOSED_NOT_AUTHORIZED,PPR4_DATA_GATE_THEN_PPR5_CODE_GATE_THEN_PPR6_EXACT_SNAPSHOT_PASS
C012_EXTERNAL_MARKET_1S,C012,P12,NONE,RNN classifier,RNN_DIRECTION,PROJECT-ADAPTATION,classification,COMMON_DIRECTION_3CLASS,COMMON_DIRECTION_3CLASS,EXTERNAL_MARKET,1,after the published official close for session t,close_t,direction_label = UP if close[t+h]/close[t]-1 > 1e-8; DOWN if < -1e-8; otherwise FLAT,close[t+h],probability_vector_DOWN_FLAT_UP,multiclass_brier_loss,expanding training-only class frequencies with Laplace alpha=1 as-of each decision,TO_BE_FROZEN_AFTER_PPR4_SOURCE_ELIGIBILITY,false,NONE,3,PROPOSED_NOT_AUTHORIZED,PPR4_DATA_GATE_THEN_PPR5_CODE_GATE_THEN_PPR6_EXACT_SNAPSHOT_PASS
C012_FLOWS_OPTIONS_1S,C012,P12,NONE,RNN classifier,RNN_DIRECTION,PROJECT-ADAPTATION,classification,COMMON_DIRECTION_3CLASS,COMMON_DIRECTION_3CLASS,FLOWS_OPTIONS,1,after the published official close for session t,close_t,direction_label = UP if close[t+h]/close[t]-1 > 1e-8; DOWN if < -1e-8; otherwise FLAT,close[t+h],probability_vector_DOWN_FLAT_UP,multiclass_brier_loss,expanding training-only class frequencies with Laplace alpha=1 as-of each decision,TO_BE_FROZEN_AFTER_PPR4_SOURCE_ELIGIBILITY,false,NONE,3,PROPOSED_NOT_AUTHORIZED,PPR4_DATA_GATE_THEN_PPR5_CODE_GATE_THEN_PPR6_EXACT_SNAPSHOT_PASS
C012_TIMESTAMPED_SENTIMENT_FUSION_1S,C012,P12,NONE,RNN classifier,RNN_DIRECTION,PROJECT-ADAPTATION,classification,COMMON_DIRECTION_3CLASS,COMMON_DIRECTION_3CLASS,TIMESTAMPED_SENTIMENT_FUSION,1,after the published official close for session t,close_t,direction_label = UP if close[t+h]/close[t]-1 > 1e-8; DOWN if < -1e-8; otherwise FLAT,close[t+h],probability_vector_DOWN_FLAT_UP,multiclass_brier_loss,expanding training-only class frequencies with Laplace alpha=1 as-of each decision,TO_BE_FROZEN_AFTER_PPR4_SOURCE_ELIGIBILITY,false,NONE,3,PROPOSED_NOT_AUTHORIZED,PPR4_DATA_GATE_THEN_PPR5_CODE_GATE_THEN_PPR6_EXACT_SNAPSHOT_PASS
C012_CORE_OHLCV_TECH_2S,C012,P12,NONE,RNN classifier,RNN_DIRECTION,PROJECT-ADAPTATION,classification,COMMON_DIRECTION_3CLASS,COMMON_DIRECTION_3CLASS,CORE_OHLCV_TECH,2,after the published official close for session t,close_t,direction_label = UP if close[t+h]/close[t]-1 > 1e-8; DOWN if < -1e-8; otherwise FLAT,close[t+h],probability_vector_DOWN_FLAT_UP,multiclass_brier_loss,expanding training-only class frequencies with Laplace alpha=1 as-of each decision,TO_BE_FROZEN_AFTER_PPR4_SOURCE_ELIGIBILITY,false,NONE,3,PROPOSED_NOT_AUTHORIZED,PPR4_DATA_GATE_THEN_PPR5_CODE_GATE_THEN_PPR6_EXACT_SNAPSHOT_PASS
C012_EXTERNAL_MARKET_2S,C012,P12,NONE,RNN classifier,RNN_DIRECTION,PROJECT-ADAPTATION,classification,COMMON_DIRECTION_3CLASS,COMMON_DIRECTION_3CLASS,EXTERNAL_MARKET,2,after the published official close for session t,close_t,direction_label = UP if close[t+h]/close[t]-1 > 1e-8; DOWN if < -1e-8; otherwise FLAT,close[t+h],probability_vector_DOWN_FLAT_UP,multiclass_brier_loss,expanding training-only class frequencies with Laplace alpha=1 as-of each decision,TO_BE_FROZEN_AFTER_PPR4_SOURCE_ELIGIBILITY,false,NONE,3,PROPOSED_NOT_AUTHORIZED,PPR4_DATA_GATE_THEN_PPR5_CODE_GATE_THEN_PPR6_EXACT_SNAPSHOT_PASS
C012_FLOWS_OPTIONS_2S,C012,P12,NONE,RNN classifier,RNN_DIRECTION,PROJECT-ADAPTATION,classification,COMMON_DIRECTION_3CLASS,COMMON_DIRECTION_3CLASS,FLOWS_OPTIONS,2,after the published official close for session t,close_t,direction_label = UP if close[t+h]/close[t]-1 > 1e-8; DOWN if < -1e-8; otherwise FLAT,close[t+h],probability_vector_DOWN_FLAT_UP,multiclass_brier_loss,expanding training-only class frequencies with Laplace alpha=1 as-of each decision,TO_BE_FROZEN_AFTER_PPR4_SOURCE_ELIGIBILITY,false,NONE,3,PROPOSED_NOT_AUTHORIZED,PPR4_DATA_GATE_THEN_PPR5_CODE_GATE_THEN_PPR6_EXACT_SNAPSHOT_PASS
C012_TIMESTAMPED_SENTIMENT_FUSION_2S,C012,P12,NONE,RNN classifier,RNN_DIRECTION,PROJECT-ADAPTATION,classification,COMMON_DIRECTION_3CLASS,COMMON_DIRECTION_3CLASS,TIMESTAMPED_SENTIMENT_FUSION,2,after the published official close for session t,close_t,direction_label = UP if close[t+h]/close[t]-1 > 1e-8; DOWN if < -1e-8; otherwise FLAT,close[t+h],probability_vector_DOWN_FLAT_UP,multiclass_brier_loss,expanding training-only class frequencies with Laplace alpha=1 as-of each decision,TO_BE_FROZEN_AFTER_PPR4_SOURCE_ELIGIBILITY,false,NONE,3,PROPOSED_NOT_AUTHORIZED,PPR4_DATA_GATE_THEN_PPR5_CODE_GATE_THEN_PPR6_EXACT_SNAPSHOT_PASS
C012_CORE_OHLCV_TECH_3S,C012,P12,NONE,RNN classifier,RNN_DIRECTION,PROJECT-ADAPTATION,classification,COMMON_DIRECTION_3CLASS,COMMON_DIRECTION_3CLASS,CORE_OHLCV_TECH,3,after the published official close for session t,close_t,direction_label = UP if close[t+h]/close[t]-1 > 1e-8; DOWN if < -1e-8; otherwise FLAT,close[t+h],probability_vector_DOWN_FLAT_UP,multiclass_brier_loss,expanding training-only class frequencies with Laplace alpha=1 as-of each decision,TO_BE_FROZEN_AFTER_PPR4_SOURCE_ELIGIBILITY,false,NONE,3,PROPOSED_NOT_AUTHORIZED,PPR4_DATA_GATE_THEN_PPR5_CODE_GATE_THEN_PPR6_EXACT_SNAPSHOT_PASS
C012_EXTERNAL_MARKET_3S,C012,P12,NONE,RNN classifier,RNN_DIRECTION,PROJECT-ADAPTATION,classification,COMMON_DIRECTION_3CLASS,COMMON_DIRECTION_3CLASS,EXTERNAL_MARKET,3,after the published official close for session t,close_t,direction_label = UP if close[t+h]/close[t]-1 > 1e-8; DOWN if < -1e-8; otherwise FLAT,close[t+h],probability_vector_DOWN_FLAT_UP,multiclass_brier_loss,expanding training-only class frequencies with Laplace alpha=1 as-of each decision,TO_BE_FROZEN_AFTER_PPR4_SOURCE_ELIGIBILITY,false,NONE,3,PROPOSED_NOT_AUTHORIZED,PPR4_DATA_GATE_THEN_PPR5_CODE_GATE_THEN_PPR6_EXACT_SNAPSHOT_PASS
C012_FLOWS_OPTIONS_3S,C012,P12,NONE,RNN classifier,RNN_DIRECTION,PROJECT-ADAPTATION,classification,COMMON_DIRECTION_3CLASS,COMMON_DIRECTION_3CLASS,FLOWS_OPTIONS,3,after the published official close for session t,close_t,direction_label = UP if close[t+h]/close[t]-1 > 1e-8; DOWN if < -1e-8; otherwise FLAT,close[t+h],probability_vector_DOWN_FLAT_UP,multiclass_brier_loss,expanding training-only class frequencies with Laplace alpha=1 as-of each decision,TO_BE_FROZEN_AFTER_PPR4_SOURCE_ELIGIBILITY,false,NONE,3,PROPOSED_NOT_AUTHORIZED,PPR4_DATA_GATE_THEN_PPR5_CODE_GATE_THEN_PPR6_EXACT_SNAPSHOT_PASS
C012_TIMESTAMPED_SENTIMENT_FUSION_3S,C012,P12,NONE,RNN classifier,RNN_DIRECTION,PROJECT-ADAPTATION,classification,COMMON_DIRECTION_3CLASS,COMMON_DIRECTION_3CLASS,TIMESTAMPED_SENTIMENT_FUSION,3,after the published official close for session t,close_t,direction_label = UP if close[t+h]/close[t]-1 > 1e-8; DOWN if < -1e-8; otherwise FLAT,close[t+h],probability_vector_DOWN_FLAT_UP,multiclass_brier_loss,expanding training-only class frequencies with Laplace alpha=1 as-of each decision,TO_BE_FROZEN_AFTER_PPR4_SOURCE_ELIGIBILITY,false,NONE,3,PROPOSED_NOT_AUTHORIZED,PPR4_DATA_GATE_THEN_PPR5_CODE_GATE_THEN_PPR6_EXACT_SNAPSHOT_PASS
C012_CORE_OHLCV_TECH_5S,C012,P12,NONE,RNN classifier,RNN_DIRECTION,PROJECT-ADAPTATION,classification,COMMON_DIRECTION_3CLASS,COMMON_DIRECTION_3CLASS,CORE_OHLCV_TECH,5,after the published official close for session t,close_t,direction_label = UP if close[t+h]/close[t]-1 > 1e-8; DOWN if < -1e-8; otherwise FLAT,close[t+h],probability_vector_DOWN_FLAT_UP,multiclass_brier_loss,expanding training-only class frequencies with Laplace alpha=1 as-of each decision,TO_BE_FROZEN_AFTER_PPR4_SOURCE_ELIGIBILITY,false,NONE,3,PROPOSED_NOT_AUTHORIZED,PPR4_DATA_GATE_THEN_PPR5_CODE_GATE_THEN_PPR6_EXACT_SNAPSHOT_PASS
C012_EXTERNAL_MARKET_5S,C012,P12,NONE,RNN classifier,RNN_DIRECTION,PROJECT-ADAPTATION,classification,COMMON_DIRECTION_3CLASS,COMMON_DIRECTION_3CLASS,EXTERNAL_MARKET,5,after the published official close for session t,close_t,direction_label = UP if close[t+h]/close[t]-1 > 1e-8; DOWN if < -1e-8; otherwise FLAT,close[t+h],probability_vector_DOWN_FLAT_UP,multiclass_brier_loss,expanding training-only class frequencies with Laplace alpha=1 as-of each decision,TO_BE_FROZEN_AFTER_PPR4_SOURCE_ELIGIBILITY,false,NONE,3,PROPOSED_NOT_AUTHORIZED,PPR4_DATA_GATE_THEN_PPR5_CODE_GATE_THEN_PPR6_EXACT_SNAPSHOT_PASS
C012_FLOWS_OPTIONS_5S,C012,P12,NONE,RNN classifier,RNN_DIRECTION,PROJECT-ADAPTATION,classification,COMMON_DIRECTION_3CLASS,COMMON_DIRECTION_3CLASS,FLOWS_OPTIONS,5,after the published official close for session t,close_t,direction_label = UP if close[t+h]/close[t]-1 > 1e-8; DOWN if < -1e-8; otherwise FLAT,close[t+h],probability_vector_DOWN_FLAT_UP,multiclass_brier_loss,expanding training-only class frequencies with Laplace alpha=1 as-of each decision,TO_BE_FROZEN_AFTER_PPR4_SOURCE_ELIGIBILITY,false,NONE,3,PROPOSED_NOT_AUTHORIZED,PPR4_DATA_GATE_THEN_PPR5_CODE_GATE_THEN_PPR6_EXACT_SNAPSHOT_PASS
C012_TIMESTAMPED_SENTIMENT_FUSION_5S,C012,P12,NONE,RNN classifier,RNN_DIRECTION,PROJECT-ADAPTATION,classification,COMMON_DIRECTION_3CLASS,COMMON_DIRECTION_3CLASS,TIMESTAMPED_SENTIMENT_FUSION,5,after the published official close for session t,close_t,direction_label = UP if close[t+h]/close[t]-1 > 1e-8; DOWN if < -1e-8; otherwise FLAT,close[t+h],probability_vector_DOWN_FLAT_UP,multiclass_brier_loss,expanding training-only class frequencies with Laplace alpha=1 as-of each decision,TO_BE_FROZEN_AFTER_PPR4_SOURCE_ELIGIBILITY,false,NONE,3,PROPOSED_NOT_AUTHORIZED,PPR4_DATA_GATE_THEN_PPR5_CODE_GATE_THEN_PPR6_EXACT_SNAPSHOT_PASS
C012_CORE_OHLCV_TECH_10S,C012,P12,NONE,RNN classifier,RNN_DIRECTION,PROJECT-ADAPTATION,classification,COMMON_DIRECTION_3CLASS,COMMON_DIRECTION_3CLASS,CORE_OHLCV_TECH,10,after the published official close for session t,close_t,direction_label = UP if close[t+h]/close[t]-1 > 1e-8; DOWN if < -1e-8; otherwise FLAT,close[t+h],probability_vector_DOWN_FLAT_UP,multiclass_brier_loss,expanding training-only class frequencies with Laplace alpha=1 as-of each decision,TO_BE_FROZEN_AFTER_PPR4_SOURCE_ELIGIBILITY,false,NONE,3,PROPOSED_NOT_AUTHORIZED,PPR4_DATA_GATE_THEN_PPR5_CODE_GATE_THEN_PPR6_EXACT_SNAPSHOT_PASS
C012_EXTERNAL_MARKET_10S,C012,P12,NONE,RNN classifier,RNN_DIRECTION,PROJECT-ADAPTATION,classification,COMMON_DIRECTION_3CLASS,COMMON_DIRECTION_3CLASS,EXTERNAL_MARKET,10,after the published official close for session t,close_t,direction_label = UP if close[t+h]/close[t]-1 > 1e-8; DOWN if < -1e-8; otherwise FLAT,close[t+h],probability_vector_DOWN_FLAT_UP,multiclass_brier_loss,expanding training-only class frequencies with Laplace alpha=1 as-of each decision,TO_BE_FROZEN_AFTER_PPR4_SOURCE_ELIGIBILITY,false,NONE,3,PROPOSED_NOT_AUTHORIZED,PPR4_DATA_GATE_THEN_PPR5_CODE_GATE_THEN_PPR6_EXACT_SNAPSHOT_PASS
C012_FLOWS_OPTIONS_10S,C012,P12,NONE,RNN classifier,RNN_DIRECTION,PROJECT-ADAPTATION,classification,COMMON_DIRECTION_3CLASS,COMMON_DIRECTION_3CLASS,FLOWS_OPTIONS,10,after the published official close for session t,close_t,direction_label = UP if close[t+h]/close[t]-1 > 1e-8; DOWN if < -1e-8; otherwise FLAT,close[t+h],probability_vector_DOWN_FLAT_UP,multiclass_brier_loss,expanding training-only class frequencies with Laplace alpha=1 as-of each decision,TO_BE_FROZEN_AFTER_PPR4_SOURCE_ELIGIBILITY,false,NONE,3,PROPOSED_NOT_AUTHORIZED,PPR4_DATA_GATE_THEN_PPR5_CODE_GATE_THEN_PPR6_EXACT_SNAPSHOT_PASS
C012_TIMESTAMPED_SENTIMENT_FUSION_10S,C012,P12,NONE,RNN classifier,RNN_DIRECTION,PROJECT-ADAPTATION,classification,COMMON_DIRECTION_3CLASS,COMMON_DIRECTION_3CLASS,TIMESTAMPED_SENTIMENT_FUSION,10,after the published official close for session t,close_t,direction_label = UP if close[t+h]/close[t]-1 > 1e-8; DOWN if < -1e-8; otherwise FLAT,close[t+h],probability_vector_DOWN_FLAT_UP,multiclass_brier_loss,expanding training-only class frequencies with Laplace alpha=1 as-of each decision,TO_BE_FROZEN_AFTER_PPR4_SOURCE_ELIGIBILITY,false,NONE,3,PROPOSED_NOT_AUTHORIZED,PPR4_DATA_GATE_THEN_PPR5_CODE_GATE_THEN_PPR6_EXACT_SNAPSHOT_PASS
C013_CORE_OHLCV_TECH_1S,C013,P10,NONE,GRU classifier,GRU_DIRECTION,PROJECT-ADAPTATION,classification,COMMON_DIRECTION_3CLASS,COMMON_DIRECTION_3CLASS,CORE_OHLCV_TECH,1,after the published official close for session t,close_t,direction_label = UP if close[t+h]/close[t]-1 > 1e-8; DOWN if < -1e-8; otherwise FLAT,close[t+h],probability_vector_DOWN_FLAT_UP,multiclass_brier_loss,expanding training-only class frequencies with Laplace alpha=1 as-of each decision,TO_BE_FROZEN_AFTER_PPR4_SOURCE_ELIGIBILITY,false,NONE,3,PROPOSED_NOT_AUTHORIZED,PPR4_DATA_GATE_THEN_PPR5_CODE_GATE_THEN_PPR6_EXACT_SNAPSHOT_PASS
C013_EXTERNAL_MARKET_1S,C013,P10,NONE,GRU classifier,GRU_DIRECTION,PROJECT-ADAPTATION,classification,COMMON_DIRECTION_3CLASS,COMMON_DIRECTION_3CLASS,EXTERNAL_MARKET,1,after the published official close for session t,close_t,direction_label = UP if close[t+h]/close[t]-1 > 1e-8; DOWN if < -1e-8; otherwise FLAT,close[t+h],probability_vector_DOWN_FLAT_UP,multiclass_brier_loss,expanding training-only class frequencies with Laplace alpha=1 as-of each decision,TO_BE_FROZEN_AFTER_PPR4_SOURCE_ELIGIBILITY,false,NONE,3,PROPOSED_NOT_AUTHORIZED,PPR4_DATA_GATE_THEN_PPR5_CODE_GATE_THEN_PPR6_EXACT_SNAPSHOT_PASS
C013_FLOWS_OPTIONS_1S,C013,P10,NONE,GRU classifier,GRU_DIRECTION,PROJECT-ADAPTATION,classification,COMMON_DIRECTION_3CLASS,COMMON_DIRECTION_3CLASS,FLOWS_OPTIONS,1,after the published official close for session t,close_t,direction_label = UP if close[t+h]/close[t]-1 > 1e-8; DOWN if < -1e-8; otherwise FLAT,close[t+h],probability_vector_DOWN_FLAT_UP,multiclass_brier_loss,expanding training-only class frequencies with Laplace alpha=1 as-of each decision,TO_BE_FROZEN_AFTER_PPR4_SOURCE_ELIGIBILITY,false,NONE,3,PROPOSED_NOT_AUTHORIZED,PPR4_DATA_GATE_THEN_PPR5_CODE_GATE_THEN_PPR6_EXACT_SNAPSHOT_PASS
C013_TIMESTAMPED_SENTIMENT_FUSION_1S,C013,P10,NONE,GRU classifier,GRU_DIRECTION,PROJECT-ADAPTATION,classification,COMMON_DIRECTION_3CLASS,COMMON_DIRECTION_3CLASS,TIMESTAMPED_SENTIMENT_FUSION,1,after the published official close for session t,close_t,direction_label = UP if close[t+h]/close[t]-1 > 1e-8; DOWN if < -1e-8; otherwise FLAT,close[t+h],probability_vector_DOWN_FLAT_UP,multiclass_brier_loss,expanding training-only class frequencies with Laplace alpha=1 as-of each decision,TO_BE_FROZEN_AFTER_PPR4_SOURCE_ELIGIBILITY,false,NONE,3,PROPOSED_NOT_AUTHORIZED,PPR4_DATA_GATE_THEN_PPR5_CODE_GATE_THEN_PPR6_EXACT_SNAPSHOT_PASS
C013_CORE_OHLCV_TECH_2S,C013,P10,NONE,GRU classifier,GRU_DIRECTION,PROJECT-ADAPTATION,classification,COMMON_DIRECTION_3CLASS,COMMON_DIRECTION_3CLASS,CORE_OHLCV_TECH,2,after the published official close for session t,close_t,direction_label = UP if close[t+h]/close[t]-1 > 1e-8; DOWN if < -1e-8; otherwise FLAT,close[t+h],probability_vector_DOWN_FLAT_UP,multiclass_brier_loss,expanding training-only class frequencies with Laplace alpha=1 as-of each decision,TO_BE_FROZEN_AFTER_PPR4_SOURCE_ELIGIBILITY,false,NONE,3,PROPOSED_NOT_AUTHORIZED,PPR4_DATA_GATE_THEN_PPR5_CODE_GATE_THEN_PPR6_EXACT_SNAPSHOT_PASS
C013_EXTERNAL_MARKET_2S,C013,P10,NONE,GRU classifier,GRU_DIRECTION,PROJECT-ADAPTATION,classification,COMMON_DIRECTION_3CLASS,COMMON_DIRECTION_3CLASS,EXTERNAL_MARKET,2,after the published official close for session t,close_t,direction_label = UP if close[t+h]/close[t]-1 > 1e-8; DOWN if < -1e-8; otherwise FLAT,close[t+h],probability_vector_DOWN_FLAT_UP,multiclass_brier_loss,expanding training-only class frequencies with Laplace alpha=1 as-of each decision,TO_BE_FROZEN_AFTER_PPR4_SOURCE_ELIGIBILITY,false,NONE,3,PROPOSED_NOT_AUTHORIZED,PPR4_DATA_GATE_THEN_PPR5_CODE_GATE_THEN_PPR6_EXACT_SNAPSHOT_PASS
C013_FLOWS_OPTIONS_2S,C013,P10,NONE,GRU classifier,GRU_DIRECTION,PROJECT-ADAPTATION,classification,COMMON_DIRECTION_3CLASS,COMMON_DIRECTION_3CLASS,FLOWS_OPTIONS,2,after the published official close for session t,close_t,direction_label = UP if close[t+h]/close[t]-1 > 1e-8; DOWN if < -1e-8; otherwise FLAT,close[t+h],probability_vector_DOWN_FLAT_UP,multiclass_brier_loss,expanding training-only class frequencies with Laplace alpha=1 as-of each decision,TO_BE_FROZEN_AFTER_PPR4_SOURCE_ELIGIBILITY,false,NONE,3,PROPOSED_NOT_AUTHORIZED,PPR4_DATA_GATE_THEN_PPR5_CODE_GATE_THEN_PPR6_EXACT_SNAPSHOT_PASS
C013_TIMESTAMPED_SENTIMENT_FUSION_2S,C013,P10,NONE,GRU classifier,GRU_DIRECTION,PROJECT-ADAPTATION,classification,COMMON_DIRECTION_3CLASS,COMMON_DIRECTION_3CLASS,TIMESTAMPED_SENTIMENT_FUSION,2,after the published official close for session t,close_t,direction_label = UP if close[t+h]/close[t]-1 > 1e-8; DOWN if < -1e-8; otherwise FLAT,close[t+h],probability_vector_DOWN_FLAT_UP,multiclass_brier_loss,expanding training-only class frequencies with Laplace alpha=1 as-of each decision,TO_BE_FROZEN_AFTER_PPR4_SOURCE_ELIGIBILITY,false,NONE,3,PROPOSED_NOT_AUTHORIZED,PPR4_DATA_GATE_THEN_PPR5_CODE_GATE_THEN_PPR6_EXACT_SNAPSHOT_PASS
C013_CORE_OHLCV_TECH_3S,C013,P10,NONE,GRU classifier,GRU_DIRECTION,PROJECT-ADAPTATION,classification,COMMON_DIRECTION_3CLASS,COMMON_DIRECTION_3CLASS,CORE_OHLCV_TECH,3,after the published official close for session t,close_t,direction_label = UP if close[t+h]/close[t]-1 > 1e-8; DOWN if < -1e-8; otherwise FLAT,close[t+h],probability_vector_DOWN_FLAT_UP,multiclass_brier_loss,expanding training-only class frequencies with Laplace alpha=1 as-of each decision,TO_BE_FROZEN_AFTER_PPR4_SOURCE_ELIGIBILITY,false,NONE,3,PROPOSED_NOT_AUTHORIZED,PPR4_DATA_GATE_THEN_PPR5_CODE_GATE_THEN_PPR6_EXACT_SNAPSHOT_PASS
C013_EXTERNAL_MARKET_3S,C013,P10,NONE,GRU classifier,GRU_DIRECTION,PROJECT-ADAPTATION,classification,COMMON_DIRECTION_3CLASS,COMMON_DIRECTION_3CLASS,EXTERNAL_MARKET,3,after the published official close for session t,close_t,direction_label = UP if close[t+h]/close[t]-1 > 1e-8; DOWN if < -1e-8; otherwise FLAT,close[t+h],probability_vector_DOWN_FLAT_UP,multiclass_brier_loss,expanding training-only class frequencies with Laplace alpha=1 as-of each decision,TO_BE_FROZEN_AFTER_PPR4_SOURCE_ELIGIBILITY,false,NONE,3,PROPOSED_NOT_AUTHORIZED,PPR4_DATA_GATE_THEN_PPR5_CODE_GATE_THEN_PPR6_EXACT_SNAPSHOT_PASS
C013_FLOWS_OPTIONS_3S,C013,P10,NONE,GRU classifier,GRU_DIRECTION,PROJECT-ADAPTATION,classification,COMMON_DIRECTION_3CLASS,COMMON_DIRECTION_3CLASS,FLOWS_OPTIONS,3,after the published official close for session t,close_t,direction_label = UP if close[t+h]/close[t]-1 > 1e-8; DOWN if < -1e-8; otherwise FLAT,close[t+h],probability_vector_DOWN_FLAT_UP,multiclass_brier_loss,expanding training-only class frequencies with Laplace alpha=1 as-of each decision,TO_BE_FROZEN_AFTER_PPR4_SOURCE_ELIGIBILITY,false,NONE,3,PROPOSED_NOT_AUTHORIZED,PPR4_DATA_GATE_THEN_PPR5_CODE_GATE_THEN_PPR6_EXACT_SNAPSHOT_PASS
C013_TIMESTAMPED_SENTIMENT_FUSION_3S,C013,P10,NONE,GRU classifier,GRU_DIRECTION,PROJECT-ADAPTATION,classification,COMMON_DIRECTION_3CLASS,COMMON_DIRECTION_3CLASS,TIMESTAMPED_SENTIMENT_FUSION,3,after the published official close for session t,close_t,direction_label = UP if close[t+h]/close[t]-1 > 1e-8; DOWN if < -1e-8; otherwise FLAT,close[t+h],probability_vector_DOWN_FLAT_UP,multiclass_brier_loss,expanding training-only class frequencies with Laplace alpha=1 as-of each decision,TO_BE_FROZEN_AFTER_PPR4_SOURCE_ELIGIBILITY,false,NONE,3,PROPOSED_NOT_AUTHORIZED,PPR4_DATA_GATE_THEN_PPR5_CODE_GATE_THEN_PPR6_EXACT_SNAPSHOT_PASS
C013_CORE_OHLCV_TECH_5S,C013,P10,NONE,GRU classifier,GRU_DIRECTION,PROJECT-ADAPTATION,classification,COMMON_DIRECTION_3CLASS,COMMON_DIRECTION_3CLASS,CORE_OHLCV_TECH,5,after the published official close for session t,close_t,direction_label = UP if close[t+h]/close[t]-1 > 1e-8; DOWN if < -1e-8; otherwise FLAT,close[t+h],probability_vector_DOWN_FLAT_UP,multiclass_brier_loss,expanding training-only class frequencies with Laplace alpha=1 as-of each decision,TO_BE_FROZEN_AFTER_PPR4_SOURCE_ELIGIBILITY,false,NONE,3,PROPOSED_NOT_AUTHORIZED,PPR4_DATA_GATE_THEN_PPR5_CODE_GATE_THEN_PPR6_EXACT_SNAPSHOT_PASS
C013_EXTERNAL_MARKET_5S,C013,P10,NONE,GRU classifier,GRU_DIRECTION,PROJECT-ADAPTATION,classification,COMMON_DIRECTION_3CLASS,COMMON_DIRECTION_3CLASS,EXTERNAL_MARKET,5,after the published official close for session t,close_t,direction_label = UP if close[t+h]/close[t]-1 > 1e-8; DOWN if < -1e-8; otherwise FLAT,close[t+h],probability_vector_DOWN_FLAT_UP,multiclass_brier_loss,expanding training-only class frequencies with Laplace alpha=1 as-of each decision,TO_BE_FROZEN_AFTER_PPR4_SOURCE_ELIGIBILITY,false,NONE,3,PROPOSED_NOT_AUTHORIZED,PPR4_DATA_GATE_THEN_PPR5_CODE_GATE_THEN_PPR6_EXACT_SNAPSHOT_PASS
C013_FLOWS_OPTIONS_5S,C013,P10,NONE,GRU classifier,GRU_DIRECTION,PROJECT-ADAPTATION,classification,COMMON_DIRECTION_3CLASS,COMMON_DIRECTION_3CLASS,FLOWS_OPTIONS,5,after the published official close for session t,close_t,direction_label = UP if close[t+h]/close[t]-1 > 1e-8; DOWN if < -1e-8; otherwise FLAT,close[t+h],probability_vector_DOWN_FLAT_UP,multiclass_brier_loss,expanding training-only class frequencies with Laplace alpha=1 as-of each decision,TO_BE_FROZEN_AFTER_PPR4_SOURCE_ELIGIBILITY,false,NONE,3,PROPOSED_NOT_AUTHORIZED,PPR4_DATA_GATE_THEN_PPR5_CODE_GATE_THEN_PPR6_EXACT_SNAPSHOT_PASS
C013_TIMESTAMPED_SENTIMENT_FUSION_5S,C013,P10,NONE,GRU classifier,GRU_DIRECTION,PROJECT-ADAPTATION,classification,COMMON_DIRECTION_3CLASS,COMMON_DIRECTION_3CLASS,TIMESTAMPED_SENTIMENT_FUSION,5,after the published official close for session t,close_t,direction_label = UP if close[t+h]/close[t]-1 > 1e-8; DOWN if < -1e-8; otherwise FLAT,close[t+h],probability_vector_DOWN_FLAT_UP,multiclass_brier_loss,expanding training-only class frequencies with Laplace alpha=1 as-of each decision,TO_BE_FROZEN_AFTER_PPR4_SOURCE_ELIGIBILITY,false,NONE,3,PROPOSED_NOT_AUTHORIZED,PPR4_DATA_GATE_THEN_PPR5_CODE_GATE_THEN_PPR6_EXACT_SNAPSHOT_PASS
C013_CORE_OHLCV_TECH_10S,C013,P10,NONE,GRU classifier,GRU_DIRECTION,PROJECT-ADAPTATION,classification,COMMON_DIRECTION_3CLASS,COMMON_DIRECTION_3CLASS,CORE_OHLCV_TECH,10,after the published official close for session t,close_t,direction_label = UP if close[t+h]/close[t]-1 > 1e-8; DOWN if < -1e-8; otherwise FLAT,close[t+h],probability_vector_DOWN_FLAT_UP,multiclass_brier_loss,expanding training-only class frequencies with Laplace alpha=1 as-of each decision,TO_BE_FROZEN_AFTER_PPR4_SOURCE_ELIGIBILITY,false,NONE,3,PROPOSED_NOT_AUTHORIZED,PPR4_DATA_GATE_THEN_PPR5_CODE_GATE_THEN_PPR6_EXACT_SNAPSHOT_PASS
C013_EXTERNAL_MARKET_10S,C013,P10,NONE,GRU classifier,GRU_DIRECTION,PROJECT-ADAPTATION,classification,COMMON_DIRECTION_3CLASS,COMMON_DIRECTION_3CLASS,EXTERNAL_MARKET,10,after the published official close for session t,close_t,direction_label = UP if close[t+h]/close[t]-1 > 1e-8; DOWN if < -1e-8; otherwise FLAT,close[t+h],probability_vector_DOWN_FLAT_UP,multiclass_brier_loss,expanding training-only class frequencies with Laplace alpha=1 as-of each decision,TO_BE_FROZEN_AFTER_PPR4_SOURCE_ELIGIBILITY,false,NONE,3,PROPOSED_NOT_AUTHORIZED,PPR4_DATA_GATE_THEN_PPR5_CODE_GATE_THEN_PPR6_EXACT_SNAPSHOT_PASS
C013_FLOWS_OPTIONS_10S,C013,P10,NONE,GRU classifier,GRU_DIRECTION,PROJECT-ADAPTATION,classification,COMMON_DIRECTION_3CLASS,COMMON_DIRECTION_3CLASS,FLOWS_OPTIONS,10,after the published official close for session t,close_t,direction_label = UP if close[t+h]/close[t]-1 > 1e-8; DOWN if < -1e-8; otherwise FLAT,close[t+h],probability_vector_DOWN_FLAT_UP,multiclass_brier_loss,expanding training-only class frequencies with Laplace alpha=1 as-of each decision,TO_BE_FROZEN_AFTER_PPR4_SOURCE_ELIGIBILITY,false,NONE,3,PROPOSED_NOT_AUTHORIZED,PPR4_DATA_GATE_THEN_PPR5_CODE_GATE_THEN_PPR6_EXACT_SNAPSHOT_PASS
C013_TIMESTAMPED_SENTIMENT_FUSION_10S,C013,P10,NONE,GRU classifier,GRU_DIRECTION,PROJECT-ADAPTATION,classification,COMMON_DIRECTION_3CLASS,COMMON_DIRECTION_3CLASS,TIMESTAMPED_SENTIMENT_FUSION,10,after the published official close for session t,close_t,direction_label = UP if close[t+h]/close[t]-1 > 1e-8; DOWN if < -1e-8; otherwise FLAT,close[t+h],probability_vector_DOWN_FLAT_UP,multiclass_brier_loss,expanding training-only class frequencies with Laplace alpha=1 as-of each decision,TO_BE_FROZEN_AFTER_PPR4_SOURCE_ELIGIBILITY,false,NONE,3,PROPOSED_NOT_AUTHORIZED,PPR4_DATA_GATE_THEN_PPR5_CODE_GATE_THEN_PPR6_EXACT_SNAPSHOT_PASS
C014_CORE_OHLCV_TECH_1S,C014,P12,NONE,1-D CNN classifier,CNN_DIRECTION,PROJECT-ADAPTATION,classification,COMMON_DIRECTION_3CLASS,COMMON_DIRECTION_3CLASS,CORE_OHLCV_TECH,1,after the published official close for session t,close_t,direction_label = UP if close[t+h]/close[t]-1 > 1e-8; DOWN if < -1e-8; otherwise FLAT,close[t+h],probability_vector_DOWN_FLAT_UP,multiclass_brier_loss,expanding training-only class frequencies with Laplace alpha=1 as-of each decision,TO_BE_FROZEN_AFTER_PPR4_SOURCE_ELIGIBILITY,false,NONE,3,PROPOSED_NOT_AUTHORIZED,PPR4_DATA_GATE_THEN_PPR5_CODE_GATE_THEN_PPR6_EXACT_SNAPSHOT_PASS
C014_EXTERNAL_MARKET_1S,C014,P12,NONE,1-D CNN classifier,CNN_DIRECTION,PROJECT-ADAPTATION,classification,COMMON_DIRECTION_3CLASS,COMMON_DIRECTION_3CLASS,EXTERNAL_MARKET,1,after the published official close for session t,close_t,direction_label = UP if close[t+h]/close[t]-1 > 1e-8; DOWN if < -1e-8; otherwise FLAT,close[t+h],probability_vector_DOWN_FLAT_UP,multiclass_brier_loss,expanding training-only class frequencies with Laplace alpha=1 as-of each decision,TO_BE_FROZEN_AFTER_PPR4_SOURCE_ELIGIBILITY,false,NONE,3,PROPOSED_NOT_AUTHORIZED,PPR4_DATA_GATE_THEN_PPR5_CODE_GATE_THEN_PPR6_EXACT_SNAPSHOT_PASS
C014_FLOWS_OPTIONS_1S,C014,P12,NONE,1-D CNN classifier,CNN_DIRECTION,PROJECT-ADAPTATION,classification,COMMON_DIRECTION_3CLASS,COMMON_DIRECTION_3CLASS,FLOWS_OPTIONS,1,after the published official close for session t,close_t,direction_label = UP if close[t+h]/close[t]-1 > 1e-8; DOWN if < -1e-8; otherwise FLAT,close[t+h],probability_vector_DOWN_FLAT_UP,multiclass_brier_loss,expanding training-only class frequencies with Laplace alpha=1 as-of each decision,TO_BE_FROZEN_AFTER_PPR4_SOURCE_ELIGIBILITY,false,NONE,3,PROPOSED_NOT_AUTHORIZED,PPR4_DATA_GATE_THEN_PPR5_CODE_GATE_THEN_PPR6_EXACT_SNAPSHOT_PASS
C014_TIMESTAMPED_SENTIMENT_FUSION_1S,C014,P12,NONE,1-D CNN classifier,CNN_DIRECTION,PROJECT-ADAPTATION,classification,COMMON_DIRECTION_3CLASS,COMMON_DIRECTION_3CLASS,TIMESTAMPED_SENTIMENT_FUSION,1,after the published official close for session t,close_t,direction_label = UP if close[t+h]/close[t]-1 > 1e-8; DOWN if < -1e-8; otherwise FLAT,close[t+h],probability_vector_DOWN_FLAT_UP,multiclass_brier_loss,expanding training-only class frequencies with Laplace alpha=1 as-of each decision,TO_BE_FROZEN_AFTER_PPR4_SOURCE_ELIGIBILITY,false,NONE,3,PROPOSED_NOT_AUTHORIZED,PPR4_DATA_GATE_THEN_PPR5_CODE_GATE_THEN_PPR6_EXACT_SNAPSHOT_PASS
C014_CORE_OHLCV_TECH_2S,C014,P12,NONE,1-D CNN classifier,CNN_DIRECTION,PROJECT-ADAPTATION,classification,COMMON_DIRECTION_3CLASS,COMMON_DIRECTION_3CLASS,CORE_OHLCV_TECH,2,after the published official close for session t,close_t,direction_label = UP if close[t+h]/close[t]-1 > 1e-8; DOWN if < -1e-8; otherwise FLAT,close[t+h],probability_vector_DOWN_FLAT_UP,multiclass_brier_loss,expanding training-only class frequencies with Laplace alpha=1 as-of each decision,TO_BE_FROZEN_AFTER_PPR4_SOURCE_ELIGIBILITY,false,NONE,3,PROPOSED_NOT_AUTHORIZED,PPR4_DATA_GATE_THEN_PPR5_CODE_GATE_THEN_PPR6_EXACT_SNAPSHOT_PASS
C014_EXTERNAL_MARKET_2S,C014,P12,NONE,1-D CNN classifier,CNN_DIRECTION,PROJECT-ADAPTATION,classification,COMMON_DIRECTION_3CLASS,COMMON_DIRECTION_3CLASS,EXTERNAL_MARKET,2,after the published official close for session t,close_t,direction_label = UP if close[t+h]/close[t]-1 > 1e-8; DOWN if < -1e-8; otherwise FLAT,close[t+h],probability_vector_DOWN_FLAT_UP,multiclass_brier_loss,expanding training-only class frequencies with Laplace alpha=1 as-of each decision,TO_BE_FROZEN_AFTER_PPR4_SOURCE_ELIGIBILITY,false,NONE,3,PROPOSED_NOT_AUTHORIZED,PPR4_DATA_GATE_THEN_PPR5_CODE_GATE_THEN_PPR6_EXACT_SNAPSHOT_PASS
C014_FLOWS_OPTIONS_2S,C014,P12,NONE,1-D CNN classifier,CNN_DIRECTION,PROJECT-ADAPTATION,classification,COMMON_DIRECTION_3CLASS,COMMON_DIRECTION_3CLASS,FLOWS_OPTIONS,2,after the published official close for session t,close_t,direction_label = UP if close[t+h]/close[t]-1 > 1e-8; DOWN if < -1e-8; otherwise FLAT,close[t+h],probability_vector_DOWN_FLAT_UP,multiclass_brier_loss,expanding training-only class frequencies with Laplace alpha=1 as-of each decision,TO_BE_FROZEN_AFTER_PPR4_SOURCE_ELIGIBILITY,false,NONE,3,PROPOSED_NOT_AUTHORIZED,PPR4_DATA_GATE_THEN_PPR5_CODE_GATE_THEN_PPR6_EXACT_SNAPSHOT_PASS
C014_TIMESTAMPED_SENTIMENT_FUSION_2S,C014,P12,NONE,1-D CNN classifier,CNN_DIRECTION,PROJECT-ADAPTATION,classification,COMMON_DIRECTION_3CLASS,COMMON_DIRECTION_3CLASS,TIMESTAMPED_SENTIMENT_FUSION,2,after the published official close for session t,close_t,direction_label = UP if close[t+h]/close[t]-1 > 1e-8; DOWN if < -1e-8; otherwise FLAT,close[t+h],probability_vector_DOWN_FLAT_UP,multiclass_brier_loss,expanding training-only class frequencies with Laplace alpha=1 as-of each decision,TO_BE_FROZEN_AFTER_PPR4_SOURCE_ELIGIBILITY,false,NONE,3,PROPOSED_NOT_AUTHORIZED,PPR4_DATA_GATE_THEN_PPR5_CODE_GATE_THEN_PPR6_EXACT_SNAPSHOT_PASS
C014_CORE_OHLCV_TECH_3S,C014,P12,NONE,1-D CNN classifier,CNN_DIRECTION,PROJECT-ADAPTATION,classification,COMMON_DIRECTION_3CLASS,COMMON_DIRECTION_3CLASS,CORE_OHLCV_TECH,3,after the published official close for session t,close_t,direction_label = UP if close[t+h]/close[t]-1 > 1e-8; DOWN if < -1e-8; otherwise FLAT,close[t+h],probability_vector_DOWN_FLAT_UP,multiclass_brier_loss,expanding training-only class frequencies with Laplace alpha=1 as-of each decision,TO_BE_FROZEN_AFTER_PPR4_SOURCE_ELIGIBILITY,false,NONE,3,PROPOSED_NOT_AUTHORIZED,PPR4_DATA_GATE_THEN_PPR5_CODE_GATE_THEN_PPR6_EXACT_SNAPSHOT_PASS
C014_EXTERNAL_MARKET_3S,C014,P12,NONE,1-D CNN classifier,CNN_DIRECTION,PROJECT-ADAPTATION,classification,COMMON_DIRECTION_3CLASS,COMMON_DIRECTION_3CLASS,EXTERNAL_MARKET,3,after the published official close for session t,close_t,direction_label = UP if close[t+h]/close[t]-1 > 1e-8; DOWN if < -1e-8; otherwise FLAT,close[t+h],probability_vector_DOWN_FLAT_UP,multiclass_brier_loss,expanding training-only class frequencies with Laplace alpha=1 as-of each decision,TO_BE_FROZEN_AFTER_PPR4_SOURCE_ELIGIBILITY,false,NONE,3,PROPOSED_NOT_AUTHORIZED,PPR4_DATA_GATE_THEN_PPR5_CODE_GATE_THEN_PPR6_EXACT_SNAPSHOT_PASS
C014_FLOWS_OPTIONS_3S,C014,P12,NONE,1-D CNN classifier,CNN_DIRECTION,PROJECT-ADAPTATION,classification,COMMON_DIRECTION_3CLASS,COMMON_DIRECTION_3CLASS,FLOWS_OPTIONS,3,after the published official close for session t,close_t,direction_label = UP if close[t+h]/close[t]-1 > 1e-8; DOWN if < -1e-8; otherwise FLAT,close[t+h],probability_vector_DOWN_FLAT_UP,multiclass_brier_loss,expanding training-only class frequencies with Laplace alpha=1 as-of each decision,TO_BE_FROZEN_AFTER_PPR4_SOURCE_ELIGIBILITY,false,NONE,3,PROPOSED_NOT_AUTHORIZED,PPR4_DATA_GATE_THEN_PPR5_CODE_GATE_THEN_PPR6_EXACT_SNAPSHOT_PASS
C014_TIMESTAMPED_SENTIMENT_FUSION_3S,C014,P12,NONE,1-D CNN classifier,CNN_DIRECTION,PROJECT-ADAPTATION,classification,COMMON_DIRECTION_3CLASS,COMMON_DIRECTION_3CLASS,TIMESTAMPED_SENTIMENT_FUSION,3,after the published official close for session t,close_t,direction_label = UP if close[t+h]/close[t]-1 > 1e-8; DOWN if < -1e-8; otherwise FLAT,close[t+h],probability_vector_DOWN_FLAT_UP,multiclass_brier_loss,expanding training-only class frequencies with Laplace alpha=1 as-of each decision,TO_BE_FROZEN_AFTER_PPR4_SOURCE_ELIGIBILITY,false,NONE,3,PROPOSED_NOT_AUTHORIZED,PPR4_DATA_GATE_THEN_PPR5_CODE_GATE_THEN_PPR6_EXACT_SNAPSHOT_PASS
C014_CORE_OHLCV_TECH_5S,C014,P12,NONE,1-D CNN classifier,CNN_DIRECTION,PROJECT-ADAPTATION,classification,COMMON_DIRECTION_3CLASS,COMMON_DIRECTION_3CLASS,CORE_OHLCV_TECH,5,after the published official close for session t,close_t,direction_label = UP if close[t+h]/close[t]-1 > 1e-8; DOWN if < -1e-8; otherwise FLAT,close[t+h],probability_vector_DOWN_FLAT_UP,multiclass_brier_loss,expanding training-only class frequencies with Laplace alpha=1 as-of each decision,TO_BE_FROZEN_AFTER_PPR4_SOURCE_ELIGIBILITY,false,NONE,3,PROPOSED_NOT_AUTHORIZED,PPR4_DATA_GATE_THEN_PPR5_CODE_GATE_THEN_PPR6_EXACT_SNAPSHOT_PASS
C014_EXTERNAL_MARKET_5S,C014,P12,NONE,1-D CNN classifier,CNN_DIRECTION,PROJECT-ADAPTATION,classification,COMMON_DIRECTION_3CLASS,COMMON_DIRECTION_3CLASS,EXTERNAL_MARKET,5,after the published official close for session t,close_t,direction_label = UP if close[t+h]/close[t]-1 > 1e-8; DOWN if < -1e-8; otherwise FLAT,close[t+h],probability_vector_DOWN_FLAT_UP,multiclass_brier_loss,expanding training-only class frequencies with Laplace alpha=1 as-of each decision,TO_BE_FROZEN_AFTER_PPR4_SOURCE_ELIGIBILITY,false,NONE,3,PROPOSED_NOT_AUTHORIZED,PPR4_DATA_GATE_THEN_PPR5_CODE_GATE_THEN_PPR6_EXACT_SNAPSHOT_PASS
C014_FLOWS_OPTIONS_5S,C014,P12,NONE,1-D CNN classifier,CNN_DIRECTION,PROJECT-ADAPTATION,classification,COMMON_DIRECTION_3CLASS,COMMON_DIRECTION_3CLASS,FLOWS_OPTIONS,5,after the published official close for session t,close_t,direction_label = UP if close[t+h]/close[t]-1 > 1e-8; DOWN if < -1e-8; otherwise FLAT,close[t+h],probability_vector_DOWN_FLAT_UP,multiclass_brier_loss,expanding training-only class frequencies with Laplace alpha=1 as-of each decision,TO_BE_FROZEN_AFTER_PPR4_SOURCE_ELIGIBILITY,false,NONE,3,PROPOSED_NOT_AUTHORIZED,PPR4_DATA_GATE_THEN_PPR5_CODE_GATE_THEN_PPR6_EXACT_SNAPSHOT_PASS
C014_TIMESTAMPED_SENTIMENT_FUSION_5S,C014,P12,NONE,1-D CNN classifier,CNN_DIRECTION,PROJECT-ADAPTATION,classification,COMMON_DIRECTION_3CLASS,COMMON_DIRECTION_3CLASS,TIMESTAMPED_SENTIMENT_FUSION,5,after the published official close for session t,close_t,direction_label = UP if close[t+h]/close[t]-1 > 1e-8; DOWN if < -1e-8; otherwise FLAT,close[t+h],probability_vector_DOWN_FLAT_UP,multiclass_brier_loss,expanding training-only class frequencies with Laplace alpha=1 as-of each decision,TO_BE_FROZEN_AFTER_PPR4_SOURCE_ELIGIBILITY,false,NONE,3,PROPOSED_NOT_AUTHORIZED,PPR4_DATA_GATE_THEN_PPR5_CODE_GATE_THEN_PPR6_EXACT_SNAPSHOT_PASS
C014_CORE_OHLCV_TECH_10S,C014,P12,NONE,1-D CNN classifier,CNN_DIRECTION,PROJECT-ADAPTATION,classification,COMMON_DIRECTION_3CLASS,COMMON_DIRECTION_3CLASS,CORE_OHLCV_TECH,10,after the published official close for session t,close_t,direction_label = UP if close[t+h]/close[t]-1 > 1e-8; DOWN if < -1e-8; otherwise FLAT,close[t+h],probability_vector_DOWN_FLAT_UP,multiclass_brier_loss,expanding training-only class frequencies with Laplace alpha=1 as-of each decision,TO_BE_FROZEN_AFTER_PPR4_SOURCE_ELIGIBILITY,false,NONE,3,PROPOSED_NOT_AUTHORIZED,PPR4_DATA_GATE_THEN_PPR5_CODE_GATE_THEN_PPR6_EXACT_SNAPSHOT_PASS
C014_EXTERNAL_MARKET_10S,C014,P12,NONE,1-D CNN classifier,CNN_DIRECTION,PROJECT-ADAPTATION,classification,COMMON_DIRECTION_3CLASS,COMMON_DIRECTION_3CLASS,EXTERNAL_MARKET,10,after the published official close for session t,close_t,direction_label = UP if close[t+h]/close[t]-1 > 1e-8; DOWN if < -1e-8; otherwise FLAT,close[t+h],probability_vector_DOWN_FLAT_UP,multiclass_brier_loss,expanding training-only class frequencies with Laplace alpha=1 as-of each decision,TO_BE_FROZEN_AFTER_PPR4_SOURCE_ELIGIBILITY,false,NONE,3,PROPOSED_NOT_AUTHORIZED,PPR4_DATA_GATE_THEN_PPR5_CODE_GATE_THEN_PPR6_EXACT_SNAPSHOT_PASS
C014_FLOWS_OPTIONS_10S,C014,P12,NONE,1-D CNN classifier,CNN_DIRECTION,PROJECT-ADAPTATION,classification,COMMON_DIRECTION_3CLASS,COMMON_DIRECTION_3CLASS,FLOWS_OPTIONS,10,after the published official close for session t,close_t,direction_label = UP if close[t+h]/close[t]-1 > 1e-8; DOWN if < -1e-8; otherwise FLAT,close[t+h],probability_vector_DOWN_FLAT_UP,multiclass_brier_loss,expanding training-only class frequencies with Laplace alpha=1 as-of each decision,TO_BE_FROZEN_AFTER_PPR4_SOURCE_ELIGIBILITY,false,NONE,3,PROPOSED_NOT_AUTHORIZED,PPR4_DATA_GATE_THEN_PPR5_CODE_GATE_THEN_PPR6_EXACT_SNAPSHOT_PASS
C014_TIMESTAMPED_SENTIMENT_FUSION_10S,C014,P12,NONE,1-D CNN classifier,CNN_DIRECTION,PROJECT-ADAPTATION,classification,COMMON_DIRECTION_3CLASS,COMMON_DIRECTION_3CLASS,TIMESTAMPED_SENTIMENT_FUSION,10,after the published official close for session t,close_t,direction_label = UP if close[t+h]/close[t]-1 > 1e-8; DOWN if < -1e-8; otherwise FLAT,close[t+h],probability_vector_DOWN_FLAT_UP,multiclass_brier_loss,expanding training-only class frequencies with Laplace alpha=1 as-of each decision,TO_BE_FROZEN_AFTER_PPR4_SOURCE_ELIGIBILITY,false,NONE,3,PROPOSED_NOT_AUTHORIZED,PPR4_DATA_GATE_THEN_PPR5_CODE_GATE_THEN_PPR6_EXACT_SNAPSHOT_PASS
C015_CORE_OHLCV_TECH_1S,C015,P10,NONE,TCN classifier,TCN_DIRECTION,PROJECT-ADAPTATION,classification,COMMON_DIRECTION_3CLASS,COMMON_DIRECTION_3CLASS,CORE_OHLCV_TECH,1,after the published official close for session t,close_t,direction_label = UP if close[t+h]/close[t]-1 > 1e-8; DOWN if < -1e-8; otherwise FLAT,close[t+h],probability_vector_DOWN_FLAT_UP,multiclass_brier_loss,expanding training-only class frequencies with Laplace alpha=1 as-of each decision,TO_BE_FROZEN_AFTER_PPR4_SOURCE_ELIGIBILITY,false,NONE,3,PROPOSED_NOT_AUTHORIZED,PPR4_DATA_GATE_THEN_PPR5_CODE_GATE_THEN_PPR6_EXACT_SNAPSHOT_PASS
C015_EXTERNAL_MARKET_1S,C015,P10,NONE,TCN classifier,TCN_DIRECTION,PROJECT-ADAPTATION,classification,COMMON_DIRECTION_3CLASS,COMMON_DIRECTION_3CLASS,EXTERNAL_MARKET,1,after the published official close for session t,close_t,direction_label = UP if close[t+h]/close[t]-1 > 1e-8; DOWN if < -1e-8; otherwise FLAT,close[t+h],probability_vector_DOWN_FLAT_UP,multiclass_brier_loss,expanding training-only class frequencies with Laplace alpha=1 as-of each decision,TO_BE_FROZEN_AFTER_PPR4_SOURCE_ELIGIBILITY,false,NONE,3,PROPOSED_NOT_AUTHORIZED,PPR4_DATA_GATE_THEN_PPR5_CODE_GATE_THEN_PPR6_EXACT_SNAPSHOT_PASS
C015_FLOWS_OPTIONS_1S,C015,P10,NONE,TCN classifier,TCN_DIRECTION,PROJECT-ADAPTATION,classification,COMMON_DIRECTION_3CLASS,COMMON_DIRECTION_3CLASS,FLOWS_OPTIONS,1,after the published official close for session t,close_t,direction_label = UP if close[t+h]/close[t]-1 > 1e-8; DOWN if < -1e-8; otherwise FLAT,close[t+h],probability_vector_DOWN_FLAT_UP,multiclass_brier_loss,expanding training-only class frequencies with Laplace alpha=1 as-of each decision,TO_BE_FROZEN_AFTER_PPR4_SOURCE_ELIGIBILITY,false,NONE,3,PROPOSED_NOT_AUTHORIZED,PPR4_DATA_GATE_THEN_PPR5_CODE_GATE_THEN_PPR6_EXACT_SNAPSHOT_PASS
C015_TIMESTAMPED_SENTIMENT_FUSION_1S,C015,P10,NONE,TCN classifier,TCN_DIRECTION,PROJECT-ADAPTATION,classification,COMMON_DIRECTION_3CLASS,COMMON_DIRECTION_3CLASS,TIMESTAMPED_SENTIMENT_FUSION,1,after the published official close for session t,close_t,direction_label = UP if close[t+h]/close[t]-1 > 1e-8; DOWN if < -1e-8; otherwise FLAT,close[t+h],probability_vector_DOWN_FLAT_UP,multiclass_brier_loss,expanding training-only class frequencies with Laplace alpha=1 as-of each decision,TO_BE_FROZEN_AFTER_PPR4_SOURCE_ELIGIBILITY,false,NONE,3,PROPOSED_NOT_AUTHORIZED,PPR4_DATA_GATE_THEN_PPR5_CODE_GATE_THEN_PPR6_EXACT_SNAPSHOT_PASS
C015_CORE_OHLCV_TECH_2S,C015,P10,NONE,TCN classifier,TCN_DIRECTION,PROJECT-ADAPTATION,classification,COMMON_DIRECTION_3CLASS,COMMON_DIRECTION_3CLASS,CORE_OHLCV_TECH,2,after the published official close for session t,close_t,direction_label = UP if close[t+h]/close[t]-1 > 1e-8; DOWN if < -1e-8; otherwise FLAT,close[t+h],probability_vector_DOWN_FLAT_UP,multiclass_brier_loss,expanding training-only class frequencies with Laplace alpha=1 as-of each decision,TO_BE_FROZEN_AFTER_PPR4_SOURCE_ELIGIBILITY,false,NONE,3,PROPOSED_NOT_AUTHORIZED,PPR4_DATA_GATE_THEN_PPR5_CODE_GATE_THEN_PPR6_EXACT_SNAPSHOT_PASS
C015_EXTERNAL_MARKET_2S,C015,P10,NONE,TCN classifier,TCN_DIRECTION,PROJECT-ADAPTATION,classification,COMMON_DIRECTION_3CLASS,COMMON_DIRECTION_3CLASS,EXTERNAL_MARKET,2,after the published official close for session t,close_t,direction_label = UP if close[t+h]/close[t]-1 > 1e-8; DOWN if < -1e-8; otherwise FLAT,close[t+h],probability_vector_DOWN_FLAT_UP,multiclass_brier_loss,expanding training-only class frequencies with Laplace alpha=1 as-of each decision,TO_BE_FROZEN_AFTER_PPR4_SOURCE_ELIGIBILITY,false,NONE,3,PROPOSED_NOT_AUTHORIZED,PPR4_DATA_GATE_THEN_PPR5_CODE_GATE_THEN_PPR6_EXACT_SNAPSHOT_PASS
C015_FLOWS_OPTIONS_2S,C015,P10,NONE,TCN classifier,TCN_DIRECTION,PROJECT-ADAPTATION,classification,COMMON_DIRECTION_3CLASS,COMMON_DIRECTION_3CLASS,FLOWS_OPTIONS,2,after the published official close for session t,close_t,direction_label = UP if close[t+h]/close[t]-1 > 1e-8; DOWN if < -1e-8; otherwise FLAT,close[t+h],probability_vector_DOWN_FLAT_UP,multiclass_brier_loss,expanding training-only class frequencies with Laplace alpha=1 as-of each decision,TO_BE_FROZEN_AFTER_PPR4_SOURCE_ELIGIBILITY,false,NONE,3,PROPOSED_NOT_AUTHORIZED,PPR4_DATA_GATE_THEN_PPR5_CODE_GATE_THEN_PPR6_EXACT_SNAPSHOT_PASS
C015_TIMESTAMPED_SENTIMENT_FUSION_2S,C015,P10,NONE,TCN classifier,TCN_DIRECTION,PROJECT-ADAPTATION,classification,COMMON_DIRECTION_3CLASS,COMMON_DIRECTION_3CLASS,TIMESTAMPED_SENTIMENT_FUSION,2,after the published official close for session t,close_t,direction_label = UP if close[t+h]/close[t]-1 > 1e-8; DOWN if < -1e-8; otherwise FLAT,close[t+h],probability_vector_DOWN_FLAT_UP,multiclass_brier_loss,expanding training-only class frequencies with Laplace alpha=1 as-of each decision,TO_BE_FROZEN_AFTER_PPR4_SOURCE_ELIGIBILITY,false,NONE,3,PROPOSED_NOT_AUTHORIZED,PPR4_DATA_GATE_THEN_PPR5_CODE_GATE_THEN_PPR6_EXACT_SNAPSHOT_PASS
C015_CORE_OHLCV_TECH_3S,C015,P10,NONE,TCN classifier,TCN_DIRECTION,PROJECT-ADAPTATION,classification,COMMON_DIRECTION_3CLASS,COMMON_DIRECTION_3CLASS,CORE_OHLCV_TECH,3,after the published official close for session t,close_t,direction_label = UP if close[t+h]/close[t]-1 > 1e-8; DOWN if < -1e-8; otherwise FLAT,close[t+h],probability_vector_DOWN_FLAT_UP,multiclass_brier_loss,expanding training-only class frequencies with Laplace alpha=1 as-of each decision,TO_BE_FROZEN_AFTER_PPR4_SOURCE_ELIGIBILITY,false,NONE,3,PROPOSED_NOT_AUTHORIZED,PPR4_DATA_GATE_THEN_PPR5_CODE_GATE_THEN_PPR6_EXACT_SNAPSHOT_PASS
C015_EXTERNAL_MARKET_3S,C015,P10,NONE,TCN classifier,TCN_DIRECTION,PROJECT-ADAPTATION,classification,COMMON_DIRECTION_3CLASS,COMMON_DIRECTION_3CLASS,EXTERNAL_MARKET,3,after the published official close for session t,close_t,direction_label = UP if close[t+h]/close[t]-1 > 1e-8; DOWN if < -1e-8; otherwise FLAT,close[t+h],probability_vector_DOWN_FLAT_UP,multiclass_brier_loss,expanding training-only class frequencies with Laplace alpha=1 as-of each decision,TO_BE_FROZEN_AFTER_PPR4_SOURCE_ELIGIBILITY,false,NONE,3,PROPOSED_NOT_AUTHORIZED,PPR4_DATA_GATE_THEN_PPR5_CODE_GATE_THEN_PPR6_EXACT_SNAPSHOT_PASS
C015_FLOWS_OPTIONS_3S,C015,P10,NONE,TCN classifier,TCN_DIRECTION,PROJECT-ADAPTATION,classification,COMMON_DIRECTION_3CLASS,COMMON_DIRECTION_3CLASS,FLOWS_OPTIONS,3,after the published official close for session t,close_t,direction_label = UP if close[t+h]/close[t]-1 > 1e-8; DOWN if < -1e-8; otherwise FLAT,close[t+h],probability_vector_DOWN_FLAT_UP,multiclass_brier_loss,expanding training-only class frequencies with Laplace alpha=1 as-of each decision,TO_BE_FROZEN_AFTER_PPR4_SOURCE_ELIGIBILITY,false,NONE,3,PROPOSED_NOT_AUTHORIZED,PPR4_DATA_GATE_THEN_PPR5_CODE_GATE_THEN_PPR6_EXACT_SNAPSHOT_PASS
C015_TIMESTAMPED_SENTIMENT_FUSION_3S,C015,P10,NONE,TCN classifier,TCN_DIRECTION,PROJECT-ADAPTATION,classification,COMMON_DIRECTION_3CLASS,COMMON_DIRECTION_3CLASS,TIMESTAMPED_SENTIMENT_FUSION,3,after the published official close for session t,close_t,direction_label = UP if close[t+h]/close[t]-1 > 1e-8; DOWN if < -1e-8; otherwise FLAT,close[t+h],probability_vector_DOWN_FLAT_UP,multiclass_brier_loss,expanding training-only class frequencies with Laplace alpha=1 as-of each decision,TO_BE_FROZEN_AFTER_PPR4_SOURCE_ELIGIBILITY,false,NONE,3,PROPOSED_NOT_AUTHORIZED,PPR4_DATA_GATE_THEN_PPR5_CODE_GATE_THEN_PPR6_EXACT_SNAPSHOT_PASS
C015_CORE_OHLCV_TECH_5S,C015,P10,NONE,TCN classifier,TCN_DIRECTION,PROJECT-ADAPTATION,classification,COMMON_DIRECTION_3CLASS,COMMON_DIRECTION_3CLASS,CORE_OHLCV_TECH,5,after the published official close for session t,close_t,direction_label = UP if close[t+h]/close[t]-1 > 1e-8; DOWN if < -1e-8; otherwise FLAT,close[t+h],probability_vector_DOWN_FLAT_UP,multiclass_brier_loss,expanding training-only class frequencies with Laplace alpha=1 as-of each decision,TO_BE_FROZEN_AFTER_PPR4_SOURCE_ELIGIBILITY,false,NONE,3,PROPOSED_NOT_AUTHORIZED,PPR4_DATA_GATE_THEN_PPR5_CODE_GATE_THEN_PPR6_EXACT_SNAPSHOT_PASS
C015_EXTERNAL_MARKET_5S,C015,P10,NONE,TCN classifier,TCN_DIRECTION,PROJECT-ADAPTATION,classification,COMMON_DIRECTION_3CLASS,COMMON_DIRECTION_3CLASS,EXTERNAL_MARKET,5,after the published official close for session t,close_t,direction_label = UP if close[t+h]/close[t]-1 > 1e-8; DOWN if < -1e-8; otherwise FLAT,close[t+h],probability_vector_DOWN_FLAT_UP,multiclass_brier_loss,expanding training-only class frequencies with Laplace alpha=1 as-of each decision,TO_BE_FROZEN_AFTER_PPR4_SOURCE_ELIGIBILITY,false,NONE,3,PROPOSED_NOT_AUTHORIZED,PPR4_DATA_GATE_THEN_PPR5_CODE_GATE_THEN_PPR6_EXACT_SNAPSHOT_PASS
C015_FLOWS_OPTIONS_5S,C015,P10,NONE,TCN classifier,TCN_DIRECTION,PROJECT-ADAPTATION,classification,COMMON_DIRECTION_3CLASS,COMMON_DIRECTION_3CLASS,FLOWS_OPTIONS,5,after the published official close for session t,close_t,direction_label = UP if close[t+h]/close[t]-1 > 1e-8; DOWN if < -1e-8; otherwise FLAT,close[t+h],probability_vector_DOWN_FLAT_UP,multiclass_brier_loss,expanding training-only class frequencies with Laplace alpha=1 as-of each decision,TO_BE_FROZEN_AFTER_PPR4_SOURCE_ELIGIBILITY,false,NONE,3,PROPOSED_NOT_AUTHORIZED,PPR4_DATA_GATE_THEN_PPR5_CODE_GATE_THEN_PPR6_EXACT_SNAPSHOT_PASS
C015_TIMESTAMPED_SENTIMENT_FUSION_5S,C015,P10,NONE,TCN classifier,TCN_DIRECTION,PROJECT-ADAPTATION,classification,COMMON_DIRECTION_3CLASS,COMMON_DIRECTION_3CLASS,TIMESTAMPED_SENTIMENT_FUSION,5,after the published official close for session t,close_t,direction_label = UP if close[t+h]/close[t]-1 > 1e-8; DOWN if < -1e-8; otherwise FLAT,close[t+h],probability_vector_DOWN_FLAT_UP,multiclass_brier_loss,expanding training-only class frequencies with Laplace alpha=1 as-of each decision,TO_BE_FROZEN_AFTER_PPR4_SOURCE_ELIGIBILITY,false,NONE,3,PROPOSED_NOT_AUTHORIZED,PPR4_DATA_GATE_THEN_PPR5_CODE_GATE_THEN_PPR6_EXACT_SNAPSHOT_PASS
C015_CORE_OHLCV_TECH_10S,C015,P10,NONE,TCN classifier,TCN_DIRECTION,PROJECT-ADAPTATION,classification,COMMON_DIRECTION_3CLASS,COMMON_DIRECTION_3CLASS,CORE_OHLCV_TECH,10,after the published official close for session t,close_t,direction_label = UP if close[t+h]/close[t]-1 > 1e-8; DOWN if < -1e-8; otherwise FLAT,close[t+h],probability_vector_DOWN_FLAT_UP,multiclass_brier_loss,expanding training-only class frequencies with Laplace alpha=1 as-of each decision,TO_BE_FROZEN_AFTER_PPR4_SOURCE_ELIGIBILITY,false,NONE,3,PROPOSED_NOT_AUTHORIZED,PPR4_DATA_GATE_THEN_PPR5_CODE_GATE_THEN_PPR6_EXACT_SNAPSHOT_PASS
C015_EXTERNAL_MARKET_10S,C015,P10,NONE,TCN classifier,TCN_DIRECTION,PROJECT-ADAPTATION,classification,COMMON_DIRECTION_3CLASS,COMMON_DIRECTION_3CLASS,EXTERNAL_MARKET,10,after the published official close for session t,close_t,direction_label = UP if close[t+h]/close[t]-1 > 1e-8; DOWN if < -1e-8; otherwise FLAT,close[t+h],probability_vector_DOWN_FLAT_UP,multiclass_brier_loss,expanding training-only class frequencies with Laplace alpha=1 as-of each decision,TO_BE_FROZEN_AFTER_PPR4_SOURCE_ELIGIBILITY,false,NONE,3,PROPOSED_NOT_AUTHORIZED,PPR4_DATA_GATE_THEN_PPR5_CODE_GATE_THEN_PPR6_EXACT_SNAPSHOT_PASS
C015_FLOWS_OPTIONS_10S,C015,P10,NONE,TCN classifier,TCN_DIRECTION,PROJECT-ADAPTATION,classification,COMMON_DIRECTION_3CLASS,COMMON_DIRECTION_3CLASS,FLOWS_OPTIONS,10,after the published official close for session t,close_t,direction_label = UP if close[t+h]/close[t]-1 > 1e-8; DOWN if < -1e-8; otherwise FLAT,close[t+h],probability_vector_DOWN_FLAT_UP,multiclass_brier_loss,expanding training-only class frequencies with Laplace alpha=1 as-of each decision,TO_BE_FROZEN_AFTER_PPR4_SOURCE_ELIGIBILITY,false,NONE,3,PROPOSED_NOT_AUTHORIZED,PPR4_DATA_GATE_THEN_PPR5_CODE_GATE_THEN_PPR6_EXACT_SNAPSHOT_PASS
C015_TIMESTAMPED_SENTIMENT_FUSION_10S,C015,P10,NONE,TCN classifier,TCN_DIRECTION,PROJECT-ADAPTATION,classification,COMMON_DIRECTION_3CLASS,COMMON_DIRECTION_3CLASS,TIMESTAMPED_SENTIMENT_FUSION,10,after the published official close for session t,close_t,direction_label = UP if close[t+h]/close[t]-1 > 1e-8; DOWN if < -1e-8; otherwise FLAT,close[t+h],probability_vector_DOWN_FLAT_UP,multiclass_brier_loss,expanding training-only class frequencies with Laplace alpha=1 as-of each decision,TO_BE_FROZEN_AFTER_PPR4_SOURCE_ELIGIBILITY,false,NONE,3,PROPOSED_NOT_AUTHORIZED,PPR4_DATA_GATE_THEN_PPR5_CODE_GATE_THEN_PPR6_EXACT_SNAPSHOT_PASS
C016_CORE_OHLCV_TECH_1S,C016,P10,NONE,LSTM+GRU hybrid,LSTM_GRU_DIRECTION,PROJECT-ADAPTATION,classification,COMMON_DIRECTION_3CLASS,COMMON_DIRECTION_3CLASS,CORE_OHLCV_TECH,1,after the published official close for session t,close_t,direction_label = UP if close[t+h]/close[t]-1 > 1e-8; DOWN if < -1e-8; otherwise FLAT,close[t+h],probability_vector_DOWN_FLAT_UP,multiclass_brier_loss,expanding training-only class frequencies with Laplace alpha=1 as-of each decision,TO_BE_FROZEN_AFTER_PPR4_SOURCE_ELIGIBILITY,false,NONE,3,PROPOSED_NOT_AUTHORIZED,PPR4_DATA_GATE_THEN_PPR5_CODE_GATE_THEN_PPR6_EXACT_SNAPSHOT_PASS
C016_EXTERNAL_MARKET_1S,C016,P10,NONE,LSTM+GRU hybrid,LSTM_GRU_DIRECTION,PROJECT-ADAPTATION,classification,COMMON_DIRECTION_3CLASS,COMMON_DIRECTION_3CLASS,EXTERNAL_MARKET,1,after the published official close for session t,close_t,direction_label = UP if close[t+h]/close[t]-1 > 1e-8; DOWN if < -1e-8; otherwise FLAT,close[t+h],probability_vector_DOWN_FLAT_UP,multiclass_brier_loss,expanding training-only class frequencies with Laplace alpha=1 as-of each decision,TO_BE_FROZEN_AFTER_PPR4_SOURCE_ELIGIBILITY,false,NONE,3,PROPOSED_NOT_AUTHORIZED,PPR4_DATA_GATE_THEN_PPR5_CODE_GATE_THEN_PPR6_EXACT_SNAPSHOT_PASS
C016_FLOWS_OPTIONS_1S,C016,P10,NONE,LSTM+GRU hybrid,LSTM_GRU_DIRECTION,PROJECT-ADAPTATION,classification,COMMON_DIRECTION_3CLASS,COMMON_DIRECTION_3CLASS,FLOWS_OPTIONS,1,after the published official close for session t,close_t,direction_label = UP if close[t+h]/close[t]-1 > 1e-8; DOWN if < -1e-8; otherwise FLAT,close[t+h],probability_vector_DOWN_FLAT_UP,multiclass_brier_loss,expanding training-only class frequencies with Laplace alpha=1 as-of each decision,TO_BE_FROZEN_AFTER_PPR4_SOURCE_ELIGIBILITY,false,NONE,3,PROPOSED_NOT_AUTHORIZED,PPR4_DATA_GATE_THEN_PPR5_CODE_GATE_THEN_PPR6_EXACT_SNAPSHOT_PASS
C016_TIMESTAMPED_SENTIMENT_FUSION_1S,C016,P10,NONE,LSTM+GRU hybrid,LSTM_GRU_DIRECTION,PROJECT-ADAPTATION,classification,COMMON_DIRECTION_3CLASS,COMMON_DIRECTION_3CLASS,TIMESTAMPED_SENTIMENT_FUSION,1,after the published official close for session t,close_t,direction_label = UP if close[t+h]/close[t]-1 > 1e-8; DOWN if < -1e-8; otherwise FLAT,close[t+h],probability_vector_DOWN_FLAT_UP,multiclass_brier_loss,expanding training-only class frequencies with Laplace alpha=1 as-of each decision,TO_BE_FROZEN_AFTER_PPR4_SOURCE_ELIGIBILITY,false,NONE,3,PROPOSED_NOT_AUTHORIZED,PPR4_DATA_GATE_THEN_PPR5_CODE_GATE_THEN_PPR6_EXACT_SNAPSHOT_PASS
C016_CORE_OHLCV_TECH_2S,C016,P10,NONE,LSTM+GRU hybrid,LSTM_GRU_DIRECTION,PROJECT-ADAPTATION,classification,COMMON_DIRECTION_3CLASS,COMMON_DIRECTION_3CLASS,CORE_OHLCV_TECH,2,after the published official close for session t,close_t,direction_label = UP if close[t+h]/close[t]-1 > 1e-8; DOWN if < -1e-8; otherwise FLAT,close[t+h],probability_vector_DOWN_FLAT_UP,multiclass_brier_loss,expanding training-only class frequencies with Laplace alpha=1 as-of each decision,TO_BE_FROZEN_AFTER_PPR4_SOURCE_ELIGIBILITY,false,NONE,3,PROPOSED_NOT_AUTHORIZED,PPR4_DATA_GATE_THEN_PPR5_CODE_GATE_THEN_PPR6_EXACT_SNAPSHOT_PASS
C016_EXTERNAL_MARKET_2S,C016,P10,NONE,LSTM+GRU hybrid,LSTM_GRU_DIRECTION,PROJECT-ADAPTATION,classification,COMMON_DIRECTION_3CLASS,COMMON_DIRECTION_3CLASS,EXTERNAL_MARKET,2,after the published official close for session t,close_t,direction_label = UP if close[t+h]/close[t]-1 > 1e-8; DOWN if < -1e-8; otherwise FLAT,close[t+h],probability_vector_DOWN_FLAT_UP,multiclass_brier_loss,expanding training-only class frequencies with Laplace alpha=1 as-of each decision,TO_BE_FROZEN_AFTER_PPR4_SOURCE_ELIGIBILITY,false,NONE,3,PROPOSED_NOT_AUTHORIZED,PPR4_DATA_GATE_THEN_PPR5_CODE_GATE_THEN_PPR6_EXACT_SNAPSHOT_PASS
C016_FLOWS_OPTIONS_2S,C016,P10,NONE,LSTM+GRU hybrid,LSTM_GRU_DIRECTION,PROJECT-ADAPTATION,classification,COMMON_DIRECTION_3CLASS,COMMON_DIRECTION_3CLASS,FLOWS_OPTIONS,2,after the published official close for session t,close_t,direction_label = UP if close[t+h]/close[t]-1 > 1e-8; DOWN if < -1e-8; otherwise FLAT,close[t+h],probability_vector_DOWN_FLAT_UP,multiclass_brier_loss,expanding training-only class frequencies with Laplace alpha=1 as-of each decision,TO_BE_FROZEN_AFTER_PPR4_SOURCE_ELIGIBILITY,false,NONE,3,PROPOSED_NOT_AUTHORIZED,PPR4_DATA_GATE_THEN_PPR5_CODE_GATE_THEN_PPR6_EXACT_SNAPSHOT_PASS
C016_TIMESTAMPED_SENTIMENT_FUSION_2S,C016,P10,NONE,LSTM+GRU hybrid,LSTM_GRU_DIRECTION,PROJECT-ADAPTATION,classification,COMMON_DIRECTION_3CLASS,COMMON_DIRECTION_3CLASS,TIMESTAMPED_SENTIMENT_FUSION,2,after the published official close for session t,close_t,direction_label = UP if close[t+h]/close[t]-1 > 1e-8; DOWN if < -1e-8; otherwise FLAT,close[t+h],probability_vector_DOWN_FLAT_UP,multiclass_brier_loss,expanding training-only class frequencies with Laplace alpha=1 as-of each decision,TO_BE_FROZEN_AFTER_PPR4_SOURCE_ELIGIBILITY,false,NONE,3,PROPOSED_NOT_AUTHORIZED,PPR4_DATA_GATE_THEN_PPR5_CODE_GATE_THEN_PPR6_EXACT_SNAPSHOT_PASS
C016_CORE_OHLCV_TECH_3S,C016,P10,NONE,LSTM+GRU hybrid,LSTM_GRU_DIRECTION,PROJECT-ADAPTATION,classification,COMMON_DIRECTION_3CLASS,COMMON_DIRECTION_3CLASS,CORE_OHLCV_TECH,3,after the published official close for session t,close_t,direction_label = UP if close[t+h]/close[t]-1 > 1e-8; DOWN if < -1e-8; otherwise FLAT,close[t+h],probability_vector_DOWN_FLAT_UP,multiclass_brier_loss,expanding training-only class frequencies with Laplace alpha=1 as-of each decision,TO_BE_FROZEN_AFTER_PPR4_SOURCE_ELIGIBILITY,false,NONE,3,PROPOSED_NOT_AUTHORIZED,PPR4_DATA_GATE_THEN_PPR5_CODE_GATE_THEN_PPR6_EXACT_SNAPSHOT_PASS
C016_EXTERNAL_MARKET_3S,C016,P10,NONE,LSTM+GRU hybrid,LSTM_GRU_DIRECTION,PROJECT-ADAPTATION,classification,COMMON_DIRECTION_3CLASS,COMMON_DIRECTION_3CLASS,EXTERNAL_MARKET,3,after the published official close for session t,close_t,direction_label = UP if close[t+h]/close[t]-1 > 1e-8; DOWN if < -1e-8; otherwise FLAT,close[t+h],probability_vector_DOWN_FLAT_UP,multiclass_brier_loss,expanding training-only class frequencies with Laplace alpha=1 as-of each decision,TO_BE_FROZEN_AFTER_PPR4_SOURCE_ELIGIBILITY,false,NONE,3,PROPOSED_NOT_AUTHORIZED,PPR4_DATA_GATE_THEN_PPR5_CODE_GATE_THEN_PPR6_EXACT_SNAPSHOT_PASS
C016_FLOWS_OPTIONS_3S,C016,P10,NONE,LSTM+GRU hybrid,LSTM_GRU_DIRECTION,PROJECT-ADAPTATION,classification,COMMON_DIRECTION_3CLASS,COMMON_DIRECTION_3CLASS,FLOWS_OPTIONS,3,after the published official close for session t,close_t,direction_label = UP if close[t+h]/close[t]-1 > 1e-8; DOWN if < -1e-8; otherwise FLAT,close[t+h],probability_vector_DOWN_FLAT_UP,multiclass_brier_loss,expanding training-only class frequencies with Laplace alpha=1 as-of each decision,TO_BE_FROZEN_AFTER_PPR4_SOURCE_ELIGIBILITY,false,NONE,3,PROPOSED_NOT_AUTHORIZED,PPR4_DATA_GATE_THEN_PPR5_CODE_GATE_THEN_PPR6_EXACT_SNAPSHOT_PASS
C016_TIMESTAMPED_SENTIMENT_FUSION_3S,C016,P10,NONE,LSTM+GRU hybrid,LSTM_GRU_DIRECTION,PROJECT-ADAPTATION,classification,COMMON_DIRECTION_3CLASS,COMMON_DIRECTION_3CLASS,TIMESTAMPED_SENTIMENT_FUSION,3,after the published official close for session t,close_t,direction_label = UP if close[t+h]/close[t]-1 > 1e-8; DOWN if < -1e-8; otherwise FLAT,close[t+h],probability_vector_DOWN_FLAT_UP,multiclass_brier_loss,expanding training-only class frequencies with Laplace alpha=1 as-of each decision,TO_BE_FROZEN_AFTER_PPR4_SOURCE_ELIGIBILITY,false,NONE,3,PROPOSED_NOT_AUTHORIZED,PPR4_DATA_GATE_THEN_PPR5_CODE_GATE_THEN_PPR6_EXACT_SNAPSHOT_PASS
C016_CORE_OHLCV_TECH_5S,C016,P10,NONE,LSTM+GRU hybrid,LSTM_GRU_DIRECTION,PROJECT-ADAPTATION,classification,COMMON_DIRECTION_3CLASS,COMMON_DIRECTION_3CLASS,CORE_OHLCV_TECH,5,after the published official close for session t,close_t,direction_label = UP if close[t+h]/close[t]-1 > 1e-8; DOWN if < -1e-8; otherwise FLAT,close[t+h],probability_vector_DOWN_FLAT_UP,multiclass_brier_loss,expanding training-only class frequencies with Laplace alpha=1 as-of each decision,TO_BE_FROZEN_AFTER_PPR4_SOURCE_ELIGIBILITY,false,NONE,3,PROPOSED_NOT_AUTHORIZED,PPR4_DATA_GATE_THEN_PPR5_CODE_GATE_THEN_PPR6_EXACT_SNAPSHOT_PASS
C016_EXTERNAL_MARKET_5S,C016,P10,NONE,LSTM+GRU hybrid,LSTM_GRU_DIRECTION,PROJECT-ADAPTATION,classification,COMMON_DIRECTION_3CLASS,COMMON_DIRECTION_3CLASS,EXTERNAL_MARKET,5,after the published official close for session t,close_t,direction_label = UP if close[t+h]/close[t]-1 > 1e-8; DOWN if < -1e-8; otherwise FLAT,close[t+h],probability_vector_DOWN_FLAT_UP,multiclass_brier_loss,expanding training-only class frequencies with Laplace alpha=1 as-of each decision,TO_BE_FROZEN_AFTER_PPR4_SOURCE_ELIGIBILITY,false,NONE,3,PROPOSED_NOT_AUTHORIZED,PPR4_DATA_GATE_THEN_PPR5_CODE_GATE_THEN_PPR6_EXACT_SNAPSHOT_PASS
C016_FLOWS_OPTIONS_5S,C016,P10,NONE,LSTM+GRU hybrid,LSTM_GRU_DIRECTION,PROJECT-ADAPTATION,classification,COMMON_DIRECTION_3CLASS,COMMON_DIRECTION_3CLASS,FLOWS_OPTIONS,5,after the published official close for session t,close_t,direction_label = UP if close[t+h]/close[t]-1 > 1e-8; DOWN if < -1e-8; otherwise FLAT,close[t+h],probability_vector_DOWN_FLAT_UP,multiclass_brier_loss,expanding training-only class frequencies with Laplace alpha=1 as-of each decision,TO_BE_FROZEN_AFTER_PPR4_SOURCE_ELIGIBILITY,false,NONE,3,PROPOSED_NOT_AUTHORIZED,PPR4_DATA_GATE_THEN_PPR5_CODE_GATE_THEN_PPR6_EXACT_SNAPSHOT_PASS
C016_TIMESTAMPED_SENTIMENT_FUSION_5S,C016,P10,NONE,LSTM+GRU hybrid,LSTM_GRU_DIRECTION,PROJECT-ADAPTATION,classification,COMMON_DIRECTION_3CLASS,COMMON_DIRECTION_3CLASS,TIMESTAMPED_SENTIMENT_FUSION,5,after the published official close for session t,close_t,direction_label = UP if close[t+h]/close[t]-1 > 1e-8; DOWN if < -1e-8; otherwise FLAT,close[t+h],probability_vector_DOWN_FLAT_UP,multiclass_brier_loss,expanding training-only class frequencies with Laplace alpha=1 as-of each decision,TO_BE_FROZEN_AFTER_PPR4_SOURCE_ELIGIBILITY,false,NONE,3,PROPOSED_NOT_AUTHORIZED,PPR4_DATA_GATE_THEN_PPR5_CODE_GATE_THEN_PPR6_EXACT_SNAPSHOT_PASS
C016_CORE_OHLCV_TECH_10S,C016,P10,NONE,LSTM+GRU hybrid,LSTM_GRU_DIRECTION,PROJECT-ADAPTATION,classification,COMMON_DIRECTION_3CLASS,COMMON_DIRECTION_3CLASS,CORE_OHLCV_TECH,10,after the published official close for session t,close_t,direction_label = UP if close[t+h]/close[t]-1 > 1e-8; DOWN if < -1e-8; otherwise FLAT,close[t+h],probability_vector_DOWN_FLAT_UP,multiclass_brier_loss,expanding training-only class frequencies with Laplace alpha=1 as-of each decision,TO_BE_FROZEN_AFTER_PPR4_SOURCE_ELIGIBILITY,false,NONE,3,PROPOSED_NOT_AUTHORIZED,PPR4_DATA_GATE_THEN_PPR5_CODE_GATE_THEN_PPR6_EXACT_SNAPSHOT_PASS
C016_EXTERNAL_MARKET_10S,C016,P10,NONE,LSTM+GRU hybrid,LSTM_GRU_DIRECTION,PROJECT-ADAPTATION,classification,COMMON_DIRECTION_3CLASS,COMMON_DIRECTION_3CLASS,EXTERNAL_MARKET,10,after the published official close for session t,close_t,direction_label = UP if close[t+h]/close[t]-1 > 1e-8; DOWN if < -1e-8; otherwise FLAT,close[t+h],probability_vector_DOWN_FLAT_UP,multiclass_brier_loss,expanding training-only class frequencies with Laplace alpha=1 as-of each decision,TO_BE_FROZEN_AFTER_PPR4_SOURCE_ELIGIBILITY,false,NONE,3,PROPOSED_NOT_AUTHORIZED,PPR4_DATA_GATE_THEN_PPR5_CODE_GATE_THEN_PPR6_EXACT_SNAPSHOT_PASS
C016_FLOWS_OPTIONS_10S,C016,P10,NONE,LSTM+GRU hybrid,LSTM_GRU_DIRECTION,PROJECT-ADAPTATION,classification,COMMON_DIRECTION_3CLASS,COMMON_DIRECTION_3CLASS,FLOWS_OPTIONS,10,after the published official close for session t,close_t,direction_label = UP if close[t+h]/close[t]-1 > 1e-8; DOWN if < -1e-8; otherwise FLAT,close[t+h],probability_vector_DOWN_FLAT_UP,multiclass_brier_loss,expanding training-only class frequencies with Laplace alpha=1 as-of each decision,TO_BE_FROZEN_AFTER_PPR4_SOURCE_ELIGIBILITY,false,NONE,3,PROPOSED_NOT_AUTHORIZED,PPR4_DATA_GATE_THEN_PPR5_CODE_GATE_THEN_PPR6_EXACT_SNAPSHOT_PASS
C016_TIMESTAMPED_SENTIMENT_FUSION_10S,C016,P10,NONE,LSTM+GRU hybrid,LSTM_GRU_DIRECTION,PROJECT-ADAPTATION,classification,COMMON_DIRECTION_3CLASS,COMMON_DIRECTION_3CLASS,TIMESTAMPED_SENTIMENT_FUSION,10,after the published official close for session t,close_t,direction_label = UP if close[t+h]/close[t]-1 > 1e-8; DOWN if < -1e-8; otherwise FLAT,close[t+h],probability_vector_DOWN_FLAT_UP,multiclass_brier_loss,expanding training-only class frequencies with Laplace alpha=1 as-of each decision,TO_BE_FROZEN_AFTER_PPR4_SOURCE_ELIGIBILITY,false,NONE,3,PROPOSED_NOT_AUTHORIZED,PPR4_DATA_GATE_THEN_PPR5_CODE_GATE_THEN_PPR6_EXACT_SNAPSHOT_PASS
C017_CORE_OHLCV_TECH_1S,C017,P10,NONE,CNN+RNN hybrid,CNN_RNN_DIRECTION,PROJECT-ADAPTATION,classification,COMMON_DIRECTION_3CLASS,COMMON_DIRECTION_3CLASS,CORE_OHLCV_TECH,1,after the published official close for session t,close_t,direction_label = UP if close[t+h]/close[t]-1 > 1e-8; DOWN if < -1e-8; otherwise FLAT,close[t+h],probability_vector_DOWN_FLAT_UP,multiclass_brier_loss,expanding training-only class frequencies with Laplace alpha=1 as-of each decision,TO_BE_FROZEN_AFTER_PPR4_SOURCE_ELIGIBILITY,false,NONE,3,PROPOSED_NOT_AUTHORIZED,PPR4_DATA_GATE_THEN_PPR5_CODE_GATE_THEN_PPR6_EXACT_SNAPSHOT_PASS
C017_EXTERNAL_MARKET_1S,C017,P10,NONE,CNN+RNN hybrid,CNN_RNN_DIRECTION,PROJECT-ADAPTATION,classification,COMMON_DIRECTION_3CLASS,COMMON_DIRECTION_3CLASS,EXTERNAL_MARKET,1,after the published official close for session t,close_t,direction_label = UP if close[t+h]/close[t]-1 > 1e-8; DOWN if < -1e-8; otherwise FLAT,close[t+h],probability_vector_DOWN_FLAT_UP,multiclass_brier_loss,expanding training-only class frequencies with Laplace alpha=1 as-of each decision,TO_BE_FROZEN_AFTER_PPR4_SOURCE_ELIGIBILITY,false,NONE,3,PROPOSED_NOT_AUTHORIZED,PPR4_DATA_GATE_THEN_PPR5_CODE_GATE_THEN_PPR6_EXACT_SNAPSHOT_PASS
C017_FLOWS_OPTIONS_1S,C017,P10,NONE,CNN+RNN hybrid,CNN_RNN_DIRECTION,PROJECT-ADAPTATION,classification,COMMON_DIRECTION_3CLASS,COMMON_DIRECTION_3CLASS,FLOWS_OPTIONS,1,after the published official close for session t,close_t,direction_label = UP if close[t+h]/close[t]-1 > 1e-8; DOWN if < -1e-8; otherwise FLAT,close[t+h],probability_vector_DOWN_FLAT_UP,multiclass_brier_loss,expanding training-only class frequencies with Laplace alpha=1 as-of each decision,TO_BE_FROZEN_AFTER_PPR4_SOURCE_ELIGIBILITY,false,NONE,3,PROPOSED_NOT_AUTHORIZED,PPR4_DATA_GATE_THEN_PPR5_CODE_GATE_THEN_PPR6_EXACT_SNAPSHOT_PASS
C017_TIMESTAMPED_SENTIMENT_FUSION_1S,C017,P10,NONE,CNN+RNN hybrid,CNN_RNN_DIRECTION,PROJECT-ADAPTATION,classification,COMMON_DIRECTION_3CLASS,COMMON_DIRECTION_3CLASS,TIMESTAMPED_SENTIMENT_FUSION,1,after the published official close for session t,close_t,direction_label = UP if close[t+h]/close[t]-1 > 1e-8; DOWN if < -1e-8; otherwise FLAT,close[t+h],probability_vector_DOWN_FLAT_UP,multiclass_brier_loss,expanding training-only class frequencies with Laplace alpha=1 as-of each decision,TO_BE_FROZEN_AFTER_PPR4_SOURCE_ELIGIBILITY,false,NONE,3,PROPOSED_NOT_AUTHORIZED,PPR4_DATA_GATE_THEN_PPR5_CODE_GATE_THEN_PPR6_EXACT_SNAPSHOT_PASS
C017_CORE_OHLCV_TECH_2S,C017,P10,NONE,CNN+RNN hybrid,CNN_RNN_DIRECTION,PROJECT-ADAPTATION,classification,COMMON_DIRECTION_3CLASS,COMMON_DIRECTION_3CLASS,CORE_OHLCV_TECH,2,after the published official close for session t,close_t,direction_label = UP if close[t+h]/close[t]-1 > 1e-8; DOWN if < -1e-8; otherwise FLAT,close[t+h],probability_vector_DOWN_FLAT_UP,multiclass_brier_loss,expanding training-only class frequencies with Laplace alpha=1 as-of each decision,TO_BE_FROZEN_AFTER_PPR4_SOURCE_ELIGIBILITY,false,NONE,3,PROPOSED_NOT_AUTHORIZED,PPR4_DATA_GATE_THEN_PPR5_CODE_GATE_THEN_PPR6_EXACT_SNAPSHOT_PASS
C017_EXTERNAL_MARKET_2S,C017,P10,NONE,CNN+RNN hybrid,CNN_RNN_DIRECTION,PROJECT-ADAPTATION,classification,COMMON_DIRECTION_3CLASS,COMMON_DIRECTION_3CLASS,EXTERNAL_MARKET,2,after the published official close for session t,close_t,direction_label = UP if close[t+h]/close[t]-1 > 1e-8; DOWN if < -1e-8; otherwise FLAT,close[t+h],probability_vector_DOWN_FLAT_UP,multiclass_brier_loss,expanding training-only class frequencies with Laplace alpha=1 as-of each decision,TO_BE_FROZEN_AFTER_PPR4_SOURCE_ELIGIBILITY,false,NONE,3,PROPOSED_NOT_AUTHORIZED,PPR4_DATA_GATE_THEN_PPR5_CODE_GATE_THEN_PPR6_EXACT_SNAPSHOT_PASS
C017_FLOWS_OPTIONS_2S,C017,P10,NONE,CNN+RNN hybrid,CNN_RNN_DIRECTION,PROJECT-ADAPTATION,classification,COMMON_DIRECTION_3CLASS,COMMON_DIRECTION_3CLASS,FLOWS_OPTIONS,2,after the published official close for session t,close_t,direction_label = UP if close[t+h]/close[t]-1 > 1e-8; DOWN if < -1e-8; otherwise FLAT,close[t+h],probability_vector_DOWN_FLAT_UP,multiclass_brier_loss,expanding training-only class frequencies with Laplace alpha=1 as-of each decision,TO_BE_FROZEN_AFTER_PPR4_SOURCE_ELIGIBILITY,false,NONE,3,PROPOSED_NOT_AUTHORIZED,PPR4_DATA_GATE_THEN_PPR5_CODE_GATE_THEN_PPR6_EXACT_SNAPSHOT_PASS
C017_TIMESTAMPED_SENTIMENT_FUSION_2S,C017,P10,NONE,CNN+RNN hybrid,CNN_RNN_DIRECTION,PROJECT-ADAPTATION,classification,COMMON_DIRECTION_3CLASS,COMMON_DIRECTION_3CLASS,TIMESTAMPED_SENTIMENT_FUSION,2,after the published official close for session t,close_t,direction_label = UP if close[t+h]/close[t]-1 > 1e-8; DOWN if < -1e-8; otherwise FLAT,close[t+h],probability_vector_DOWN_FLAT_UP,multiclass_brier_loss,expanding training-only class frequencies with Laplace alpha=1 as-of each decision,TO_BE_FROZEN_AFTER_PPR4_SOURCE_ELIGIBILITY,false,NONE,3,PROPOSED_NOT_AUTHORIZED,PPR4_DATA_GATE_THEN_PPR5_CODE_GATE_THEN_PPR6_EXACT_SNAPSHOT_PASS
C017_CORE_OHLCV_TECH_3S,C017,P10,NONE,CNN+RNN hybrid,CNN_RNN_DIRECTION,PROJECT-ADAPTATION,classification,COMMON_DIRECTION_3CLASS,COMMON_DIRECTION_3CLASS,CORE_OHLCV_TECH,3,after the published official close for session t,close_t,direction_label = UP if close[t+h]/close[t]-1 > 1e-8; DOWN if < -1e-8; otherwise FLAT,close[t+h],probability_vector_DOWN_FLAT_UP,multiclass_brier_loss,expanding training-only class frequencies with Laplace alpha=1 as-of each decision,TO_BE_FROZEN_AFTER_PPR4_SOURCE_ELIGIBILITY,false,NONE,3,PROPOSED_NOT_AUTHORIZED,PPR4_DATA_GATE_THEN_PPR5_CODE_GATE_THEN_PPR6_EXACT_SNAPSHOT_PASS
C017_EXTERNAL_MARKET_3S,C017,P10,NONE,CNN+RNN hybrid,CNN_RNN_DIRECTION,PROJECT-ADAPTATION,classification,COMMON_DIRECTION_3CLASS,COMMON_DIRECTION_3CLASS,EXTERNAL_MARKET,3,after the published official close for session t,close_t,direction_label = UP if close[t+h]/close[t]-1 > 1e-8; DOWN if < -1e-8; otherwise FLAT,close[t+h],probability_vector_DOWN_FLAT_UP,multiclass_brier_loss,expanding training-only class frequencies with Laplace alpha=1 as-of each decision,TO_BE_FROZEN_AFTER_PPR4_SOURCE_ELIGIBILITY,false,NONE,3,PROPOSED_NOT_AUTHORIZED,PPR4_DATA_GATE_THEN_PPR5_CODE_GATE_THEN_PPR6_EXACT_SNAPSHOT_PASS
C017_FLOWS_OPTIONS_3S,C017,P10,NONE,CNN+RNN hybrid,CNN_RNN_DIRECTION,PROJECT-ADAPTATION,classification,COMMON_DIRECTION_3CLASS,COMMON_DIRECTION_3CLASS,FLOWS_OPTIONS,3,after the published official close for session t,close_t,direction_label = UP if close[t+h]/close[t]-1 > 1e-8; DOWN if < -1e-8; otherwise FLAT,close[t+h],probability_vector_DOWN_FLAT_UP,multiclass_brier_loss,expanding training-only class frequencies with Laplace alpha=1 as-of each decision,TO_BE_FROZEN_AFTER_PPR4_SOURCE_ELIGIBILITY,false,NONE,3,PROPOSED_NOT_AUTHORIZED,PPR4_DATA_GATE_THEN_PPR5_CODE_GATE_THEN_PPR6_EXACT_SNAPSHOT_PASS
C017_TIMESTAMPED_SENTIMENT_FUSION_3S,C017,P10,NONE,CNN+RNN hybrid,CNN_RNN_DIRECTION,PROJECT-ADAPTATION,classification,COMMON_DIRECTION_3CLASS,COMMON_DIRECTION_3CLASS,TIMESTAMPED_SENTIMENT_FUSION,3,after the published official close for session t,close_t,direction_label = UP if close[t+h]/close[t]-1 > 1e-8; DOWN if < -1e-8; otherwise FLAT,close[t+h],probability_vector_DOWN_FLAT_UP,multiclass_brier_loss,expanding training-only class frequencies with Laplace alpha=1 as-of each decision,TO_BE_FROZEN_AFTER_PPR4_SOURCE_ELIGIBILITY,false,NONE,3,PROPOSED_NOT_AUTHORIZED,PPR4_DATA_GATE_THEN_PPR5_CODE_GATE_THEN_PPR6_EXACT_SNAPSHOT_PASS
C017_CORE_OHLCV_TECH_5S,C017,P10,NONE,CNN+RNN hybrid,CNN_RNN_DIRECTION,PROJECT-ADAPTATION,classification,COMMON_DIRECTION_3CLASS,COMMON_DIRECTION_3CLASS,CORE_OHLCV_TECH,5,after the published official close for session t,close_t,direction_label = UP if close[t+h]/close[t]-1 > 1e-8; DOWN if < -1e-8; otherwise FLAT,close[t+h],probability_vector_DOWN_FLAT_UP,multiclass_brier_loss,expanding training-only class frequencies with Laplace alpha=1 as-of each decision,TO_BE_FROZEN_AFTER_PPR4_SOURCE_ELIGIBILITY,false,NONE,3,PROPOSED_NOT_AUTHORIZED,PPR4_DATA_GATE_THEN_PPR5_CODE_GATE_THEN_PPR6_EXACT_SNAPSHOT_PASS
C017_EXTERNAL_MARKET_5S,C017,P10,NONE,CNN+RNN hybrid,CNN_RNN_DIRECTION,PROJECT-ADAPTATION,classification,COMMON_DIRECTION_3CLASS,COMMON_DIRECTION_3CLASS,EXTERNAL_MARKET,5,after the published official close for session t,close_t,direction_label = UP if close[t+h]/close[t]-1 > 1e-8; DOWN if < -1e-8; otherwise FLAT,close[t+h],probability_vector_DOWN_FLAT_UP,multiclass_brier_loss,expanding training-only class frequencies with Laplace alpha=1 as-of each decision,TO_BE_FROZEN_AFTER_PPR4_SOURCE_ELIGIBILITY,false,NONE,3,PROPOSED_NOT_AUTHORIZED,PPR4_DATA_GATE_THEN_PPR5_CODE_GATE_THEN_PPR6_EXACT_SNAPSHOT_PASS
C017_FLOWS_OPTIONS_5S,C017,P10,NONE,CNN+RNN hybrid,CNN_RNN_DIRECTION,PROJECT-ADAPTATION,classification,COMMON_DIRECTION_3CLASS,COMMON_DIRECTION_3CLASS,FLOWS_OPTIONS,5,after the published official close for session t,close_t,direction_label = UP if close[t+h]/close[t]-1 > 1e-8; DOWN if < -1e-8; otherwise FLAT,close[t+h],probability_vector_DOWN_FLAT_UP,multiclass_brier_loss,expanding training-only class frequencies with Laplace alpha=1 as-of each decision,TO_BE_FROZEN_AFTER_PPR4_SOURCE_ELIGIBILITY,false,NONE,3,PROPOSED_NOT_AUTHORIZED,PPR4_DATA_GATE_THEN_PPR5_CODE_GATE_THEN_PPR6_EXACT_SNAPSHOT_PASS
C017_TIMESTAMPED_SENTIMENT_FUSION_5S,C017,P10,NONE,CNN+RNN hybrid,CNN_RNN_DIRECTION,PROJECT-ADAPTATION,classification,COMMON_DIRECTION_3CLASS,COMMON_DIRECTION_3CLASS,TIMESTAMPED_SENTIMENT_FUSION,5,after the published official close for session t,close_t,direction_label = UP if close[t+h]/close[t]-1 > 1e-8; DOWN if < -1e-8; otherwise FLAT,close[t+h],probability_vector_DOWN_FLAT_UP,multiclass_brier_loss,expanding training-only class frequencies with Laplace alpha=1 as-of each decision,TO_BE_FROZEN_AFTER_PPR4_SOURCE_ELIGIBILITY,false,NONE,3,PROPOSED_NOT_AUTHORIZED,PPR4_DATA_GATE_THEN_PPR5_CODE_GATE_THEN_PPR6_EXACT_SNAPSHOT_PASS
C017_CORE_OHLCV_TECH_10S,C017,P10,NONE,CNN+RNN hybrid,CNN_RNN_DIRECTION,PROJECT-ADAPTATION,classification,COMMON_DIRECTION_3CLASS,COMMON_DIRECTION_3CLASS,CORE_OHLCV_TECH,10,after the published official close for session t,close_t,direction_label = UP if close[t+h]/close[t]-1 > 1e-8; DOWN if < -1e-8; otherwise FLAT,close[t+h],probability_vector_DOWN_FLAT_UP,multiclass_brier_loss,expanding training-only class frequencies with Laplace alpha=1 as-of each decision,TO_BE_FROZEN_AFTER_PPR4_SOURCE_ELIGIBILITY,false,NONE,3,PROPOSED_NOT_AUTHORIZED,PPR4_DATA_GATE_THEN_PPR5_CODE_GATE_THEN_PPR6_EXACT_SNAPSHOT_PASS
C017_EXTERNAL_MARKET_10S,C017,P10,NONE,CNN+RNN hybrid,CNN_RNN_DIRECTION,PROJECT-ADAPTATION,classification,COMMON_DIRECTION_3CLASS,COMMON_DIRECTION_3CLASS,EXTERNAL_MARKET,10,after the published official close for session t,close_t,direction_label = UP if close[t+h]/close[t]-1 > 1e-8; DOWN if < -1e-8; otherwise FLAT,close[t+h],probability_vector_DOWN_FLAT_UP,multiclass_brier_loss,expanding training-only class frequencies with Laplace alpha=1 as-of each decision,TO_BE_FROZEN_AFTER_PPR4_SOURCE_ELIGIBILITY,false,NONE,3,PROPOSED_NOT_AUTHORIZED,PPR4_DATA_GATE_THEN_PPR5_CODE_GATE_THEN_PPR6_EXACT_SNAPSHOT_PASS
C017_FLOWS_OPTIONS_10S,C017,P10,NONE,CNN+RNN hybrid,CNN_RNN_DIRECTION,PROJECT-ADAPTATION,classification,COMMON_DIRECTION_3CLASS,COMMON_DIRECTION_3CLASS,FLOWS_OPTIONS,10,after the published official close for session t,close_t,direction_label = UP if close[t+h]/close[t]-1 > 1e-8; DOWN if < -1e-8; otherwise FLAT,close[t+h],probability_vector_DOWN_FLAT_UP,multiclass_brier_loss,expanding training-only class frequencies with Laplace alpha=1 as-of each decision,TO_BE_FROZEN_AFTER_PPR4_SOURCE_ELIGIBILITY,false,NONE,3,PROPOSED_NOT_AUTHORIZED,PPR4_DATA_GATE_THEN_PPR5_CODE_GATE_THEN_PPR6_EXACT_SNAPSHOT_PASS
C017_TIMESTAMPED_SENTIMENT_FUSION_10S,C017,P10,NONE,CNN+RNN hybrid,CNN_RNN_DIRECTION,PROJECT-ADAPTATION,classification,COMMON_DIRECTION_3CLASS,COMMON_DIRECTION_3CLASS,TIMESTAMPED_SENTIMENT_FUSION,10,after the published official close for session t,close_t,direction_label = UP if close[t+h]/close[t]-1 > 1e-8; DOWN if < -1e-8; otherwise FLAT,close[t+h],probability_vector_DOWN_FLAT_UP,multiclass_brier_loss,expanding training-only class frequencies with Laplace alpha=1 as-of each decision,TO_BE_FROZEN_AFTER_PPR4_SOURCE_ELIGIBILITY,false,NONE,3,PROPOSED_NOT_AUTHORIZED,PPR4_DATA_GATE_THEN_PPR5_CODE_GATE_THEN_PPR6_EXACT_SNAPSHOT_PASS
C018_CORE_OHLCV_TECH_1S,C018,P10,NONE,CNN+TCN hybrid,CNN_TCN_DIRECTION,PROJECT-ADAPTATION,classification,COMMON_DIRECTION_3CLASS,COMMON_DIRECTION_3CLASS,CORE_OHLCV_TECH,1,after the published official close for session t,close_t,direction_label = UP if close[t+h]/close[t]-1 > 1e-8; DOWN if < -1e-8; otherwise FLAT,close[t+h],probability_vector_DOWN_FLAT_UP,multiclass_brier_loss,expanding training-only class frequencies with Laplace alpha=1 as-of each decision,TO_BE_FROZEN_AFTER_PPR4_SOURCE_ELIGIBILITY,false,NONE,3,PROPOSED_NOT_AUTHORIZED,PPR4_DATA_GATE_THEN_PPR5_CODE_GATE_THEN_PPR6_EXACT_SNAPSHOT_PASS
C018_EXTERNAL_MARKET_1S,C018,P10,NONE,CNN+TCN hybrid,CNN_TCN_DIRECTION,PROJECT-ADAPTATION,classification,COMMON_DIRECTION_3CLASS,COMMON_DIRECTION_3CLASS,EXTERNAL_MARKET,1,after the published official close for session t,close_t,direction_label = UP if close[t+h]/close[t]-1 > 1e-8; DOWN if < -1e-8; otherwise FLAT,close[t+h],probability_vector_DOWN_FLAT_UP,multiclass_brier_loss,expanding training-only class frequencies with Laplace alpha=1 as-of each decision,TO_BE_FROZEN_AFTER_PPR4_SOURCE_ELIGIBILITY,false,NONE,3,PROPOSED_NOT_AUTHORIZED,PPR4_DATA_GATE_THEN_PPR5_CODE_GATE_THEN_PPR6_EXACT_SNAPSHOT_PASS
C018_FLOWS_OPTIONS_1S,C018,P10,NONE,CNN+TCN hybrid,CNN_TCN_DIRECTION,PROJECT-ADAPTATION,classification,COMMON_DIRECTION_3CLASS,COMMON_DIRECTION_3CLASS,FLOWS_OPTIONS,1,after the published official close for session t,close_t,direction_label = UP if close[t+h]/close[t]-1 > 1e-8; DOWN if < -1e-8; otherwise FLAT,close[t+h],probability_vector_DOWN_FLAT_UP,multiclass_brier_loss,expanding training-only class frequencies with Laplace alpha=1 as-of each decision,TO_BE_FROZEN_AFTER_PPR4_SOURCE_ELIGIBILITY,false,NONE,3,PROPOSED_NOT_AUTHORIZED,PPR4_DATA_GATE_THEN_PPR5_CODE_GATE_THEN_PPR6_EXACT_SNAPSHOT_PASS
C018_TIMESTAMPED_SENTIMENT_FUSION_1S,C018,P10,NONE,CNN+TCN hybrid,CNN_TCN_DIRECTION,PROJECT-ADAPTATION,classification,COMMON_DIRECTION_3CLASS,COMMON_DIRECTION_3CLASS,TIMESTAMPED_SENTIMENT_FUSION,1,after the published official close for session t,close_t,direction_label = UP if close[t+h]/close[t]-1 > 1e-8; DOWN if < -1e-8; otherwise FLAT,close[t+h],probability_vector_DOWN_FLAT_UP,multiclass_brier_loss,expanding training-only class frequencies with Laplace alpha=1 as-of each decision,TO_BE_FROZEN_AFTER_PPR4_SOURCE_ELIGIBILITY,false,NONE,3,PROPOSED_NOT_AUTHORIZED,PPR4_DATA_GATE_THEN_PPR5_CODE_GATE_THEN_PPR6_EXACT_SNAPSHOT_PASS
C018_CORE_OHLCV_TECH_2S,C018,P10,NONE,CNN+TCN hybrid,CNN_TCN_DIRECTION,PROJECT-ADAPTATION,classification,COMMON_DIRECTION_3CLASS,COMMON_DIRECTION_3CLASS,CORE_OHLCV_TECH,2,after the published official close for session t,close_t,direction_label = UP if close[t+h]/close[t]-1 > 1e-8; DOWN if < -1e-8; otherwise FLAT,close[t+h],probability_vector_DOWN_FLAT_UP,multiclass_brier_loss,expanding training-only class frequencies with Laplace alpha=1 as-of each decision,TO_BE_FROZEN_AFTER_PPR4_SOURCE_ELIGIBILITY,false,NONE,3,PROPOSED_NOT_AUTHORIZED,PPR4_DATA_GATE_THEN_PPR5_CODE_GATE_THEN_PPR6_EXACT_SNAPSHOT_PASS
C018_EXTERNAL_MARKET_2S,C018,P10,NONE,CNN+TCN hybrid,CNN_TCN_DIRECTION,PROJECT-ADAPTATION,classification,COMMON_DIRECTION_3CLASS,COMMON_DIRECTION_3CLASS,EXTERNAL_MARKET,2,after the published official close for session t,close_t,direction_label = UP if close[t+h]/close[t]-1 > 1e-8; DOWN if < -1e-8; otherwise FLAT,close[t+h],probability_vector_DOWN_FLAT_UP,multiclass_brier_loss,expanding training-only class frequencies with Laplace alpha=1 as-of each decision,TO_BE_FROZEN_AFTER_PPR4_SOURCE_ELIGIBILITY,false,NONE,3,PROPOSED_NOT_AUTHORIZED,PPR4_DATA_GATE_THEN_PPR5_CODE_GATE_THEN_PPR6_EXACT_SNAPSHOT_PASS
C018_FLOWS_OPTIONS_2S,C018,P10,NONE,CNN+TCN hybrid,CNN_TCN_DIRECTION,PROJECT-ADAPTATION,classification,COMMON_DIRECTION_3CLASS,COMMON_DIRECTION_3CLASS,FLOWS_OPTIONS,2,after the published official close for session t,close_t,direction_label = UP if close[t+h]/close[t]-1 > 1e-8; DOWN if < -1e-8; otherwise FLAT,close[t+h],probability_vector_DOWN_FLAT_UP,multiclass_brier_loss,expanding training-only class frequencies with Laplace alpha=1 as-of each decision,TO_BE_FROZEN_AFTER_PPR4_SOURCE_ELIGIBILITY,false,NONE,3,PROPOSED_NOT_AUTHORIZED,PPR4_DATA_GATE_THEN_PPR5_CODE_GATE_THEN_PPR6_EXACT_SNAPSHOT_PASS
C018_TIMESTAMPED_SENTIMENT_FUSION_2S,C018,P10,NONE,CNN+TCN hybrid,CNN_TCN_DIRECTION,PROJECT-ADAPTATION,classification,COMMON_DIRECTION_3CLASS,COMMON_DIRECTION_3CLASS,TIMESTAMPED_SENTIMENT_FUSION,2,after the published official close for session t,close_t,direction_label = UP if close[t+h]/close[t]-1 > 1e-8; DOWN if < -1e-8; otherwise FLAT,close[t+h],probability_vector_DOWN_FLAT_UP,multiclass_brier_loss,expanding training-only class frequencies with Laplace alpha=1 as-of each decision,TO_BE_FROZEN_AFTER_PPR4_SOURCE_ELIGIBILITY,false,NONE,3,PROPOSED_NOT_AUTHORIZED,PPR4_DATA_GATE_THEN_PPR5_CODE_GATE_THEN_PPR6_EXACT_SNAPSHOT_PASS
C018_CORE_OHLCV_TECH_3S,C018,P10,NONE,CNN+TCN hybrid,CNN_TCN_DIRECTION,PROJECT-ADAPTATION,classification,COMMON_DIRECTION_3CLASS,COMMON_DIRECTION_3CLASS,CORE_OHLCV_TECH,3,after the published official close for session t,close_t,direction_label = UP if close[t+h]/close[t]-1 > 1e-8; DOWN if < -1e-8; otherwise FLAT,close[t+h],probability_vector_DOWN_FLAT_UP,multiclass_brier_loss,expanding training-only class frequencies with Laplace alpha=1 as-of each decision,TO_BE_FROZEN_AFTER_PPR4_SOURCE_ELIGIBILITY,false,NONE,3,PROPOSED_NOT_AUTHORIZED,PPR4_DATA_GATE_THEN_PPR5_CODE_GATE_THEN_PPR6_EXACT_SNAPSHOT_PASS
C018_EXTERNAL_MARKET_3S,C018,P10,NONE,CNN+TCN hybrid,CNN_TCN_DIRECTION,PROJECT-ADAPTATION,classification,COMMON_DIRECTION_3CLASS,COMMON_DIRECTION_3CLASS,EXTERNAL_MARKET,3,after the published official close for session t,close_t,direction_label = UP if close[t+h]/close[t]-1 > 1e-8; DOWN if < -1e-8; otherwise FLAT,close[t+h],probability_vector_DOWN_FLAT_UP,multiclass_brier_loss,expanding training-only class frequencies with Laplace alpha=1 as-of each decision,TO_BE_FROZEN_AFTER_PPR4_SOURCE_ELIGIBILITY,false,NONE,3,PROPOSED_NOT_AUTHORIZED,PPR4_DATA_GATE_THEN_PPR5_CODE_GATE_THEN_PPR6_EXACT_SNAPSHOT_PASS
C018_FLOWS_OPTIONS_3S,C018,P10,NONE,CNN+TCN hybrid,CNN_TCN_DIRECTION,PROJECT-ADAPTATION,classification,COMMON_DIRECTION_3CLASS,COMMON_DIRECTION_3CLASS,FLOWS_OPTIONS,3,after the published official close for session t,close_t,direction_label = UP if close[t+h]/close[t]-1 > 1e-8; DOWN if < -1e-8; otherwise FLAT,close[t+h],probability_vector_DOWN_FLAT_UP,multiclass_brier_loss,expanding training-only class frequencies with Laplace alpha=1 as-of each decision,TO_BE_FROZEN_AFTER_PPR4_SOURCE_ELIGIBILITY,false,NONE,3,PROPOSED_NOT_AUTHORIZED,PPR4_DATA_GATE_THEN_PPR5_CODE_GATE_THEN_PPR6_EXACT_SNAPSHOT_PASS
C018_TIMESTAMPED_SENTIMENT_FUSION_3S,C018,P10,NONE,CNN+TCN hybrid,CNN_TCN_DIRECTION,PROJECT-ADAPTATION,classification,COMMON_DIRECTION_3CLASS,COMMON_DIRECTION_3CLASS,TIMESTAMPED_SENTIMENT_FUSION,3,after the published official close for session t,close_t,direction_label = UP if close[t+h]/close[t]-1 > 1e-8; DOWN if < -1e-8; otherwise FLAT,close[t+h],probability_vector_DOWN_FLAT_UP,multiclass_brier_loss,expanding training-only class frequencies with Laplace alpha=1 as-of each decision,TO_BE_FROZEN_AFTER_PPR4_SOURCE_ELIGIBILITY,false,NONE,3,PROPOSED_NOT_AUTHORIZED,PPR4_DATA_GATE_THEN_PPR5_CODE_GATE_THEN_PPR6_EXACT_SNAPSHOT_PASS
C018_CORE_OHLCV_TECH_5S,C018,P10,NONE,CNN+TCN hybrid,CNN_TCN_DIRECTION,PROJECT-ADAPTATION,classification,COMMON_DIRECTION_3CLASS,COMMON_DIRECTION_3CLASS,CORE_OHLCV_TECH,5,after the published official close for session t,close_t,direction_label = UP if close[t+h]/close[t]-1 > 1e-8; DOWN if < -1e-8; otherwise FLAT,close[t+h],probability_vector_DOWN_FLAT_UP,multiclass_brier_loss,expanding training-only class frequencies with Laplace alpha=1 as-of each decision,TO_BE_FROZEN_AFTER_PPR4_SOURCE_ELIGIBILITY,false,NONE,3,PROPOSED_NOT_AUTHORIZED,PPR4_DATA_GATE_THEN_PPR5_CODE_GATE_THEN_PPR6_EXACT_SNAPSHOT_PASS
C018_EXTERNAL_MARKET_5S,C018,P10,NONE,CNN+TCN hybrid,CNN_TCN_DIRECTION,PROJECT-ADAPTATION,classification,COMMON_DIRECTION_3CLASS,COMMON_DIRECTION_3CLASS,EXTERNAL_MARKET,5,after the published official close for session t,close_t,direction_label = UP if close[t+h]/close[t]-1 > 1e-8; DOWN if < -1e-8; otherwise FLAT,close[t+h],probability_vector_DOWN_FLAT_UP,multiclass_brier_loss,expanding training-only class frequencies with Laplace alpha=1 as-of each decision,TO_BE_FROZEN_AFTER_PPR4_SOURCE_ELIGIBILITY,false,NONE,3,PROPOSED_NOT_AUTHORIZED,PPR4_DATA_GATE_THEN_PPR5_CODE_GATE_THEN_PPR6_EXACT_SNAPSHOT_PASS
C018_FLOWS_OPTIONS_5S,C018,P10,NONE,CNN+TCN hybrid,CNN_TCN_DIRECTION,PROJECT-ADAPTATION,classification,COMMON_DIRECTION_3CLASS,COMMON_DIRECTION_3CLASS,FLOWS_OPTIONS,5,after the published official close for session t,close_t,direction_label = UP if close[t+h]/close[t]-1 > 1e-8; DOWN if < -1e-8; otherwise FLAT,close[t+h],probability_vector_DOWN_FLAT_UP,multiclass_brier_loss,expanding training-only class frequencies with Laplace alpha=1 as-of each decision,TO_BE_FROZEN_AFTER_PPR4_SOURCE_ELIGIBILITY,false,NONE,3,PROPOSED_NOT_AUTHORIZED,PPR4_DATA_GATE_THEN_PPR5_CODE_GATE_THEN_PPR6_EXACT_SNAPSHOT_PASS
C018_TIMESTAMPED_SENTIMENT_FUSION_5S,C018,P10,NONE,CNN+TCN hybrid,CNN_TCN_DIRECTION,PROJECT-ADAPTATION,classification,COMMON_DIRECTION_3CLASS,COMMON_DIRECTION_3CLASS,TIMESTAMPED_SENTIMENT_FUSION,5,after the published official close for session t,close_t,direction_label = UP if close[t+h]/close[t]-1 > 1e-8; DOWN if < -1e-8; otherwise FLAT,close[t+h],probability_vector_DOWN_FLAT_UP,multiclass_brier_loss,expanding training-only class frequencies with Laplace alpha=1 as-of each decision,TO_BE_FROZEN_AFTER_PPR4_SOURCE_ELIGIBILITY,false,NONE,3,PROPOSED_NOT_AUTHORIZED,PPR4_DATA_GATE_THEN_PPR5_CODE_GATE_THEN_PPR6_EXACT_SNAPSHOT_PASS
C018_CORE_OHLCV_TECH_10S,C018,P10,NONE,CNN+TCN hybrid,CNN_TCN_DIRECTION,PROJECT-ADAPTATION,classification,COMMON_DIRECTION_3CLASS,COMMON_DIRECTION_3CLASS,CORE_OHLCV_TECH,10,after the published official close for session t,close_t,direction_label = UP if close[t+h]/close[t]-1 > 1e-8; DOWN if < -1e-8; otherwise FLAT,close[t+h],probability_vector_DOWN_FLAT_UP,multiclass_brier_loss,expanding training-only class frequencies with Laplace alpha=1 as-of each decision,TO_BE_FROZEN_AFTER_PPR4_SOURCE_ELIGIBILITY,false,NONE,3,PROPOSED_NOT_AUTHORIZED,PPR4_DATA_GATE_THEN_PPR5_CODE_GATE_THEN_PPR6_EXACT_SNAPSHOT_PASS
C018_EXTERNAL_MARKET_10S,C018,P10,NONE,CNN+TCN hybrid,CNN_TCN_DIRECTION,PROJECT-ADAPTATION,classification,COMMON_DIRECTION_3CLASS,COMMON_DIRECTION_3CLASS,EXTERNAL_MARKET,10,after the published official close for session t,close_t,direction_label = UP if close[t+h]/close[t]-1 > 1e-8; DOWN if < -1e-8; otherwise FLAT,close[t+h],probability_vector_DOWN_FLAT_UP,multiclass_brier_loss,expanding training-only class frequencies with Laplace alpha=1 as-of each decision,TO_BE_FROZEN_AFTER_PPR4_SOURCE_ELIGIBILITY,false,NONE,3,PROPOSED_NOT_AUTHORIZED,PPR4_DATA_GATE_THEN_PPR5_CODE_GATE_THEN_PPR6_EXACT_SNAPSHOT_PASS
C018_FLOWS_OPTIONS_10S,C018,P10,NONE,CNN+TCN hybrid,CNN_TCN_DIRECTION,PROJECT-ADAPTATION,classification,COMMON_DIRECTION_3CLASS,COMMON_DIRECTION_3CLASS,FLOWS_OPTIONS,10,after the published official close for session t,close_t,direction_label = UP if close[t+h]/close[t]-1 > 1e-8; DOWN if < -1e-8; otherwise FLAT,close[t+h],probability_vector_DOWN_FLAT_UP,multiclass_brier_loss,expanding training-only class frequencies with Laplace alpha=1 as-of each decision,TO_BE_FROZEN_AFTER_PPR4_SOURCE_ELIGIBILITY,false,NONE,3,PROPOSED_NOT_AUTHORIZED,PPR4_DATA_GATE_THEN_PPR5_CODE_GATE_THEN_PPR6_EXACT_SNAPSHOT_PASS
C018_TIMESTAMPED_SENTIMENT_FUSION_10S,C018,P10,NONE,CNN+TCN hybrid,CNN_TCN_DIRECTION,PROJECT-ADAPTATION,classification,COMMON_DIRECTION_3CLASS,COMMON_DIRECTION_3CLASS,TIMESTAMPED_SENTIMENT_FUSION,10,after the published official close for session t,close_t,direction_label = UP if close[t+h]/close[t]-1 > 1e-8; DOWN if < -1e-8; otherwise FLAT,close[t+h],probability_vector_DOWN_FLAT_UP,multiclass_brier_loss,expanding training-only class frequencies with Laplace alpha=1 as-of each decision,TO_BE_FROZEN_AFTER_PPR4_SOURCE_ELIGIBILITY,false,NONE,3,PROPOSED_NOT_AUTHORIZED,PPR4_DATA_GATE_THEN_PPR5_CODE_GATE_THEN_PPR6_EXACT_SNAPSHOT_PASS
C019_CORE_OHLCV_TECH_1S,C019,P10,NONE,LSTM+TCN hybrid,LSTM_TCN_DIRECTION,PROJECT-ADAPTATION,classification,COMMON_DIRECTION_3CLASS,COMMON_DIRECTION_3CLASS,CORE_OHLCV_TECH,1,after the published official close for session t,close_t,direction_label = UP if close[t+h]/close[t]-1 > 1e-8; DOWN if < -1e-8; otherwise FLAT,close[t+h],probability_vector_DOWN_FLAT_UP,multiclass_brier_loss,expanding training-only class frequencies with Laplace alpha=1 as-of each decision,TO_BE_FROZEN_AFTER_PPR4_SOURCE_ELIGIBILITY,false,NONE,3,PROPOSED_NOT_AUTHORIZED,PPR4_DATA_GATE_THEN_PPR5_CODE_GATE_THEN_PPR6_EXACT_SNAPSHOT_PASS
C019_EXTERNAL_MARKET_1S,C019,P10,NONE,LSTM+TCN hybrid,LSTM_TCN_DIRECTION,PROJECT-ADAPTATION,classification,COMMON_DIRECTION_3CLASS,COMMON_DIRECTION_3CLASS,EXTERNAL_MARKET,1,after the published official close for session t,close_t,direction_label = UP if close[t+h]/close[t]-1 > 1e-8; DOWN if < -1e-8; otherwise FLAT,close[t+h],probability_vector_DOWN_FLAT_UP,multiclass_brier_loss,expanding training-only class frequencies with Laplace alpha=1 as-of each decision,TO_BE_FROZEN_AFTER_PPR4_SOURCE_ELIGIBILITY,false,NONE,3,PROPOSED_NOT_AUTHORIZED,PPR4_DATA_GATE_THEN_PPR5_CODE_GATE_THEN_PPR6_EXACT_SNAPSHOT_PASS
C019_FLOWS_OPTIONS_1S,C019,P10,NONE,LSTM+TCN hybrid,LSTM_TCN_DIRECTION,PROJECT-ADAPTATION,classification,COMMON_DIRECTION_3CLASS,COMMON_DIRECTION_3CLASS,FLOWS_OPTIONS,1,after the published official close for session t,close_t,direction_label = UP if close[t+h]/close[t]-1 > 1e-8; DOWN if < -1e-8; otherwise FLAT,close[t+h],probability_vector_DOWN_FLAT_UP,multiclass_brier_loss,expanding training-only class frequencies with Laplace alpha=1 as-of each decision,TO_BE_FROZEN_AFTER_PPR4_SOURCE_ELIGIBILITY,false,NONE,3,PROPOSED_NOT_AUTHORIZED,PPR4_DATA_GATE_THEN_PPR5_CODE_GATE_THEN_PPR6_EXACT_SNAPSHOT_PASS
C019_TIMESTAMPED_SENTIMENT_FUSION_1S,C019,P10,NONE,LSTM+TCN hybrid,LSTM_TCN_DIRECTION,PROJECT-ADAPTATION,classification,COMMON_DIRECTION_3CLASS,COMMON_DIRECTION_3CLASS,TIMESTAMPED_SENTIMENT_FUSION,1,after the published official close for session t,close_t,direction_label = UP if close[t+h]/close[t]-1 > 1e-8; DOWN if < -1e-8; otherwise FLAT,close[t+h],probability_vector_DOWN_FLAT_UP,multiclass_brier_loss,expanding training-only class frequencies with Laplace alpha=1 as-of each decision,TO_BE_FROZEN_AFTER_PPR4_SOURCE_ELIGIBILITY,false,NONE,3,PROPOSED_NOT_AUTHORIZED,PPR4_DATA_GATE_THEN_PPR5_CODE_GATE_THEN_PPR6_EXACT_SNAPSHOT_PASS
C019_CORE_OHLCV_TECH_2S,C019,P10,NONE,LSTM+TCN hybrid,LSTM_TCN_DIRECTION,PROJECT-ADAPTATION,classification,COMMON_DIRECTION_3CLASS,COMMON_DIRECTION_3CLASS,CORE_OHLCV_TECH,2,after the published official close for session t,close_t,direction_label = UP if close[t+h]/close[t]-1 > 1e-8; DOWN if < -1e-8; otherwise FLAT,close[t+h],probability_vector_DOWN_FLAT_UP,multiclass_brier_loss,expanding training-only class frequencies with Laplace alpha=1 as-of each decision,TO_BE_FROZEN_AFTER_PPR4_SOURCE_ELIGIBILITY,false,NONE,3,PROPOSED_NOT_AUTHORIZED,PPR4_DATA_GATE_THEN_PPR5_CODE_GATE_THEN_PPR6_EXACT_SNAPSHOT_PASS
C019_EXTERNAL_MARKET_2S,C019,P10,NONE,LSTM+TCN hybrid,LSTM_TCN_DIRECTION,PROJECT-ADAPTATION,classification,COMMON_DIRECTION_3CLASS,COMMON_DIRECTION_3CLASS,EXTERNAL_MARKET,2,after the published official close for session t,close_t,direction_label = UP if close[t+h]/close[t]-1 > 1e-8; DOWN if < -1e-8; otherwise FLAT,close[t+h],probability_vector_DOWN_FLAT_UP,multiclass_brier_loss,expanding training-only class frequencies with Laplace alpha=1 as-of each decision,TO_BE_FROZEN_AFTER_PPR4_SOURCE_ELIGIBILITY,false,NONE,3,PROPOSED_NOT_AUTHORIZED,PPR4_DATA_GATE_THEN_PPR5_CODE_GATE_THEN_PPR6_EXACT_SNAPSHOT_PASS
C019_FLOWS_OPTIONS_2S,C019,P10,NONE,LSTM+TCN hybrid,LSTM_TCN_DIRECTION,PROJECT-ADAPTATION,classification,COMMON_DIRECTION_3CLASS,COMMON_DIRECTION_3CLASS,FLOWS_OPTIONS,2,after the published official close for session t,close_t,direction_label = UP if close[t+h]/close[t]-1 > 1e-8; DOWN if < -1e-8; otherwise FLAT,close[t+h],probability_vector_DOWN_FLAT_UP,multiclass_brier_loss,expanding training-only class frequencies with Laplace alpha=1 as-of each decision,TO_BE_FROZEN_AFTER_PPR4_SOURCE_ELIGIBILITY,false,NONE,3,PROPOSED_NOT_AUTHORIZED,PPR4_DATA_GATE_THEN_PPR5_CODE_GATE_THEN_PPR6_EXACT_SNAPSHOT_PASS
C019_TIMESTAMPED_SENTIMENT_FUSION_2S,C019,P10,NONE,LSTM+TCN hybrid,LSTM_TCN_DIRECTION,PROJECT-ADAPTATION,classification,COMMON_DIRECTION_3CLASS,COMMON_DIRECTION_3CLASS,TIMESTAMPED_SENTIMENT_FUSION,2,after the published official close for session t,close_t,direction_label = UP if close[t+h]/close[t]-1 > 1e-8; DOWN if < -1e-8; otherwise FLAT,close[t+h],probability_vector_DOWN_FLAT_UP,multiclass_brier_loss,expanding training-only class frequencies with Laplace alpha=1 as-of each decision,TO_BE_FROZEN_AFTER_PPR4_SOURCE_ELIGIBILITY,false,NONE,3,PROPOSED_NOT_AUTHORIZED,PPR4_DATA_GATE_THEN_PPR5_CODE_GATE_THEN_PPR6_EXACT_SNAPSHOT_PASS
C019_CORE_OHLCV_TECH_3S,C019,P10,NONE,LSTM+TCN hybrid,LSTM_TCN_DIRECTION,PROJECT-ADAPTATION,classification,COMMON_DIRECTION_3CLASS,COMMON_DIRECTION_3CLASS,CORE_OHLCV_TECH,3,after the published official close for session t,close_t,direction_label = UP if close[t+h]/close[t]-1 > 1e-8; DOWN if < -1e-8; otherwise FLAT,close[t+h],probability_vector_DOWN_FLAT_UP,multiclass_brier_loss,expanding training-only class frequencies with Laplace alpha=1 as-of each decision,TO_BE_FROZEN_AFTER_PPR4_SOURCE_ELIGIBILITY,false,NONE,3,PROPOSED_NOT_AUTHORIZED,PPR4_DATA_GATE_THEN_PPR5_CODE_GATE_THEN_PPR6_EXACT_SNAPSHOT_PASS
C019_EXTERNAL_MARKET_3S,C019,P10,NONE,LSTM+TCN hybrid,LSTM_TCN_DIRECTION,PROJECT-ADAPTATION,classification,COMMON_DIRECTION_3CLASS,COMMON_DIRECTION_3CLASS,EXTERNAL_MARKET,3,after the published official close for session t,close_t,direction_label = UP if close[t+h]/close[t]-1 > 1e-8; DOWN if < -1e-8; otherwise FLAT,close[t+h],probability_vector_DOWN_FLAT_UP,multiclass_brier_loss,expanding training-only class frequencies with Laplace alpha=1 as-of each decision,TO_BE_FROZEN_AFTER_PPR4_SOURCE_ELIGIBILITY,false,NONE,3,PROPOSED_NOT_AUTHORIZED,PPR4_DATA_GATE_THEN_PPR5_CODE_GATE_THEN_PPR6_EXACT_SNAPSHOT_PASS
C019_FLOWS_OPTIONS_3S,C019,P10,NONE,LSTM+TCN hybrid,LSTM_TCN_DIRECTION,PROJECT-ADAPTATION,classification,COMMON_DIRECTION_3CLASS,COMMON_DIRECTION_3CLASS,FLOWS_OPTIONS,3,after the published official close for session t,close_t,direction_label = UP if close[t+h]/close[t]-1 > 1e-8; DOWN if < -1e-8; otherwise FLAT,close[t+h],probability_vector_DOWN_FLAT_UP,multiclass_brier_loss,expanding training-only class frequencies with Laplace alpha=1 as-of each decision,TO_BE_FROZEN_AFTER_PPR4_SOURCE_ELIGIBILITY,false,NONE,3,PROPOSED_NOT_AUTHORIZED,PPR4_DATA_GATE_THEN_PPR5_CODE_GATE_THEN_PPR6_EXACT_SNAPSHOT_PASS
C019_TIMESTAMPED_SENTIMENT_FUSION_3S,C019,P10,NONE,LSTM+TCN hybrid,LSTM_TCN_DIRECTION,PROJECT-ADAPTATION,classification,COMMON_DIRECTION_3CLASS,COMMON_DIRECTION_3CLASS,TIMESTAMPED_SENTIMENT_FUSION,3,after the published official close for session t,close_t,direction_label = UP if close[t+h]/close[t]-1 > 1e-8; DOWN if < -1e-8; otherwise FLAT,close[t+h],probability_vector_DOWN_FLAT_UP,multiclass_brier_loss,expanding training-only class frequencies with Laplace alpha=1 as-of each decision,TO_BE_FROZEN_AFTER_PPR4_SOURCE_ELIGIBILITY,false,NONE,3,PROPOSED_NOT_AUTHORIZED,PPR4_DATA_GATE_THEN_PPR5_CODE_GATE_THEN_PPR6_EXACT_SNAPSHOT_PASS
C019_CORE_OHLCV_TECH_5S,C019,P10,NONE,LSTM+TCN hybrid,LSTM_TCN_DIRECTION,PROJECT-ADAPTATION,classification,COMMON_DIRECTION_3CLASS,COMMON_DIRECTION_3CLASS,CORE_OHLCV_TECH,5,after the published official close for session t,close_t,direction_label = UP if close[t+h]/close[t]-1 > 1e-8; DOWN if < -1e-8; otherwise FLAT,close[t+h],probability_vector_DOWN_FLAT_UP,multiclass_brier_loss,expanding training-only class frequencies with Laplace alpha=1 as-of each decision,TO_BE_FROZEN_AFTER_PPR4_SOURCE_ELIGIBILITY,false,NONE,3,PROPOSED_NOT_AUTHORIZED,PPR4_DATA_GATE_THEN_PPR5_CODE_GATE_THEN_PPR6_EXACT_SNAPSHOT_PASS
C019_EXTERNAL_MARKET_5S,C019,P10,NONE,LSTM+TCN hybrid,LSTM_TCN_DIRECTION,PROJECT-ADAPTATION,classification,COMMON_DIRECTION_3CLASS,COMMON_DIRECTION_3CLASS,EXTERNAL_MARKET,5,after the published official close for session t,close_t,direction_label = UP if close[t+h]/close[t]-1 > 1e-8; DOWN if < -1e-8; otherwise FLAT,close[t+h],probability_vector_DOWN_FLAT_UP,multiclass_brier_loss,expanding training-only class frequencies with Laplace alpha=1 as-of each decision,TO_BE_FROZEN_AFTER_PPR4_SOURCE_ELIGIBILITY,false,NONE,3,PROPOSED_NOT_AUTHORIZED,PPR4_DATA_GATE_THEN_PPR5_CODE_GATE_THEN_PPR6_EXACT_SNAPSHOT_PASS
C019_FLOWS_OPTIONS_5S,C019,P10,NONE,LSTM+TCN hybrid,LSTM_TCN_DIRECTION,PROJECT-ADAPTATION,classification,COMMON_DIRECTION_3CLASS,COMMON_DIRECTION_3CLASS,FLOWS_OPTIONS,5,after the published official close for session t,close_t,direction_label = UP if close[t+h]/close[t]-1 > 1e-8; DOWN if < -1e-8; otherwise FLAT,close[t+h],probability_vector_DOWN_FLAT_UP,multiclass_brier_loss,expanding training-only class frequencies with Laplace alpha=1 as-of each decision,TO_BE_FROZEN_AFTER_PPR4_SOURCE_ELIGIBILITY,false,NONE,3,PROPOSED_NOT_AUTHORIZED,PPR4_DATA_GATE_THEN_PPR5_CODE_GATE_THEN_PPR6_EXACT_SNAPSHOT_PASS
C019_TIMESTAMPED_SENTIMENT_FUSION_5S,C019,P10,NONE,LSTM+TCN hybrid,LSTM_TCN_DIRECTION,PROJECT-ADAPTATION,classification,COMMON_DIRECTION_3CLASS,COMMON_DIRECTION_3CLASS,TIMESTAMPED_SENTIMENT_FUSION,5,after the published official close for session t,close_t,direction_label = UP if close[t+h]/close[t]-1 > 1e-8; DOWN if < -1e-8; otherwise FLAT,close[t+h],probability_vector_DOWN_FLAT_UP,multiclass_brier_loss,expanding training-only class frequencies with Laplace alpha=1 as-of each decision,TO_BE_FROZEN_AFTER_PPR4_SOURCE_ELIGIBILITY,false,NONE,3,PROPOSED_NOT_AUTHORIZED,PPR4_DATA_GATE_THEN_PPR5_CODE_GATE_THEN_PPR6_EXACT_SNAPSHOT_PASS
C019_CORE_OHLCV_TECH_10S,C019,P10,NONE,LSTM+TCN hybrid,LSTM_TCN_DIRECTION,PROJECT-ADAPTATION,classification,COMMON_DIRECTION_3CLASS,COMMON_DIRECTION_3CLASS,CORE_OHLCV_TECH,10,after the published official close for session t,close_t,direction_label = UP if close[t+h]/close[t]-1 > 1e-8; DOWN if < -1e-8; otherwise FLAT,close[t+h],probability_vector_DOWN_FLAT_UP,multiclass_brier_loss,expanding training-only class frequencies with Laplace alpha=1 as-of each decision,TO_BE_FROZEN_AFTER_PPR4_SOURCE_ELIGIBILITY,false,NONE,3,PROPOSED_NOT_AUTHORIZED,PPR4_DATA_GATE_THEN_PPR5_CODE_GATE_THEN_PPR6_EXACT_SNAPSHOT_PASS
C019_EXTERNAL_MARKET_10S,C019,P10,NONE,LSTM+TCN hybrid,LSTM_TCN_DIRECTION,PROJECT-ADAPTATION,classification,COMMON_DIRECTION_3CLASS,COMMON_DIRECTION_3CLASS,EXTERNAL_MARKET,10,after the published official close for session t,close_t,direction_label = UP if close[t+h]/close[t]-1 > 1e-8; DOWN if < -1e-8; otherwise FLAT,close[t+h],probability_vector_DOWN_FLAT_UP,multiclass_brier_loss,expanding training-only class frequencies with Laplace alpha=1 as-of each decision,TO_BE_FROZEN_AFTER_PPR4_SOURCE_ELIGIBILITY,false,NONE,3,PROPOSED_NOT_AUTHORIZED,PPR4_DATA_GATE_THEN_PPR5_CODE_GATE_THEN_PPR6_EXACT_SNAPSHOT_PASS
C019_FLOWS_OPTIONS_10S,C019,P10,NONE,LSTM+TCN hybrid,LSTM_TCN_DIRECTION,PROJECT-ADAPTATION,classification,COMMON_DIRECTION_3CLASS,COMMON_DIRECTION_3CLASS,FLOWS_OPTIONS,10,after the published official close for session t,close_t,direction_label = UP if close[t+h]/close[t]-1 > 1e-8; DOWN if < -1e-8; otherwise FLAT,close[t+h],probability_vector_DOWN_FLAT_UP,multiclass_brier_loss,expanding training-only class frequencies with Laplace alpha=1 as-of each decision,TO_BE_FROZEN_AFTER_PPR4_SOURCE_ELIGIBILITY,false,NONE,3,PROPOSED_NOT_AUTHORIZED,PPR4_DATA_GATE_THEN_PPR5_CODE_GATE_THEN_PPR6_EXACT_SNAPSHOT_PASS
C019_TIMESTAMPED_SENTIMENT_FUSION_10S,C019,P10,NONE,LSTM+TCN hybrid,LSTM_TCN_DIRECTION,PROJECT-ADAPTATION,classification,COMMON_DIRECTION_3CLASS,COMMON_DIRECTION_3CLASS,TIMESTAMPED_SENTIMENT_FUSION,10,after the published official close for session t,close_t,direction_label = UP if close[t+h]/close[t]-1 > 1e-8; DOWN if < -1e-8; otherwise FLAT,close[t+h],probability_vector_DOWN_FLAT_UP,multiclass_brier_loss,expanding training-only class frequencies with Laplace alpha=1 as-of each decision,TO_BE_FROZEN_AFTER_PPR4_SOURCE_ELIGIBILITY,false,NONE,3,PROPOSED_NOT_AUTHORIZED,PPR4_DATA_GATE_THEN_PPR5_CODE_GATE_THEN_PPR6_EXACT_SNAPSHOT_PASS
C020_CORE_OHLCV_TECH_1S,C020,P11,NONE,SMA 50/200 crossover rule,SMA_50_200_DIRECTION,PROJECT-ADAPTATION,classification,COMMON_DIRECTION_3CLASS,COMMON_DIRECTION_3CLASS,CORE_OHLCV_TECH,1,after the published official close for session t,close_t,direction_label = UP if close[t+h]/close[t]-1 > 1e-8; DOWN if < -1e-8; otherwise FLAT,close[t+h],probability_vector_DOWN_FLAT_UP,multiclass_brier_loss,expanding training-only class frequencies with Laplace alpha=1 as-of each decision,TO_BE_FROZEN_AFTER_PPR4_SOURCE_ELIGIBILITY,false,NONE,3,PROPOSED_NOT_AUTHORIZED,PPR4_DATA_GATE_THEN_PPR5_CODE_GATE_THEN_PPR6_EXACT_SNAPSHOT_PASS
C020_CORE_OHLCV_TECH_2S,C020,P11,NONE,SMA 50/200 crossover rule,SMA_50_200_DIRECTION,PROJECT-ADAPTATION,classification,COMMON_DIRECTION_3CLASS,COMMON_DIRECTION_3CLASS,CORE_OHLCV_TECH,2,after the published official close for session t,close_t,direction_label = UP if close[t+h]/close[t]-1 > 1e-8; DOWN if < -1e-8; otherwise FLAT,close[t+h],probability_vector_DOWN_FLAT_UP,multiclass_brier_loss,expanding training-only class frequencies with Laplace alpha=1 as-of each decision,TO_BE_FROZEN_AFTER_PPR4_SOURCE_ELIGIBILITY,false,NONE,3,PROPOSED_NOT_AUTHORIZED,PPR4_DATA_GATE_THEN_PPR5_CODE_GATE_THEN_PPR6_EXACT_SNAPSHOT_PASS
C020_CORE_OHLCV_TECH_3S,C020,P11,NONE,SMA 50/200 crossover rule,SMA_50_200_DIRECTION,PROJECT-ADAPTATION,classification,COMMON_DIRECTION_3CLASS,COMMON_DIRECTION_3CLASS,CORE_OHLCV_TECH,3,after the published official close for session t,close_t,direction_label = UP if close[t+h]/close[t]-1 > 1e-8; DOWN if < -1e-8; otherwise FLAT,close[t+h],probability_vector_DOWN_FLAT_UP,multiclass_brier_loss,expanding training-only class frequencies with Laplace alpha=1 as-of each decision,TO_BE_FROZEN_AFTER_PPR4_SOURCE_ELIGIBILITY,false,NONE,3,PROPOSED_NOT_AUTHORIZED,PPR4_DATA_GATE_THEN_PPR5_CODE_GATE_THEN_PPR6_EXACT_SNAPSHOT_PASS
C020_CORE_OHLCV_TECH_5S,C020,P11,NONE,SMA 50/200 crossover rule,SMA_50_200_DIRECTION,PROJECT-ADAPTATION,classification,COMMON_DIRECTION_3CLASS,COMMON_DIRECTION_3CLASS,CORE_OHLCV_TECH,5,after the published official close for session t,close_t,direction_label = UP if close[t+h]/close[t]-1 > 1e-8; DOWN if < -1e-8; otherwise FLAT,close[t+h],probability_vector_DOWN_FLAT_UP,multiclass_brier_loss,expanding training-only class frequencies with Laplace alpha=1 as-of each decision,TO_BE_FROZEN_AFTER_PPR4_SOURCE_ELIGIBILITY,false,NONE,3,PROPOSED_NOT_AUTHORIZED,PPR4_DATA_GATE_THEN_PPR5_CODE_GATE_THEN_PPR6_EXACT_SNAPSHOT_PASS
C020_CORE_OHLCV_TECH_10S,C020,P11,NONE,SMA 50/200 crossover rule,SMA_50_200_DIRECTION,PROJECT-ADAPTATION,classification,COMMON_DIRECTION_3CLASS,COMMON_DIRECTION_3CLASS,CORE_OHLCV_TECH,10,after the published official close for session t,close_t,direction_label = UP if close[t+h]/close[t]-1 > 1e-8; DOWN if < -1e-8; otherwise FLAT,close[t+h],probability_vector_DOWN_FLAT_UP,multiclass_brier_loss,expanding training-only class frequencies with Laplace alpha=1 as-of each decision,TO_BE_FROZEN_AFTER_PPR4_SOURCE_ELIGIBILITY,false,NONE,3,PROPOSED_NOT_AUTHORIZED,PPR4_DATA_GATE_THEN_PPR5_CODE_GATE_THEN_PPR6_EXACT_SNAPSHOT_PASS
C021_CORE_OHLCV_TECH_1S,C021,P11,NONE,EMA 50/200 crossover rule,EMA_50_200_DIRECTION,PROJECT-ADAPTATION,classification,COMMON_DIRECTION_3CLASS,COMMON_DIRECTION_3CLASS,CORE_OHLCV_TECH,1,after the published official close for session t,close_t,direction_label = UP if close[t+h]/close[t]-1 > 1e-8; DOWN if < -1e-8; otherwise FLAT,close[t+h],probability_vector_DOWN_FLAT_UP,multiclass_brier_loss,expanding training-only class frequencies with Laplace alpha=1 as-of each decision,TO_BE_FROZEN_AFTER_PPR4_SOURCE_ELIGIBILITY,false,NONE,3,PROPOSED_NOT_AUTHORIZED,PPR4_DATA_GATE_THEN_PPR5_CODE_GATE_THEN_PPR6_EXACT_SNAPSHOT_PASS
C021_CORE_OHLCV_TECH_2S,C021,P11,NONE,EMA 50/200 crossover rule,EMA_50_200_DIRECTION,PROJECT-ADAPTATION,classification,COMMON_DIRECTION_3CLASS,COMMON_DIRECTION_3CLASS,CORE_OHLCV_TECH,2,after the published official close for session t,close_t,direction_label = UP if close[t+h]/close[t]-1 > 1e-8; DOWN if < -1e-8; otherwise FLAT,close[t+h],probability_vector_DOWN_FLAT_UP,multiclass_brier_loss,expanding training-only class frequencies with Laplace alpha=1 as-of each decision,TO_BE_FROZEN_AFTER_PPR4_SOURCE_ELIGIBILITY,false,NONE,3,PROPOSED_NOT_AUTHORIZED,PPR4_DATA_GATE_THEN_PPR5_CODE_GATE_THEN_PPR6_EXACT_SNAPSHOT_PASS
C021_CORE_OHLCV_TECH_3S,C021,P11,NONE,EMA 50/200 crossover rule,EMA_50_200_DIRECTION,PROJECT-ADAPTATION,classification,COMMON_DIRECTION_3CLASS,COMMON_DIRECTION_3CLASS,CORE_OHLCV_TECH,3,after the published official close for session t,close_t,direction_label = UP if close[t+h]/close[t]-1 > 1e-8; DOWN if < -1e-8; otherwise FLAT,close[t+h],probability_vector_DOWN_FLAT_UP,multiclass_brier_loss,expanding training-only class frequencies with Laplace alpha=1 as-of each decision,TO_BE_FROZEN_AFTER_PPR4_SOURCE_ELIGIBILITY,false,NONE,3,PROPOSED_NOT_AUTHORIZED,PPR4_DATA_GATE_THEN_PPR5_CODE_GATE_THEN_PPR6_EXACT_SNAPSHOT_PASS
C021_CORE_OHLCV_TECH_5S,C021,P11,NONE,EMA 50/200 crossover rule,EMA_50_200_DIRECTION,PROJECT-ADAPTATION,classification,COMMON_DIRECTION_3CLASS,COMMON_DIRECTION_3CLASS,CORE_OHLCV_TECH,5,after the published official close for session t,close_t,direction_label = UP if close[t+h]/close[t]-1 > 1e-8; DOWN if < -1e-8; otherwise FLAT,close[t+h],probability_vector_DOWN_FLAT_UP,multiclass_brier_loss,expanding training-only class frequencies with Laplace alpha=1 as-of each decision,TO_BE_FROZEN_AFTER_PPR4_SOURCE_ELIGIBILITY,false,NONE,3,PROPOSED_NOT_AUTHORIZED,PPR4_DATA_GATE_THEN_PPR5_CODE_GATE_THEN_PPR6_EXACT_SNAPSHOT_PASS
C021_CORE_OHLCV_TECH_10S,C021,P11,NONE,EMA 50/200 crossover rule,EMA_50_200_DIRECTION,PROJECT-ADAPTATION,classification,COMMON_DIRECTION_3CLASS,COMMON_DIRECTION_3CLASS,CORE_OHLCV_TECH,10,after the published official close for session t,close_t,direction_label = UP if close[t+h]/close[t]-1 > 1e-8; DOWN if < -1e-8; otherwise FLAT,close[t+h],probability_vector_DOWN_FLAT_UP,multiclass_brier_loss,expanding training-only class frequencies with Laplace alpha=1 as-of each decision,TO_BE_FROZEN_AFTER_PPR4_SOURCE_ELIGIBILITY,false,NONE,3,PROPOSED_NOT_AUTHORIZED,PPR4_DATA_GATE_THEN_PPR5_CODE_GATE_THEN_PPR6_EXACT_SNAPSHOT_PASS
C022_CORE_OHLCV_TECH_1S,C022,P03,NONE,XGBoost classifier,XGBOOST_DIRECTION,PROJECT-ADAPTATION,classification,COMMON_DIRECTION_3CLASS,COMMON_DIRECTION_3CLASS,CORE_OHLCV_TECH,1,after the published official close for session t,close_t,direction_label = UP if close[t+h]/close[t]-1 > 1e-8; DOWN if < -1e-8; otherwise FLAT,close[t+h],probability_vector_DOWN_FLAT_UP,multiclass_brier_loss,expanding training-only class frequencies with Laplace alpha=1 as-of each decision,TO_BE_FROZEN_AFTER_PPR4_SOURCE_ELIGIBILITY,false,NONE,3,PROPOSED_NOT_AUTHORIZED,PPR4_DATA_GATE_THEN_PPR5_CODE_GATE_THEN_PPR6_EXACT_SNAPSHOT_PASS
C022_EXTERNAL_MARKET_1S,C022,P03,NONE,XGBoost classifier,XGBOOST_DIRECTION,PROJECT-ADAPTATION,classification,COMMON_DIRECTION_3CLASS,COMMON_DIRECTION_3CLASS,EXTERNAL_MARKET,1,after the published official close for session t,close_t,direction_label = UP if close[t+h]/close[t]-1 > 1e-8; DOWN if < -1e-8; otherwise FLAT,close[t+h],probability_vector_DOWN_FLAT_UP,multiclass_brier_loss,expanding training-only class frequencies with Laplace alpha=1 as-of each decision,TO_BE_FROZEN_AFTER_PPR4_SOURCE_ELIGIBILITY,false,NONE,3,PROPOSED_NOT_AUTHORIZED,PPR4_DATA_GATE_THEN_PPR5_CODE_GATE_THEN_PPR6_EXACT_SNAPSHOT_PASS
C022_FLOWS_OPTIONS_1S,C022,P03,NONE,XGBoost classifier,XGBOOST_DIRECTION,PROJECT-ADAPTATION,classification,COMMON_DIRECTION_3CLASS,COMMON_DIRECTION_3CLASS,FLOWS_OPTIONS,1,after the published official close for session t,close_t,direction_label = UP if close[t+h]/close[t]-1 > 1e-8; DOWN if < -1e-8; otherwise FLAT,close[t+h],probability_vector_DOWN_FLAT_UP,multiclass_brier_loss,expanding training-only class frequencies with Laplace alpha=1 as-of each decision,TO_BE_FROZEN_AFTER_PPR4_SOURCE_ELIGIBILITY,false,NONE,3,PROPOSED_NOT_AUTHORIZED,PPR4_DATA_GATE_THEN_PPR5_CODE_GATE_THEN_PPR6_EXACT_SNAPSHOT_PASS
C022_TIMESTAMPED_SENTIMENT_FUSION_1S,C022,P03,NONE,XGBoost classifier,XGBOOST_DIRECTION,PROJECT-ADAPTATION,classification,COMMON_DIRECTION_3CLASS,COMMON_DIRECTION_3CLASS,TIMESTAMPED_SENTIMENT_FUSION,1,after the published official close for session t,close_t,direction_label = UP if close[t+h]/close[t]-1 > 1e-8; DOWN if < -1e-8; otherwise FLAT,close[t+h],probability_vector_DOWN_FLAT_UP,multiclass_brier_loss,expanding training-only class frequencies with Laplace alpha=1 as-of each decision,TO_BE_FROZEN_AFTER_PPR4_SOURCE_ELIGIBILITY,false,NONE,3,PROPOSED_NOT_AUTHORIZED,PPR4_DATA_GATE_THEN_PPR5_CODE_GATE_THEN_PPR6_EXACT_SNAPSHOT_PASS
C022_CORE_OHLCV_TECH_2S,C022,P03,NONE,XGBoost classifier,XGBOOST_DIRECTION,PROJECT-ADAPTATION,classification,COMMON_DIRECTION_3CLASS,COMMON_DIRECTION_3CLASS,CORE_OHLCV_TECH,2,after the published official close for session t,close_t,direction_label = UP if close[t+h]/close[t]-1 > 1e-8; DOWN if < -1e-8; otherwise FLAT,close[t+h],probability_vector_DOWN_FLAT_UP,multiclass_brier_loss,expanding training-only class frequencies with Laplace alpha=1 as-of each decision,TO_BE_FROZEN_AFTER_PPR4_SOURCE_ELIGIBILITY,false,NONE,3,PROPOSED_NOT_AUTHORIZED,PPR4_DATA_GATE_THEN_PPR5_CODE_GATE_THEN_PPR6_EXACT_SNAPSHOT_PASS
C022_EXTERNAL_MARKET_2S,C022,P03,NONE,XGBoost classifier,XGBOOST_DIRECTION,PROJECT-ADAPTATION,classification,COMMON_DIRECTION_3CLASS,COMMON_DIRECTION_3CLASS,EXTERNAL_MARKET,2,after the published official close for session t,close_t,direction_label = UP if close[t+h]/close[t]-1 > 1e-8; DOWN if < -1e-8; otherwise FLAT,close[t+h],probability_vector_DOWN_FLAT_UP,multiclass_brier_loss,expanding training-only class frequencies with Laplace alpha=1 as-of each decision,TO_BE_FROZEN_AFTER_PPR4_SOURCE_ELIGIBILITY,false,NONE,3,PROPOSED_NOT_AUTHORIZED,PPR4_DATA_GATE_THEN_PPR5_CODE_GATE_THEN_PPR6_EXACT_SNAPSHOT_PASS
C022_FLOWS_OPTIONS_2S,C022,P03,NONE,XGBoost classifier,XGBOOST_DIRECTION,PROJECT-ADAPTATION,classification,COMMON_DIRECTION_3CLASS,COMMON_DIRECTION_3CLASS,FLOWS_OPTIONS,2,after the published official close for session t,close_t,direction_label = UP if close[t+h]/close[t]-1 > 1e-8; DOWN if < -1e-8; otherwise FLAT,close[t+h],probability_vector_DOWN_FLAT_UP,multiclass_brier_loss,expanding training-only class frequencies with Laplace alpha=1 as-of each decision,TO_BE_FROZEN_AFTER_PPR4_SOURCE_ELIGIBILITY,false,NONE,3,PROPOSED_NOT_AUTHORIZED,PPR4_DATA_GATE_THEN_PPR5_CODE_GATE_THEN_PPR6_EXACT_SNAPSHOT_PASS
C022_TIMESTAMPED_SENTIMENT_FUSION_2S,C022,P03,NONE,XGBoost classifier,XGBOOST_DIRECTION,PROJECT-ADAPTATION,classification,COMMON_DIRECTION_3CLASS,COMMON_DIRECTION_3CLASS,TIMESTAMPED_SENTIMENT_FUSION,2,after the published official close for session t,close_t,direction_label = UP if close[t+h]/close[t]-1 > 1e-8; DOWN if < -1e-8; otherwise FLAT,close[t+h],probability_vector_DOWN_FLAT_UP,multiclass_brier_loss,expanding training-only class frequencies with Laplace alpha=1 as-of each decision,TO_BE_FROZEN_AFTER_PPR4_SOURCE_ELIGIBILITY,false,NONE,3,PROPOSED_NOT_AUTHORIZED,PPR4_DATA_GATE_THEN_PPR5_CODE_GATE_THEN_PPR6_EXACT_SNAPSHOT_PASS
C022_CORE_OHLCV_TECH_3S,C022,P03,NONE,XGBoost classifier,XGBOOST_DIRECTION,PROJECT-ADAPTATION,classification,COMMON_DIRECTION_3CLASS,COMMON_DIRECTION_3CLASS,CORE_OHLCV_TECH,3,after the published official close for session t,close_t,direction_label = UP if close[t+h]/close[t]-1 > 1e-8; DOWN if < -1e-8; otherwise FLAT,close[t+h],probability_vector_DOWN_FLAT_UP,multiclass_brier_loss,expanding training-only class frequencies with Laplace alpha=1 as-of each decision,TO_BE_FROZEN_AFTER_PPR4_SOURCE_ELIGIBILITY,false,NONE,3,PROPOSED_NOT_AUTHORIZED,PPR4_DATA_GATE_THEN_PPR5_CODE_GATE_THEN_PPR6_EXACT_SNAPSHOT_PASS
C022_EXTERNAL_MARKET_3S,C022,P03,NONE,XGBoost classifier,XGBOOST_DIRECTION,PROJECT-ADAPTATION,classification,COMMON_DIRECTION_3CLASS,COMMON_DIRECTION_3CLASS,EXTERNAL_MARKET,3,after the published official close for session t,close_t,direction_label = UP if close[t+h]/close[t]-1 > 1e-8; DOWN if < -1e-8; otherwise FLAT,close[t+h],probability_vector_DOWN_FLAT_UP,multiclass_brier_loss,expanding training-only class frequencies with Laplace alpha=1 as-of each decision,TO_BE_FROZEN_AFTER_PPR4_SOURCE_ELIGIBILITY,false,NONE,3,PROPOSED_NOT_AUTHORIZED,PPR4_DATA_GATE_THEN_PPR5_CODE_GATE_THEN_PPR6_EXACT_SNAPSHOT_PASS
C022_FLOWS_OPTIONS_3S,C022,P03,NONE,XGBoost classifier,XGBOOST_DIRECTION,PROJECT-ADAPTATION,classification,COMMON_DIRECTION_3CLASS,COMMON_DIRECTION_3CLASS,FLOWS_OPTIONS,3,after the published official close for session t,close_t,direction_label = UP if close[t+h]/close[t]-1 > 1e-8; DOWN if < -1e-8; otherwise FLAT,close[t+h],probability_vector_DOWN_FLAT_UP,multiclass_brier_loss,expanding training-only class frequencies with Laplace alpha=1 as-of each decision,TO_BE_FROZEN_AFTER_PPR4_SOURCE_ELIGIBILITY,false,NONE,3,PROPOSED_NOT_AUTHORIZED,PPR4_DATA_GATE_THEN_PPR5_CODE_GATE_THEN_PPR6_EXACT_SNAPSHOT_PASS
C022_TIMESTAMPED_SENTIMENT_FUSION_3S,C022,P03,NONE,XGBoost classifier,XGBOOST_DIRECTION,PROJECT-ADAPTATION,classification,COMMON_DIRECTION_3CLASS,COMMON_DIRECTION_3CLASS,TIMESTAMPED_SENTIMENT_FUSION,3,after the published official close for session t,close_t,direction_label = UP if close[t+h]/close[t]-1 > 1e-8; DOWN if < -1e-8; otherwise FLAT,close[t+h],probability_vector_DOWN_FLAT_UP,multiclass_brier_loss,expanding training-only class frequencies with Laplace alpha=1 as-of each decision,TO_BE_FROZEN_AFTER_PPR4_SOURCE_ELIGIBILITY,false,NONE,3,PROPOSED_NOT_AUTHORIZED,PPR4_DATA_GATE_THEN_PPR5_CODE_GATE_THEN_PPR6_EXACT_SNAPSHOT_PASS
C022_CORE_OHLCV_TECH_5S,C022,P03,NONE,XGBoost classifier,XGBOOST_DIRECTION,PROJECT-ADAPTATION,classification,COMMON_DIRECTION_3CLASS,COMMON_DIRECTION_3CLASS,CORE_OHLCV_TECH,5,after the published official close for session t,close_t,direction_label = UP if close[t+h]/close[t]-1 > 1e-8; DOWN if < -1e-8; otherwise FLAT,close[t+h],probability_vector_DOWN_FLAT_UP,multiclass_brier_loss,expanding training-only class frequencies with Laplace alpha=1 as-of each decision,TO_BE_FROZEN_AFTER_PPR4_SOURCE_ELIGIBILITY,false,NONE,3,PROPOSED_NOT_AUTHORIZED,PPR4_DATA_GATE_THEN_PPR5_CODE_GATE_THEN_PPR6_EXACT_SNAPSHOT_PASS
C022_EXTERNAL_MARKET_5S,C022,P03,NONE,XGBoost classifier,XGBOOST_DIRECTION,PROJECT-ADAPTATION,classification,COMMON_DIRECTION_3CLASS,COMMON_DIRECTION_3CLASS,EXTERNAL_MARKET,5,after the published official close for session t,close_t,direction_label = UP if close[t+h]/close[t]-1 > 1e-8; DOWN if < -1e-8; otherwise FLAT,close[t+h],probability_vector_DOWN_FLAT_UP,multiclass_brier_loss,expanding training-only class frequencies with Laplace alpha=1 as-of each decision,TO_BE_FROZEN_AFTER_PPR4_SOURCE_ELIGIBILITY,false,NONE,3,PROPOSED_NOT_AUTHORIZED,PPR4_DATA_GATE_THEN_PPR5_CODE_GATE_THEN_PPR6_EXACT_SNAPSHOT_PASS
C022_FLOWS_OPTIONS_5S,C022,P03,NONE,XGBoost classifier,XGBOOST_DIRECTION,PROJECT-ADAPTATION,classification,COMMON_DIRECTION_3CLASS,COMMON_DIRECTION_3CLASS,FLOWS_OPTIONS,5,after the published official close for session t,close_t,direction_label = UP if close[t+h]/close[t]-1 > 1e-8; DOWN if < -1e-8; otherwise FLAT,close[t+h],probability_vector_DOWN_FLAT_UP,multiclass_brier_loss,expanding training-only class frequencies with Laplace alpha=1 as-of each decision,TO_BE_FROZEN_AFTER_PPR4_SOURCE_ELIGIBILITY,false,NONE,3,PROPOSED_NOT_AUTHORIZED,PPR4_DATA_GATE_THEN_PPR5_CODE_GATE_THEN_PPR6_EXACT_SNAPSHOT_PASS
C022_TIMESTAMPED_SENTIMENT_FUSION_5S,C022,P03,NONE,XGBoost classifier,XGBOOST_DIRECTION,PROJECT-ADAPTATION,classification,COMMON_DIRECTION_3CLASS,COMMON_DIRECTION_3CLASS,TIMESTAMPED_SENTIMENT_FUSION,5,after the published official close for session t,close_t,direction_label = UP if close[t+h]/close[t]-1 > 1e-8; DOWN if < -1e-8; otherwise FLAT,close[t+h],probability_vector_DOWN_FLAT_UP,multiclass_brier_loss,expanding training-only class frequencies with Laplace alpha=1 as-of each decision,TO_BE_FROZEN_AFTER_PPR4_SOURCE_ELIGIBILITY,false,NONE,3,PROPOSED_NOT_AUTHORIZED,PPR4_DATA_GATE_THEN_PPR5_CODE_GATE_THEN_PPR6_EXACT_SNAPSHOT_PASS
C022_CORE_OHLCV_TECH_10S,C022,P03,NONE,XGBoost classifier,XGBOOST_DIRECTION,PROJECT-ADAPTATION,classification,COMMON_DIRECTION_3CLASS,COMMON_DIRECTION_3CLASS,CORE_OHLCV_TECH,10,after the published official close for session t,close_t,direction_label = UP if close[t+h]/close[t]-1 > 1e-8; DOWN if < -1e-8; otherwise FLAT,close[t+h],probability_vector_DOWN_FLAT_UP,multiclass_brier_loss,expanding training-only class frequencies with Laplace alpha=1 as-of each decision,TO_BE_FROZEN_AFTER_PPR4_SOURCE_ELIGIBILITY,false,NONE,3,PROPOSED_NOT_AUTHORIZED,PPR4_DATA_GATE_THEN_PPR5_CODE_GATE_THEN_PPR6_EXACT_SNAPSHOT_PASS
C022_EXTERNAL_MARKET_10S,C022,P03,NONE,XGBoost classifier,XGBOOST_DIRECTION,PROJECT-ADAPTATION,classification,COMMON_DIRECTION_3CLASS,COMMON_DIRECTION_3CLASS,EXTERNAL_MARKET,10,after the published official close for session t,close_t,direction_label = UP if close[t+h]/close[t]-1 > 1e-8; DOWN if < -1e-8; otherwise FLAT,close[t+h],probability_vector_DOWN_FLAT_UP,multiclass_brier_loss,expanding training-only class frequencies with Laplace alpha=1 as-of each decision,TO_BE_FROZEN_AFTER_PPR4_SOURCE_ELIGIBILITY,false,NONE,3,PROPOSED_NOT_AUTHORIZED,PPR4_DATA_GATE_THEN_PPR5_CODE_GATE_THEN_PPR6_EXACT_SNAPSHOT_PASS
C022_FLOWS_OPTIONS_10S,C022,P03,NONE,XGBoost classifier,XGBOOST_DIRECTION,PROJECT-ADAPTATION,classification,COMMON_DIRECTION_3CLASS,COMMON_DIRECTION_3CLASS,FLOWS_OPTIONS,10,after the published official close for session t,close_t,direction_label = UP if close[t+h]/close[t]-1 > 1e-8; DOWN if < -1e-8; otherwise FLAT,close[t+h],probability_vector_DOWN_FLAT_UP,multiclass_brier_loss,expanding training-only class frequencies with Laplace alpha=1 as-of each decision,TO_BE_FROZEN_AFTER_PPR4_SOURCE_ELIGIBILITY,false,NONE,3,PROPOSED_NOT_AUTHORIZED,PPR4_DATA_GATE_THEN_PPR5_CODE_GATE_THEN_PPR6_EXACT_SNAPSHOT_PASS
C022_TIMESTAMPED_SENTIMENT_FUSION_10S,C022,P03,NONE,XGBoost classifier,XGBOOST_DIRECTION,PROJECT-ADAPTATION,classification,COMMON_DIRECTION_3CLASS,COMMON_DIRECTION_3CLASS,TIMESTAMPED_SENTIMENT_FUSION,10,after the published official close for session t,close_t,direction_label = UP if close[t+h]/close[t]-1 > 1e-8; DOWN if < -1e-8; otherwise FLAT,close[t+h],probability_vector_DOWN_FLAT_UP,multiclass_brier_loss,expanding training-only class frequencies with Laplace alpha=1 as-of each decision,TO_BE_FROZEN_AFTER_PPR4_SOURCE_ELIGIBILITY,false,NONE,3,PROPOSED_NOT_AUTHORIZED,PPR4_DATA_GATE_THEN_PPR5_CODE_GATE_THEN_PPR6_EXACT_SNAPSHOT_PASS
C023_CORE_OHLCV_TECH_1S,C023,P15,NONE,CCI(20) state-conditioned empirical-probability rule,CCI_20_DIRECTION,PROJECT-ADAPTATION,classification,COMMON_DIRECTION_3CLASS,COMMON_DIRECTION_3CLASS,CORE_OHLCV_TECH,1,after the published official close for session t,close_t,direction_label = UP if close[t+h]/close[t]-1 > 1e-8; DOWN if < -1e-8; otherwise FLAT,close[t+1],probability_vector_DOWN_FLAT_UP,multiclass_brier_loss,expanding training-only class frequencies with Laplace alpha=1 as-of each decision,TO_BE_FROZEN_AFTER_PPR4_SOURCE_ELIGIBILITY,false,NONE,3,PROPOSED_NOT_AUTHORIZED,PPR4_DATA_GATE_THEN_PPR5_CODE_GATE_THEN_PPR6_EXACT_SNAPSHOT_PASS
C023_CORE_OHLCV_TECH_2S,C023,P15,NONE,CCI(20) state-conditioned empirical-probability rule,CCI_20_DIRECTION,PROJECT-ADAPTATION,classification,COMMON_DIRECTION_3CLASS,COMMON_DIRECTION_3CLASS,CORE_OHLCV_TECH,2,after the published official close for session t,close_t,direction_label = UP if close[t+h]/close[t]-1 > 1e-8; DOWN if < -1e-8; otherwise FLAT,close[t+2],probability_vector_DOWN_FLAT_UP,multiclass_brier_loss,expanding training-only class frequencies with Laplace alpha=1 as-of each decision,TO_BE_FROZEN_AFTER_PPR4_SOURCE_ELIGIBILITY,false,NONE,3,PROPOSED_NOT_AUTHORIZED,PPR4_DATA_GATE_THEN_PPR5_CODE_GATE_THEN_PPR6_EXACT_SNAPSHOT_PASS
C023_CORE_OHLCV_TECH_3S,C023,P15,NONE,CCI(20) state-conditioned empirical-probability rule,CCI_20_DIRECTION,PROJECT-ADAPTATION,classification,COMMON_DIRECTION_3CLASS,COMMON_DIRECTION_3CLASS,CORE_OHLCV_TECH,3,after the published official close for session t,close_t,direction_label = UP if close[t+h]/close[t]-1 > 1e-8; DOWN if < -1e-8; otherwise FLAT,close[t+3],probability_vector_DOWN_FLAT_UP,multiclass_brier_loss,expanding training-only class frequencies with Laplace alpha=1 as-of each decision,TO_BE_FROZEN_AFTER_PPR4_SOURCE_ELIGIBILITY,false,NONE,3,PROPOSED_NOT_AUTHORIZED,PPR4_DATA_GATE_THEN_PPR5_CODE_GATE_THEN_PPR6_EXACT_SNAPSHOT_PASS
C023_CORE_OHLCV_TECH_5S,C023,P15,NONE,CCI(20) state-conditioned empirical-probability rule,CCI_20_DIRECTION,PROJECT-ADAPTATION,classification,COMMON_DIRECTION_3CLASS,COMMON_DIRECTION_3CLASS,CORE_OHLCV_TECH,5,after the published official close for session t,close_t,direction_label = UP if close[t+h]/close[t]-1 > 1e-8; DOWN if < -1e-8; otherwise FLAT,close[t+5],probability_vector_DOWN_FLAT_UP,multiclass_brier_loss,expanding training-only class frequencies with Laplace alpha=1 as-of each decision,TO_BE_FROZEN_AFTER_PPR4_SOURCE_ELIGIBILITY,false,NONE,3,PROPOSED_NOT_AUTHORIZED,PPR4_DATA_GATE_THEN_PPR5_CODE_GATE_THEN_PPR6_EXACT_SNAPSHOT_PASS
C023_CORE_OHLCV_TECH_10S,C023,P15,NONE,CCI(20) state-conditioned empirical-probability rule,CCI_20_DIRECTION,PROJECT-ADAPTATION,classification,COMMON_DIRECTION_3CLASS,COMMON_DIRECTION_3CLASS,CORE_OHLCV_TECH,10,after the published official close for session t,close_t,direction_label = UP if close[t+h]/close[t]-1 > 1e-8; DOWN if < -1e-8; otherwise FLAT,close[t+10],probability_vector_DOWN_FLAT_UP,multiclass_brier_loss,expanding training-only class frequencies with Laplace alpha=1 as-of each decision,TO_BE_FROZEN_AFTER_PPR4_SOURCE_ELIGIBILITY,false,NONE,3,PROPOSED_NOT_AUTHORIZED,PPR4_DATA_GATE_THEN_PPR5_CODE_GATE_THEN_PPR6_EXACT_SNAPSHOT_PASS
R001_CORE_OHLCV_TECH_1S,R001,P01 | P05,NONE,KNN regressor,KNN_REGRESSION,PROJECT-ADAPTATION,price_regression,COMMON_CLOSE_REGRESSION,COMMON_CLOSE_REGRESSION,CORE_OHLCV_TECH,1,after the published official close for session t,close_t,close[t+h],close[t+h],price_point_forecast,absolute_error_index_points,predict close[t],TO_BE_FROZEN_AFTER_PPR4_SOURCE_ELIGIBILITY,false,NONE,3,PROPOSED_NOT_AUTHORIZED,PPR4_DATA_GATE_THEN_PPR5_CODE_GATE_THEN_PPR6_EXACT_SNAPSHOT_PASS
R001_EXTERNAL_MARKET_1S,R001,P01 | P05,NONE,KNN regressor,KNN_REGRESSION,PROJECT-ADAPTATION,price_regression,COMMON_CLOSE_REGRESSION,COMMON_CLOSE_REGRESSION,EXTERNAL_MARKET,1,after the published official close for session t,close_t,close[t+h],close[t+h],price_point_forecast,absolute_error_index_points,predict close[t],TO_BE_FROZEN_AFTER_PPR4_SOURCE_ELIGIBILITY,false,NONE,3,PROPOSED_NOT_AUTHORIZED,PPR4_DATA_GATE_THEN_PPR5_CODE_GATE_THEN_PPR6_EXACT_SNAPSHOT_PASS
R001_FLOWS_OPTIONS_1S,R001,P01 | P05,NONE,KNN regressor,KNN_REGRESSION,PROJECT-ADAPTATION,price_regression,COMMON_CLOSE_REGRESSION,COMMON_CLOSE_REGRESSION,FLOWS_OPTIONS,1,after the published official close for session t,close_t,close[t+h],close[t+h],price_point_forecast,absolute_error_index_points,predict close[t],TO_BE_FROZEN_AFTER_PPR4_SOURCE_ELIGIBILITY,false,NONE,3,PROPOSED_NOT_AUTHORIZED,PPR4_DATA_GATE_THEN_PPR5_CODE_GATE_THEN_PPR6_EXACT_SNAPSHOT_PASS
R001_TIMESTAMPED_SENTIMENT_FUSION_1S,R001,P01 | P05,NONE,KNN regressor,KNN_REGRESSION,PROJECT-ADAPTATION,price_regression,COMMON_CLOSE_REGRESSION,COMMON_CLOSE_REGRESSION,TIMESTAMPED_SENTIMENT_FUSION,1,after the published official close for session t,close_t,close[t+h],close[t+h],price_point_forecast,absolute_error_index_points,predict close[t],TO_BE_FROZEN_AFTER_PPR4_SOURCE_ELIGIBILITY,false,NONE,3,PROPOSED_NOT_AUTHORIZED,PPR4_DATA_GATE_THEN_PPR5_CODE_GATE_THEN_PPR6_EXACT_SNAPSHOT_PASS
R001_CORE_OHLCV_TECH_2S,R001,P01 | P05,NONE,KNN regressor,KNN_REGRESSION,PROJECT-ADAPTATION,price_regression,COMMON_CLOSE_REGRESSION,COMMON_CLOSE_REGRESSION,CORE_OHLCV_TECH,2,after the published official close for session t,close_t,close[t+h],close[t+h],price_point_forecast,absolute_error_index_points,predict close[t],TO_BE_FROZEN_AFTER_PPR4_SOURCE_ELIGIBILITY,false,NONE,3,PROPOSED_NOT_AUTHORIZED,PPR4_DATA_GATE_THEN_PPR5_CODE_GATE_THEN_PPR6_EXACT_SNAPSHOT_PASS
R001_EXTERNAL_MARKET_2S,R001,P01 | P05,NONE,KNN regressor,KNN_REGRESSION,PROJECT-ADAPTATION,price_regression,COMMON_CLOSE_REGRESSION,COMMON_CLOSE_REGRESSION,EXTERNAL_MARKET,2,after the published official close for session t,close_t,close[t+h],close[t+h],price_point_forecast,absolute_error_index_points,predict close[t],TO_BE_FROZEN_AFTER_PPR4_SOURCE_ELIGIBILITY,false,NONE,3,PROPOSED_NOT_AUTHORIZED,PPR4_DATA_GATE_THEN_PPR5_CODE_GATE_THEN_PPR6_EXACT_SNAPSHOT_PASS
R001_FLOWS_OPTIONS_2S,R001,P01 | P05,NONE,KNN regressor,KNN_REGRESSION,PROJECT-ADAPTATION,price_regression,COMMON_CLOSE_REGRESSION,COMMON_CLOSE_REGRESSION,FLOWS_OPTIONS,2,after the published official close for session t,close_t,close[t+h],close[t+h],price_point_forecast,absolute_error_index_points,predict close[t],TO_BE_FROZEN_AFTER_PPR4_SOURCE_ELIGIBILITY,false,NONE,3,PROPOSED_NOT_AUTHORIZED,PPR4_DATA_GATE_THEN_PPR5_CODE_GATE_THEN_PPR6_EXACT_SNAPSHOT_PASS
R001_TIMESTAMPED_SENTIMENT_FUSION_2S,R001,P01 | P05,NONE,KNN regressor,KNN_REGRESSION,PROJECT-ADAPTATION,price_regression,COMMON_CLOSE_REGRESSION,COMMON_CLOSE_REGRESSION,TIMESTAMPED_SENTIMENT_FUSION,2,after the published official close for session t,close_t,close[t+h],close[t+h],price_point_forecast,absolute_error_index_points,predict close[t],TO_BE_FROZEN_AFTER_PPR4_SOURCE_ELIGIBILITY,false,NONE,3,PROPOSED_NOT_AUTHORIZED,PPR4_DATA_GATE_THEN_PPR5_CODE_GATE_THEN_PPR6_EXACT_SNAPSHOT_PASS
R001_CORE_OHLCV_TECH_3S,R001,P01 | P05,NONE,KNN regressor,KNN_REGRESSION,PROJECT-ADAPTATION,price_regression,COMMON_CLOSE_REGRESSION,COMMON_CLOSE_REGRESSION,CORE_OHLCV_TECH,3,after the published official close for session t,close_t,close[t+h],close[t+h],price_point_forecast,absolute_error_index_points,predict close[t],TO_BE_FROZEN_AFTER_PPR4_SOURCE_ELIGIBILITY,false,NONE,3,PROPOSED_NOT_AUTHORIZED,PPR4_DATA_GATE_THEN_PPR5_CODE_GATE_THEN_PPR6_EXACT_SNAPSHOT_PASS
R001_EXTERNAL_MARKET_3S,R001,P01 | P05,NONE,KNN regressor,KNN_REGRESSION,PROJECT-ADAPTATION,price_regression,COMMON_CLOSE_REGRESSION,COMMON_CLOSE_REGRESSION,EXTERNAL_MARKET,3,after the published official close for session t,close_t,close[t+h],close[t+h],price_point_forecast,absolute_error_index_points,predict close[t],TO_BE_FROZEN_AFTER_PPR4_SOURCE_ELIGIBILITY,false,NONE,3,PROPOSED_NOT_AUTHORIZED,PPR4_DATA_GATE_THEN_PPR5_CODE_GATE_THEN_PPR6_EXACT_SNAPSHOT_PASS
R001_FLOWS_OPTIONS_3S,R001,P01 | P05,NONE,KNN regressor,KNN_REGRESSION,PROJECT-ADAPTATION,price_regression,COMMON_CLOSE_REGRESSION,COMMON_CLOSE_REGRESSION,FLOWS_OPTIONS,3,after the published official close for session t,close_t,close[t+h],close[t+h],price_point_forecast,absolute_error_index_points,predict close[t],TO_BE_FROZEN_AFTER_PPR4_SOURCE_ELIGIBILITY,false,NONE,3,PROPOSED_NOT_AUTHORIZED,PPR4_DATA_GATE_THEN_PPR5_CODE_GATE_THEN_PPR6_EXACT_SNAPSHOT_PASS
R001_TIMESTAMPED_SENTIMENT_FUSION_3S,R001,P01 | P05,NONE,KNN regressor,KNN_REGRESSION,PROJECT-ADAPTATION,price_regression,COMMON_CLOSE_REGRESSION,COMMON_CLOSE_REGRESSION,TIMESTAMPED_SENTIMENT_FUSION,3,after the published official close for session t,close_t,close[t+h],close[t+h],price_point_forecast,absolute_error_index_points,predict close[t],TO_BE_FROZEN_AFTER_PPR4_SOURCE_ELIGIBILITY,false,NONE,3,PROPOSED_NOT_AUTHORIZED,PPR4_DATA_GATE_THEN_PPR5_CODE_GATE_THEN_PPR6_EXACT_SNAPSHOT_PASS
R001_CORE_OHLCV_TECH_5S,R001,P01 | P05,NONE,KNN regressor,KNN_REGRESSION,PROJECT-ADAPTATION,price_regression,COMMON_CLOSE_REGRESSION,COMMON_CLOSE_REGRESSION,CORE_OHLCV_TECH,5,after the published official close for session t,close_t,close[t+h],close[t+h],price_point_forecast,absolute_error_index_points,predict close[t],TO_BE_FROZEN_AFTER_PPR4_SOURCE_ELIGIBILITY,false,NONE,3,PROPOSED_NOT_AUTHORIZED,PPR4_DATA_GATE_THEN_PPR5_CODE_GATE_THEN_PPR6_EXACT_SNAPSHOT_PASS
R001_EXTERNAL_MARKET_5S,R001,P01 | P05,NONE,KNN regressor,KNN_REGRESSION,PROJECT-ADAPTATION,price_regression,COMMON_CLOSE_REGRESSION,COMMON_CLOSE_REGRESSION,EXTERNAL_MARKET,5,after the published official close for session t,close_t,close[t+h],close[t+h],price_point_forecast,absolute_error_index_points,predict close[t],TO_BE_FROZEN_AFTER_PPR4_SOURCE_ELIGIBILITY,false,NONE,3,PROPOSED_NOT_AUTHORIZED,PPR4_DATA_GATE_THEN_PPR5_CODE_GATE_THEN_PPR6_EXACT_SNAPSHOT_PASS
R001_FLOWS_OPTIONS_5S,R001,P01 | P05,NONE,KNN regressor,KNN_REGRESSION,PROJECT-ADAPTATION,price_regression,COMMON_CLOSE_REGRESSION,COMMON_CLOSE_REGRESSION,FLOWS_OPTIONS,5,after the published official close for session t,close_t,close[t+h],close[t+h],price_point_forecast,absolute_error_index_points,predict close[t],TO_BE_FROZEN_AFTER_PPR4_SOURCE_ELIGIBILITY,false,NONE,3,PROPOSED_NOT_AUTHORIZED,PPR4_DATA_GATE_THEN_PPR5_CODE_GATE_THEN_PPR6_EXACT_SNAPSHOT_PASS
R001_TIMESTAMPED_SENTIMENT_FUSION_5S,R001,P01 | P05,NONE,KNN regressor,KNN_REGRESSION,PROJECT-ADAPTATION,price_regression,COMMON_CLOSE_REGRESSION,COMMON_CLOSE_REGRESSION,TIMESTAMPED_SENTIMENT_FUSION,5,after the published official close for session t,close_t,close[t+h],close[t+h],price_point_forecast,absolute_error_index_points,predict close[t],TO_BE_FROZEN_AFTER_PPR4_SOURCE_ELIGIBILITY,false,NONE,3,PROPOSED_NOT_AUTHORIZED,PPR4_DATA_GATE_THEN_PPR5_CODE_GATE_THEN_PPR6_EXACT_SNAPSHOT_PASS
R001_CORE_OHLCV_TECH_10S,R001,P01 | P05,NONE,KNN regressor,KNN_REGRESSION,PROJECT-ADAPTATION,price_regression,COMMON_CLOSE_REGRESSION,COMMON_CLOSE_REGRESSION,CORE_OHLCV_TECH,10,after the published official close for session t,close_t,close[t+h],close[t+h],price_point_forecast,absolute_error_index_points,predict close[t],TO_BE_FROZEN_AFTER_PPR4_SOURCE_ELIGIBILITY,false,NONE,3,PROPOSED_NOT_AUTHORIZED,PPR4_DATA_GATE_THEN_PPR5_CODE_GATE_THEN_PPR6_EXACT_SNAPSHOT_PASS
R001_EXTERNAL_MARKET_10S,R001,P01 | P05,NONE,KNN regressor,KNN_REGRESSION,PROJECT-ADAPTATION,price_regression,COMMON_CLOSE_REGRESSION,COMMON_CLOSE_REGRESSION,EXTERNAL_MARKET,10,after the published official close for session t,close_t,close[t+h],close[t+h],price_point_forecast,absolute_error_index_points,predict close[t],TO_BE_FROZEN_AFTER_PPR4_SOURCE_ELIGIBILITY,false,NONE,3,PROPOSED_NOT_AUTHORIZED,PPR4_DATA_GATE_THEN_PPR5_CODE_GATE_THEN_PPR6_EXACT_SNAPSHOT_PASS
R001_FLOWS_OPTIONS_10S,R001,P01 | P05,NONE,KNN regressor,KNN_REGRESSION,PROJECT-ADAPTATION,price_regression,COMMON_CLOSE_REGRESSION,COMMON_CLOSE_REGRESSION,FLOWS_OPTIONS,10,after the published official close for session t,close_t,close[t+h],close[t+h],price_point_forecast,absolute_error_index_points,predict close[t],TO_BE_FROZEN_AFTER_PPR4_SOURCE_ELIGIBILITY,false,NONE,3,PROPOSED_NOT_AUTHORIZED,PPR4_DATA_GATE_THEN_PPR5_CODE_GATE_THEN_PPR6_EXACT_SNAPSHOT_PASS
R001_TIMESTAMPED_SENTIMENT_FUSION_10S,R001,P01 | P05,NONE,KNN regressor,KNN_REGRESSION,PROJECT-ADAPTATION,price_regression,COMMON_CLOSE_REGRESSION,COMMON_CLOSE_REGRESSION,TIMESTAMPED_SENTIMENT_FUSION,10,after the published official close for session t,close_t,close[t+h],close[t+h],price_point_forecast,absolute_error_index_points,predict close[t],TO_BE_FROZEN_AFTER_PPR4_SOURCE_ELIGIBILITY,false,NONE,3,PROPOSED_NOT_AUTHORIZED,PPR4_DATA_GATE_THEN_PPR5_CODE_GATE_THEN_PPR6_EXACT_SNAPSHOT_PASS
R002_CORE_OHLCV_TECH_1S,R002,P01 | P05 | P10,NONE,Linear Regression,LINEAR_REGRESSION,PROJECT-ADAPTATION,price_regression,COMMON_CLOSE_REGRESSION,COMMON_CLOSE_REGRESSION,CORE_OHLCV_TECH,1,after the published official close for session t,close_t,close[t+h],close[t+h],price_point_forecast,absolute_error_index_points,predict close[t],TO_BE_FROZEN_AFTER_PPR4_SOURCE_ELIGIBILITY,false,NONE,3,PROPOSED_NOT_AUTHORIZED,PPR4_DATA_GATE_THEN_PPR5_CODE_GATE_THEN_PPR6_EXACT_SNAPSHOT_PASS
R002_EXTERNAL_MARKET_1S,R002,P01 | P05 | P10,NONE,Linear Regression,LINEAR_REGRESSION,PROJECT-ADAPTATION,price_regression,COMMON_CLOSE_REGRESSION,COMMON_CLOSE_REGRESSION,EXTERNAL_MARKET,1,after the published official close for session t,close_t,close[t+h],close[t+h],price_point_forecast,absolute_error_index_points,predict close[t],TO_BE_FROZEN_AFTER_PPR4_SOURCE_ELIGIBILITY,false,NONE,3,PROPOSED_NOT_AUTHORIZED,PPR4_DATA_GATE_THEN_PPR5_CODE_GATE_THEN_PPR6_EXACT_SNAPSHOT_PASS
R002_FLOWS_OPTIONS_1S,R002,P01 | P05 | P10,NONE,Linear Regression,LINEAR_REGRESSION,PROJECT-ADAPTATION,price_regression,COMMON_CLOSE_REGRESSION,COMMON_CLOSE_REGRESSION,FLOWS_OPTIONS,1,after the published official close for session t,close_t,close[t+h],close[t+h],price_point_forecast,absolute_error_index_points,predict close[t],TO_BE_FROZEN_AFTER_PPR4_SOURCE_ELIGIBILITY,false,NONE,3,PROPOSED_NOT_AUTHORIZED,PPR4_DATA_GATE_THEN_PPR5_CODE_GATE_THEN_PPR6_EXACT_SNAPSHOT_PASS
R002_TIMESTAMPED_SENTIMENT_FUSION_1S,R002,P01 | P05 | P10,NONE,Linear Regression,LINEAR_REGRESSION,PROJECT-ADAPTATION,price_regression,COMMON_CLOSE_REGRESSION,COMMON_CLOSE_REGRESSION,TIMESTAMPED_SENTIMENT_FUSION,1,after the published official close for session t,close_t,close[t+h],close[t+h],price_point_forecast,absolute_error_index_points,predict close[t],TO_BE_FROZEN_AFTER_PPR4_SOURCE_ELIGIBILITY,false,NONE,3,PROPOSED_NOT_AUTHORIZED,PPR4_DATA_GATE_THEN_PPR5_CODE_GATE_THEN_PPR6_EXACT_SNAPSHOT_PASS
R002_CORE_OHLCV_TECH_2S,R002,P01 | P05 | P10,NONE,Linear Regression,LINEAR_REGRESSION,PROJECT-ADAPTATION,price_regression,COMMON_CLOSE_REGRESSION,COMMON_CLOSE_REGRESSION,CORE_OHLCV_TECH,2,after the published official close for session t,close_t,close[t+h],close[t+h],price_point_forecast,absolute_error_index_points,predict close[t],TO_BE_FROZEN_AFTER_PPR4_SOURCE_ELIGIBILITY,false,NONE,3,PROPOSED_NOT_AUTHORIZED,PPR4_DATA_GATE_THEN_PPR5_CODE_GATE_THEN_PPR6_EXACT_SNAPSHOT_PASS
R002_EXTERNAL_MARKET_2S,R002,P01 | P05 | P10,NONE,Linear Regression,LINEAR_REGRESSION,PROJECT-ADAPTATION,price_regression,COMMON_CLOSE_REGRESSION,COMMON_CLOSE_REGRESSION,EXTERNAL_MARKET,2,after the published official close for session t,close_t,close[t+h],close[t+h],price_point_forecast,absolute_error_index_points,predict close[t],TO_BE_FROZEN_AFTER_PPR4_SOURCE_ELIGIBILITY,false,NONE,3,PROPOSED_NOT_AUTHORIZED,PPR4_DATA_GATE_THEN_PPR5_CODE_GATE_THEN_PPR6_EXACT_SNAPSHOT_PASS
R002_FLOWS_OPTIONS_2S,R002,P01 | P05 | P10,NONE,Linear Regression,LINEAR_REGRESSION,PROJECT-ADAPTATION,price_regression,COMMON_CLOSE_REGRESSION,COMMON_CLOSE_REGRESSION,FLOWS_OPTIONS,2,after the published official close for session t,close_t,close[t+h],close[t+h],price_point_forecast,absolute_error_index_points,predict close[t],TO_BE_FROZEN_AFTER_PPR4_SOURCE_ELIGIBILITY,false,NONE,3,PROPOSED_NOT_AUTHORIZED,PPR4_DATA_GATE_THEN_PPR5_CODE_GATE_THEN_PPR6_EXACT_SNAPSHOT_PASS
R002_TIMESTAMPED_SENTIMENT_FUSION_2S,R002,P01 | P05 | P10,NONE,Linear Regression,LINEAR_REGRESSION,PROJECT-ADAPTATION,price_regression,COMMON_CLOSE_REGRESSION,COMMON_CLOSE_REGRESSION,TIMESTAMPED_SENTIMENT_FUSION,2,after the published official close for session t,close_t,close[t+h],close[t+h],price_point_forecast,absolute_error_index_points,predict close[t],TO_BE_FROZEN_AFTER_PPR4_SOURCE_ELIGIBILITY,false,NONE,3,PROPOSED_NOT_AUTHORIZED,PPR4_DATA_GATE_THEN_PPR5_CODE_GATE_THEN_PPR6_EXACT_SNAPSHOT_PASS
R002_CORE_OHLCV_TECH_3S,R002,P01 | P05 | P10,NONE,Linear Regression,LINEAR_REGRESSION,PROJECT-ADAPTATION,price_regression,COMMON_CLOSE_REGRESSION,COMMON_CLOSE_REGRESSION,CORE_OHLCV_TECH,3,after the published official close for session t,close_t,close[t+h],close[t+h],price_point_forecast,absolute_error_index_points,predict close[t],TO_BE_FROZEN_AFTER_PPR4_SOURCE_ELIGIBILITY,false,NONE,3,PROPOSED_NOT_AUTHORIZED,PPR4_DATA_GATE_THEN_PPR5_CODE_GATE_THEN_PPR6_EXACT_SNAPSHOT_PASS
R002_EXTERNAL_MARKET_3S,R002,P01 | P05 | P10,NONE,Linear Regression,LINEAR_REGRESSION,PROJECT-ADAPTATION,price_regression,COMMON_CLOSE_REGRESSION,COMMON_CLOSE_REGRESSION,EXTERNAL_MARKET,3,after the published official close for session t,close_t,close[t+h],close[t+h],price_point_forecast,absolute_error_index_points,predict close[t],TO_BE_FROZEN_AFTER_PPR4_SOURCE_ELIGIBILITY,false,NONE,3,PROPOSED_NOT_AUTHORIZED,PPR4_DATA_GATE_THEN_PPR5_CODE_GATE_THEN_PPR6_EXACT_SNAPSHOT_PASS
R002_FLOWS_OPTIONS_3S,R002,P01 | P05 | P10,NONE,Linear Regression,LINEAR_REGRESSION,PROJECT-ADAPTATION,price_regression,COMMON_CLOSE_REGRESSION,COMMON_CLOSE_REGRESSION,FLOWS_OPTIONS,3,after the published official close for session t,close_t,close[t+h],close[t+h],price_point_forecast,absolute_error_index_points,predict close[t],TO_BE_FROZEN_AFTER_PPR4_SOURCE_ELIGIBILITY,false,NONE,3,PROPOSED_NOT_AUTHORIZED,PPR4_DATA_GATE_THEN_PPR5_CODE_GATE_THEN_PPR6_EXACT_SNAPSHOT_PASS
R002_TIMESTAMPED_SENTIMENT_FUSION_3S,R002,P01 | P05 | P10,NONE,Linear Regression,LINEAR_REGRESSION,PROJECT-ADAPTATION,price_regression,COMMON_CLOSE_REGRESSION,COMMON_CLOSE_REGRESSION,TIMESTAMPED_SENTIMENT_FUSION,3,after the published official close for session t,close_t,close[t+h],close[t+h],price_point_forecast,absolute_error_index_points,predict close[t],TO_BE_FROZEN_AFTER_PPR4_SOURCE_ELIGIBILITY,false,NONE,3,PROPOSED_NOT_AUTHORIZED,PPR4_DATA_GATE_THEN_PPR5_CODE_GATE_THEN_PPR6_EXACT_SNAPSHOT_PASS
R002_CORE_OHLCV_TECH_5S,R002,P01 | P05 | P10,NONE,Linear Regression,LINEAR_REGRESSION,PROJECT-ADAPTATION,price_regression,COMMON_CLOSE_REGRESSION,COMMON_CLOSE_REGRESSION,CORE_OHLCV_TECH,5,after the published official close for session t,close_t,close[t+h],close[t+h],price_point_forecast,absolute_error_index_points,predict close[t],TO_BE_FROZEN_AFTER_PPR4_SOURCE_ELIGIBILITY,false,NONE,3,PROPOSED_NOT_AUTHORIZED,PPR4_DATA_GATE_THEN_PPR5_CODE_GATE_THEN_PPR6_EXACT_SNAPSHOT_PASS
R002_EXTERNAL_MARKET_5S,R002,P01 | P05 | P10,NONE,Linear Regression,LINEAR_REGRESSION,PROJECT-ADAPTATION,price_regression,COMMON_CLOSE_REGRESSION,COMMON_CLOSE_REGRESSION,EXTERNAL_MARKET,5,after the published official close for session t,close_t,close[t+h],close[t+h],price_point_forecast,absolute_error_index_points,predict close[t],TO_BE_FROZEN_AFTER_PPR4_SOURCE_ELIGIBILITY,false,NONE,3,PROPOSED_NOT_AUTHORIZED,PPR4_DATA_GATE_THEN_PPR5_CODE_GATE_THEN_PPR6_EXACT_SNAPSHOT_PASS
R002_FLOWS_OPTIONS_5S,R002,P01 | P05 | P10,NONE,Linear Regression,LINEAR_REGRESSION,PROJECT-ADAPTATION,price_regression,COMMON_CLOSE_REGRESSION,COMMON_CLOSE_REGRESSION,FLOWS_OPTIONS,5,after the published official close for session t,close_t,close[t+h],close[t+h],price_point_forecast,absolute_error_index_points,predict close[t],TO_BE_FROZEN_AFTER_PPR4_SOURCE_ELIGIBILITY,false,NONE,3,PROPOSED_NOT_AUTHORIZED,PPR4_DATA_GATE_THEN_PPR5_CODE_GATE_THEN_PPR6_EXACT_SNAPSHOT_PASS
R002_TIMESTAMPED_SENTIMENT_FUSION_5S,R002,P01 | P05 | P10,NONE,Linear Regression,LINEAR_REGRESSION,PROJECT-ADAPTATION,price_regression,COMMON_CLOSE_REGRESSION,COMMON_CLOSE_REGRESSION,TIMESTAMPED_SENTIMENT_FUSION,5,after the published official close for session t,close_t,close[t+h],close[t+h],price_point_forecast,absolute_error_index_points,predict close[t],TO_BE_FROZEN_AFTER_PPR4_SOURCE_ELIGIBILITY,false,NONE,3,PROPOSED_NOT_AUTHORIZED,PPR4_DATA_GATE_THEN_PPR5_CODE_GATE_THEN_PPR6_EXACT_SNAPSHOT_PASS
R002_CORE_OHLCV_TECH_10S,R002,P01 | P05 | P10,NONE,Linear Regression,LINEAR_REGRESSION,PROJECT-ADAPTATION,price_regression,COMMON_CLOSE_REGRESSION,COMMON_CLOSE_REGRESSION,CORE_OHLCV_TECH,10,after the published official close for session t,close_t,close[t+h],close[t+h],price_point_forecast,absolute_error_index_points,predict close[t],TO_BE_FROZEN_AFTER_PPR4_SOURCE_ELIGIBILITY,false,NONE,3,PROPOSED_NOT_AUTHORIZED,PPR4_DATA_GATE_THEN_PPR5_CODE_GATE_THEN_PPR6_EXACT_SNAPSHOT_PASS
R002_EXTERNAL_MARKET_10S,R002,P01 | P05 | P10,NONE,Linear Regression,LINEAR_REGRESSION,PROJECT-ADAPTATION,price_regression,COMMON_CLOSE_REGRESSION,COMMON_CLOSE_REGRESSION,EXTERNAL_MARKET,10,after the published official close for session t,close_t,close[t+h],close[t+h],price_point_forecast,absolute_error_index_points,predict close[t],TO_BE_FROZEN_AFTER_PPR4_SOURCE_ELIGIBILITY,false,NONE,3,PROPOSED_NOT_AUTHORIZED,PPR4_DATA_GATE_THEN_PPR5_CODE_GATE_THEN_PPR6_EXACT_SNAPSHOT_PASS
R002_FLOWS_OPTIONS_10S,R002,P01 | P05 | P10,NONE,Linear Regression,LINEAR_REGRESSION,PROJECT-ADAPTATION,price_regression,COMMON_CLOSE_REGRESSION,COMMON_CLOSE_REGRESSION,FLOWS_OPTIONS,10,after the published official close for session t,close_t,close[t+h],close[t+h],price_point_forecast,absolute_error_index_points,predict close[t],TO_BE_FROZEN_AFTER_PPR4_SOURCE_ELIGIBILITY,false,NONE,3,PROPOSED_NOT_AUTHORIZED,PPR4_DATA_GATE_THEN_PPR5_CODE_GATE_THEN_PPR6_EXACT_SNAPSHOT_PASS
R002_TIMESTAMPED_SENTIMENT_FUSION_10S,R002,P01 | P05 | P10,NONE,Linear Regression,LINEAR_REGRESSION,PROJECT-ADAPTATION,price_regression,COMMON_CLOSE_REGRESSION,COMMON_CLOSE_REGRESSION,TIMESTAMPED_SENTIMENT_FUSION,10,after the published official close for session t,close_t,close[t+h],close[t+h],price_point_forecast,absolute_error_index_points,predict close[t],TO_BE_FROZEN_AFTER_PPR4_SOURCE_ELIGIBILITY,false,NONE,3,PROPOSED_NOT_AUTHORIZED,PPR4_DATA_GATE_THEN_PPR5_CODE_GATE_THEN_PPR6_EXACT_SNAPSHOT_PASS
R003_CORE_OHLCV_TECH_1S,R003,P01 | P02 | P04 | P05,NONE,Support Vector Regression,SVR_REGRESSION,PROJECT-ADAPTATION,price_regression,COMMON_CLOSE_REGRESSION,COMMON_CLOSE_REGRESSION,CORE_OHLCV_TECH,1,after the published official close for session t,close_t,close[t+h],close[t+h],price_point_forecast,absolute_error_index_points,predict close[t],TO_BE_FROZEN_AFTER_PPR4_SOURCE_ELIGIBILITY,false,NONE,3,PROPOSED_NOT_AUTHORIZED,PPR4_DATA_GATE_THEN_PPR5_CODE_GATE_THEN_PPR6_EXACT_SNAPSHOT_PASS
R003_EXTERNAL_MARKET_1S,R003,P01 | P02 | P04 | P05,NONE,Support Vector Regression,SVR_REGRESSION,PROJECT-ADAPTATION,price_regression,COMMON_CLOSE_REGRESSION,COMMON_CLOSE_REGRESSION,EXTERNAL_MARKET,1,after the published official close for session t,close_t,close[t+h],close[t+h],price_point_forecast,absolute_error_index_points,predict close[t],TO_BE_FROZEN_AFTER_PPR4_SOURCE_ELIGIBILITY,false,NONE,3,PROPOSED_NOT_AUTHORIZED,PPR4_DATA_GATE_THEN_PPR5_CODE_GATE_THEN_PPR6_EXACT_SNAPSHOT_PASS
R003_FLOWS_OPTIONS_1S,R003,P01 | P02 | P04 | P05,NONE,Support Vector Regression,SVR_REGRESSION,PROJECT-ADAPTATION,price_regression,COMMON_CLOSE_REGRESSION,COMMON_CLOSE_REGRESSION,FLOWS_OPTIONS,1,after the published official close for session t,close_t,close[t+h],close[t+h],price_point_forecast,absolute_error_index_points,predict close[t],TO_BE_FROZEN_AFTER_PPR4_SOURCE_ELIGIBILITY,false,NONE,3,PROPOSED_NOT_AUTHORIZED,PPR4_DATA_GATE_THEN_PPR5_CODE_GATE_THEN_PPR6_EXACT_SNAPSHOT_PASS
R003_TIMESTAMPED_SENTIMENT_FUSION_1S,R003,P01 | P02 | P04 | P05,NONE,Support Vector Regression,SVR_REGRESSION,PROJECT-ADAPTATION,price_regression,COMMON_CLOSE_REGRESSION,COMMON_CLOSE_REGRESSION,TIMESTAMPED_SENTIMENT_FUSION,1,after the published official close for session t,close_t,close[t+h],close[t+h],price_point_forecast,absolute_error_index_points,predict close[t],TO_BE_FROZEN_AFTER_PPR4_SOURCE_ELIGIBILITY,false,NONE,3,PROPOSED_NOT_AUTHORIZED,PPR4_DATA_GATE_THEN_PPR5_CODE_GATE_THEN_PPR6_EXACT_SNAPSHOT_PASS
R003_CORE_OHLCV_TECH_2S,R003,P01 | P02 | P04 | P05,NONE,Support Vector Regression,SVR_REGRESSION,PROJECT-ADAPTATION,price_regression,COMMON_CLOSE_REGRESSION,COMMON_CLOSE_REGRESSION,CORE_OHLCV_TECH,2,after the published official close for session t,close_t,close[t+h],close[t+h],price_point_forecast,absolute_error_index_points,predict close[t],TO_BE_FROZEN_AFTER_PPR4_SOURCE_ELIGIBILITY,false,NONE,3,PROPOSED_NOT_AUTHORIZED,PPR4_DATA_GATE_THEN_PPR5_CODE_GATE_THEN_PPR6_EXACT_SNAPSHOT_PASS
R003_EXTERNAL_MARKET_2S,R003,P01 | P02 | P04 | P05,NONE,Support Vector Regression,SVR_REGRESSION,PROJECT-ADAPTATION,price_regression,COMMON_CLOSE_REGRESSION,COMMON_CLOSE_REGRESSION,EXTERNAL_MARKET,2,after the published official close for session t,close_t,close[t+h],close[t+h],price_point_forecast,absolute_error_index_points,predict close[t],TO_BE_FROZEN_AFTER_PPR4_SOURCE_ELIGIBILITY,false,NONE,3,PROPOSED_NOT_AUTHORIZED,PPR4_DATA_GATE_THEN_PPR5_CODE_GATE_THEN_PPR6_EXACT_SNAPSHOT_PASS
R003_FLOWS_OPTIONS_2S,R003,P01 | P02 | P04 | P05,NONE,Support Vector Regression,SVR_REGRESSION,PROJECT-ADAPTATION,price_regression,COMMON_CLOSE_REGRESSION,COMMON_CLOSE_REGRESSION,FLOWS_OPTIONS,2,after the published official close for session t,close_t,close[t+h],close[t+h],price_point_forecast,absolute_error_index_points,predict close[t],TO_BE_FROZEN_AFTER_PPR4_SOURCE_ELIGIBILITY,false,NONE,3,PROPOSED_NOT_AUTHORIZED,PPR4_DATA_GATE_THEN_PPR5_CODE_GATE_THEN_PPR6_EXACT_SNAPSHOT_PASS
R003_TIMESTAMPED_SENTIMENT_FUSION_2S,R003,P01 | P02 | P04 | P05,NONE,Support Vector Regression,SVR_REGRESSION,PROJECT-ADAPTATION,price_regression,COMMON_CLOSE_REGRESSION,COMMON_CLOSE_REGRESSION,TIMESTAMPED_SENTIMENT_FUSION,2,after the published official close for session t,close_t,close[t+h],close[t+h],price_point_forecast,absolute_error_index_points,predict close[t],TO_BE_FROZEN_AFTER_PPR4_SOURCE_ELIGIBILITY,false,NONE,3,PROPOSED_NOT_AUTHORIZED,PPR4_DATA_GATE_THEN_PPR5_CODE_GATE_THEN_PPR6_EXACT_SNAPSHOT_PASS
R003_CORE_OHLCV_TECH_3S,R003,P01 | P02 | P04 | P05,NONE,Support Vector Regression,SVR_REGRESSION,PROJECT-ADAPTATION,price_regression,COMMON_CLOSE_REGRESSION,COMMON_CLOSE_REGRESSION,CORE_OHLCV_TECH,3,after the published official close for session t,close_t,close[t+h],close[t+h],price_point_forecast,absolute_error_index_points,predict close[t],TO_BE_FROZEN_AFTER_PPR4_SOURCE_ELIGIBILITY,false,NONE,3,PROPOSED_NOT_AUTHORIZED,PPR4_DATA_GATE_THEN_PPR5_CODE_GATE_THEN_PPR6_EXACT_SNAPSHOT_PASS
R003_EXTERNAL_MARKET_3S,R003,P01 | P02 | P04 | P05,NONE,Support Vector Regression,SVR_REGRESSION,PROJECT-ADAPTATION,price_regression,COMMON_CLOSE_REGRESSION,COMMON_CLOSE_REGRESSION,EXTERNAL_MARKET,3,after the published official close for session t,close_t,close[t+h],close[t+h],price_point_forecast,absolute_error_index_points,predict close[t],TO_BE_FROZEN_AFTER_PPR4_SOURCE_ELIGIBILITY,false,NONE,3,PROPOSED_NOT_AUTHORIZED,PPR4_DATA_GATE_THEN_PPR5_CODE_GATE_THEN_PPR6_EXACT_SNAPSHOT_PASS
R003_FLOWS_OPTIONS_3S,R003,P01 | P02 | P04 | P05,NONE,Support Vector Regression,SVR_REGRESSION,PROJECT-ADAPTATION,price_regression,COMMON_CLOSE_REGRESSION,COMMON_CLOSE_REGRESSION,FLOWS_OPTIONS,3,after the published official close for session t,close_t,close[t+h],close[t+h],price_point_forecast,absolute_error_index_points,predict close[t],TO_BE_FROZEN_AFTER_PPR4_SOURCE_ELIGIBILITY,false,NONE,3,PROPOSED_NOT_AUTHORIZED,PPR4_DATA_GATE_THEN_PPR5_CODE_GATE_THEN_PPR6_EXACT_SNAPSHOT_PASS
R003_TIMESTAMPED_SENTIMENT_FUSION_3S,R003,P01 | P02 | P04 | P05,NONE,Support Vector Regression,SVR_REGRESSION,PROJECT-ADAPTATION,price_regression,COMMON_CLOSE_REGRESSION,COMMON_CLOSE_REGRESSION,TIMESTAMPED_SENTIMENT_FUSION,3,after the published official close for session t,close_t,close[t+h],close[t+h],price_point_forecast,absolute_error_index_points,predict close[t],TO_BE_FROZEN_AFTER_PPR4_SOURCE_ELIGIBILITY,false,NONE,3,PROPOSED_NOT_AUTHORIZED,PPR4_DATA_GATE_THEN_PPR5_CODE_GATE_THEN_PPR6_EXACT_SNAPSHOT_PASS
R003_CORE_OHLCV_TECH_5S,R003,P01 | P02 | P04 | P05,NONE,Support Vector Regression,SVR_REGRESSION,PROJECT-ADAPTATION,price_regression,COMMON_CLOSE_REGRESSION,COMMON_CLOSE_REGRESSION,CORE_OHLCV_TECH,5,after the published official close for session t,close_t,close[t+h],close[t+h],price_point_forecast,absolute_error_index_points,predict close[t],TO_BE_FROZEN_AFTER_PPR4_SOURCE_ELIGIBILITY,false,NONE,3,PROPOSED_NOT_AUTHORIZED,PPR4_DATA_GATE_THEN_PPR5_CODE_GATE_THEN_PPR6_EXACT_SNAPSHOT_PASS
R003_EXTERNAL_MARKET_5S,R003,P01 | P02 | P04 | P05,NONE,Support Vector Regression,SVR_REGRESSION,PROJECT-ADAPTATION,price_regression,COMMON_CLOSE_REGRESSION,COMMON_CLOSE_REGRESSION,EXTERNAL_MARKET,5,after the published official close for session t,close_t,close[t+h],close[t+h],price_point_forecast,absolute_error_index_points,predict close[t],TO_BE_FROZEN_AFTER_PPR4_SOURCE_ELIGIBILITY,false,NONE,3,PROPOSED_NOT_AUTHORIZED,PPR4_DATA_GATE_THEN_PPR5_CODE_GATE_THEN_PPR6_EXACT_SNAPSHOT_PASS
R003_FLOWS_OPTIONS_5S,R003,P01 | P02 | P04 | P05,NONE,Support Vector Regression,SVR_REGRESSION,PROJECT-ADAPTATION,price_regression,COMMON_CLOSE_REGRESSION,COMMON_CLOSE_REGRESSION,FLOWS_OPTIONS,5,after the published official close for session t,close_t,close[t+h],close[t+h],price_point_forecast,absolute_error_index_points,predict close[t],TO_BE_FROZEN_AFTER_PPR4_SOURCE_ELIGIBILITY,false,NONE,3,PROPOSED_NOT_AUTHORIZED,PPR4_DATA_GATE_THEN_PPR5_CODE_GATE_THEN_PPR6_EXACT_SNAPSHOT_PASS
R003_TIMESTAMPED_SENTIMENT_FUSION_5S,R003,P01 | P02 | P04 | P05,NONE,Support Vector Regression,SVR_REGRESSION,PROJECT-ADAPTATION,price_regression,COMMON_CLOSE_REGRESSION,COMMON_CLOSE_REGRESSION,TIMESTAMPED_SENTIMENT_FUSION,5,after the published official close for session t,close_t,close[t+h],close[t+h],price_point_forecast,absolute_error_index_points,predict close[t],TO_BE_FROZEN_AFTER_PPR4_SOURCE_ELIGIBILITY,false,NONE,3,PROPOSED_NOT_AUTHORIZED,PPR4_DATA_GATE_THEN_PPR5_CODE_GATE_THEN_PPR6_EXACT_SNAPSHOT_PASS
R003_CORE_OHLCV_TECH_10S,R003,P01 | P02 | P04 | P05,NONE,Support Vector Regression,SVR_REGRESSION,PROJECT-ADAPTATION,price_regression,COMMON_CLOSE_REGRESSION,COMMON_CLOSE_REGRESSION,CORE_OHLCV_TECH,10,after the published official close for session t,close_t,close[t+h],close[t+h],price_point_forecast,absolute_error_index_points,predict close[t],TO_BE_FROZEN_AFTER_PPR4_SOURCE_ELIGIBILITY,false,NONE,3,PROPOSED_NOT_AUTHORIZED,PPR4_DATA_GATE_THEN_PPR5_CODE_GATE_THEN_PPR6_EXACT_SNAPSHOT_PASS
R003_EXTERNAL_MARKET_10S,R003,P01 | P02 | P04 | P05,NONE,Support Vector Regression,SVR_REGRESSION,PROJECT-ADAPTATION,price_regression,COMMON_CLOSE_REGRESSION,COMMON_CLOSE_REGRESSION,EXTERNAL_MARKET,10,after the published official close for session t,close_t,close[t+h],close[t+h],price_point_forecast,absolute_error_index_points,predict close[t],TO_BE_FROZEN_AFTER_PPR4_SOURCE_ELIGIBILITY,false,NONE,3,PROPOSED_NOT_AUTHORIZED,PPR4_DATA_GATE_THEN_PPR5_CODE_GATE_THEN_PPR6_EXACT_SNAPSHOT_PASS
R003_FLOWS_OPTIONS_10S,R003,P01 | P02 | P04 | P05,NONE,Support Vector Regression,SVR_REGRESSION,PROJECT-ADAPTATION,price_regression,COMMON_CLOSE_REGRESSION,COMMON_CLOSE_REGRESSION,FLOWS_OPTIONS,10,after the published official close for session t,close_t,close[t+h],close[t+h],price_point_forecast,absolute_error_index_points,predict close[t],TO_BE_FROZEN_AFTER_PPR4_SOURCE_ELIGIBILITY,false,NONE,3,PROPOSED_NOT_AUTHORIZED,PPR4_DATA_GATE_THEN_PPR5_CODE_GATE_THEN_PPR6_EXACT_SNAPSHOT_PASS
R003_TIMESTAMPED_SENTIMENT_FUSION_10S,R003,P01 | P02 | P04 | P05,NONE,Support Vector Regression,SVR_REGRESSION,PROJECT-ADAPTATION,price_regression,COMMON_CLOSE_REGRESSION,COMMON_CLOSE_REGRESSION,TIMESTAMPED_SENTIMENT_FUSION,10,after the published official close for session t,close_t,close[t+h],close[t+h],price_point_forecast,absolute_error_index_points,predict close[t],TO_BE_FROZEN_AFTER_PPR4_SOURCE_ELIGIBILITY,false,NONE,3,PROPOSED_NOT_AUTHORIZED,PPR4_DATA_GATE_THEN_PPR5_CODE_GATE_THEN_PPR6_EXACT_SNAPSHOT_PASS
R004_CORE_OHLCV_TECH_1S,R004,P01 | P02 | P05,NONE,Decision Tree Regression,TREE_REGRESSION,PROJECT-ADAPTATION,price_regression,COMMON_CLOSE_REGRESSION,COMMON_CLOSE_REGRESSION,CORE_OHLCV_TECH,1,after the published official close for session t,close_t,close[t+h],close[t+h],price_point_forecast,absolute_error_index_points,predict close[t],TO_BE_FROZEN_AFTER_PPR4_SOURCE_ELIGIBILITY,false,NONE,3,PROPOSED_NOT_AUTHORIZED,PPR4_DATA_GATE_THEN_PPR5_CODE_GATE_THEN_PPR6_EXACT_SNAPSHOT_PASS
R004_EXTERNAL_MARKET_1S,R004,P01 | P02 | P05,NONE,Decision Tree Regression,TREE_REGRESSION,PROJECT-ADAPTATION,price_regression,COMMON_CLOSE_REGRESSION,COMMON_CLOSE_REGRESSION,EXTERNAL_MARKET,1,after the published official close for session t,close_t,close[t+h],close[t+h],price_point_forecast,absolute_error_index_points,predict close[t],TO_BE_FROZEN_AFTER_PPR4_SOURCE_ELIGIBILITY,false,NONE,3,PROPOSED_NOT_AUTHORIZED,PPR4_DATA_GATE_THEN_PPR5_CODE_GATE_THEN_PPR6_EXACT_SNAPSHOT_PASS
R004_FLOWS_OPTIONS_1S,R004,P01 | P02 | P05,NONE,Decision Tree Regression,TREE_REGRESSION,PROJECT-ADAPTATION,price_regression,COMMON_CLOSE_REGRESSION,COMMON_CLOSE_REGRESSION,FLOWS_OPTIONS,1,after the published official close for session t,close_t,close[t+h],close[t+h],price_point_forecast,absolute_error_index_points,predict close[t],TO_BE_FROZEN_AFTER_PPR4_SOURCE_ELIGIBILITY,false,NONE,3,PROPOSED_NOT_AUTHORIZED,PPR4_DATA_GATE_THEN_PPR5_CODE_GATE_THEN_PPR6_EXACT_SNAPSHOT_PASS
R004_TIMESTAMPED_SENTIMENT_FUSION_1S,R004,P01 | P02 | P05,NONE,Decision Tree Regression,TREE_REGRESSION,PROJECT-ADAPTATION,price_regression,COMMON_CLOSE_REGRESSION,COMMON_CLOSE_REGRESSION,TIMESTAMPED_SENTIMENT_FUSION,1,after the published official close for session t,close_t,close[t+h],close[t+h],price_point_forecast,absolute_error_index_points,predict close[t],TO_BE_FROZEN_AFTER_PPR4_SOURCE_ELIGIBILITY,false,NONE,3,PROPOSED_NOT_AUTHORIZED,PPR4_DATA_GATE_THEN_PPR5_CODE_GATE_THEN_PPR6_EXACT_SNAPSHOT_PASS
R004_CORE_OHLCV_TECH_2S,R004,P01 | P02 | P05,NONE,Decision Tree Regression,TREE_REGRESSION,PROJECT-ADAPTATION,price_regression,COMMON_CLOSE_REGRESSION,COMMON_CLOSE_REGRESSION,CORE_OHLCV_TECH,2,after the published official close for session t,close_t,close[t+h],close[t+h],price_point_forecast,absolute_error_index_points,predict close[t],TO_BE_FROZEN_AFTER_PPR4_SOURCE_ELIGIBILITY,false,NONE,3,PROPOSED_NOT_AUTHORIZED,PPR4_DATA_GATE_THEN_PPR5_CODE_GATE_THEN_PPR6_EXACT_SNAPSHOT_PASS
R004_EXTERNAL_MARKET_2S,R004,P01 | P02 | P05,NONE,Decision Tree Regression,TREE_REGRESSION,PROJECT-ADAPTATION,price_regression,COMMON_CLOSE_REGRESSION,COMMON_CLOSE_REGRESSION,EXTERNAL_MARKET,2,after the published official close for session t,close_t,close[t+h],close[t+h],price_point_forecast,absolute_error_index_points,predict close[t],TO_BE_FROZEN_AFTER_PPR4_SOURCE_ELIGIBILITY,false,NONE,3,PROPOSED_NOT_AUTHORIZED,PPR4_DATA_GATE_THEN_PPR5_CODE_GATE_THEN_PPR6_EXACT_SNAPSHOT_PASS
R004_FLOWS_OPTIONS_2S,R004,P01 | P02 | P05,NONE,Decision Tree Regression,TREE_REGRESSION,PROJECT-ADAPTATION,price_regression,COMMON_CLOSE_REGRESSION,COMMON_CLOSE_REGRESSION,FLOWS_OPTIONS,2,after the published official close for session t,close_t,close[t+h],close[t+h],price_point_forecast,absolute_error_index_points,predict close[t],TO_BE_FROZEN_AFTER_PPR4_SOURCE_ELIGIBILITY,false,NONE,3,PROPOSED_NOT_AUTHORIZED,PPR4_DATA_GATE_THEN_PPR5_CODE_GATE_THEN_PPR6_EXACT_SNAPSHOT_PASS
R004_TIMESTAMPED_SENTIMENT_FUSION_2S,R004,P01 | P02 | P05,NONE,Decision Tree Regression,TREE_REGRESSION,PROJECT-ADAPTATION,price_regression,COMMON_CLOSE_REGRESSION,COMMON_CLOSE_REGRESSION,TIMESTAMPED_SENTIMENT_FUSION,2,after the published official close for session t,close_t,close[t+h],close[t+h],price_point_forecast,absolute_error_index_points,predict close[t],TO_BE_FROZEN_AFTER_PPR4_SOURCE_ELIGIBILITY,false,NONE,3,PROPOSED_NOT_AUTHORIZED,PPR4_DATA_GATE_THEN_PPR5_CODE_GATE_THEN_PPR6_EXACT_SNAPSHOT_PASS
R004_CORE_OHLCV_TECH_3S,R004,P01 | P02 | P05,NONE,Decision Tree Regression,TREE_REGRESSION,PROJECT-ADAPTATION,price_regression,COMMON_CLOSE_REGRESSION,COMMON_CLOSE_REGRESSION,CORE_OHLCV_TECH,3,after the published official close for session t,close_t,close[t+h],close[t+h],price_point_forecast,absolute_error_index_points,predict close[t],TO_BE_FROZEN_AFTER_PPR4_SOURCE_ELIGIBILITY,false,NONE,3,PROPOSED_NOT_AUTHORIZED,PPR4_DATA_GATE_THEN_PPR5_CODE_GATE_THEN_PPR6_EXACT_SNAPSHOT_PASS
R004_EXTERNAL_MARKET_3S,R004,P01 | P02 | P05,NONE,Decision Tree Regression,TREE_REGRESSION,PROJECT-ADAPTATION,price_regression,COMMON_CLOSE_REGRESSION,COMMON_CLOSE_REGRESSION,EXTERNAL_MARKET,3,after the published official close for session t,close_t,close[t+h],close[t+h],price_point_forecast,absolute_error_index_points,predict close[t],TO_BE_FROZEN_AFTER_PPR4_SOURCE_ELIGIBILITY,false,NONE,3,PROPOSED_NOT_AUTHORIZED,PPR4_DATA_GATE_THEN_PPR5_CODE_GATE_THEN_PPR6_EXACT_SNAPSHOT_PASS
R004_FLOWS_OPTIONS_3S,R004,P01 | P02 | P05,NONE,Decision Tree Regression,TREE_REGRESSION,PROJECT-ADAPTATION,price_regression,COMMON_CLOSE_REGRESSION,COMMON_CLOSE_REGRESSION,FLOWS_OPTIONS,3,after the published official close for session t,close_t,close[t+h],close[t+h],price_point_forecast,absolute_error_index_points,predict close[t],TO_BE_FROZEN_AFTER_PPR4_SOURCE_ELIGIBILITY,false,NONE,3,PROPOSED_NOT_AUTHORIZED,PPR4_DATA_GATE_THEN_PPR5_CODE_GATE_THEN_PPR6_EXACT_SNAPSHOT_PASS
R004_TIMESTAMPED_SENTIMENT_FUSION_3S,R004,P01 | P02 | P05,NONE,Decision Tree Regression,TREE_REGRESSION,PROJECT-ADAPTATION,price_regression,COMMON_CLOSE_REGRESSION,COMMON_CLOSE_REGRESSION,TIMESTAMPED_SENTIMENT_FUSION,3,after the published official close for session t,close_t,close[t+h],close[t+h],price_point_forecast,absolute_error_index_points,predict close[t],TO_BE_FROZEN_AFTER_PPR4_SOURCE_ELIGIBILITY,false,NONE,3,PROPOSED_NOT_AUTHORIZED,PPR4_DATA_GATE_THEN_PPR5_CODE_GATE_THEN_PPR6_EXACT_SNAPSHOT_PASS
R004_CORE_OHLCV_TECH_5S,R004,P01 | P02 | P05,NONE,Decision Tree Regression,TREE_REGRESSION,PROJECT-ADAPTATION,price_regression,COMMON_CLOSE_REGRESSION,COMMON_CLOSE_REGRESSION,CORE_OHLCV_TECH,5,after the published official close for session t,close_t,close[t+h],close[t+h],price_point_forecast,absolute_error_index_points,predict close[t],TO_BE_FROZEN_AFTER_PPR4_SOURCE_ELIGIBILITY,false,NONE,3,PROPOSED_NOT_AUTHORIZED,PPR4_DATA_GATE_THEN_PPR5_CODE_GATE_THEN_PPR6_EXACT_SNAPSHOT_PASS
R004_EXTERNAL_MARKET_5S,R004,P01 | P02 | P05,NONE,Decision Tree Regression,TREE_REGRESSION,PROJECT-ADAPTATION,price_regression,COMMON_CLOSE_REGRESSION,COMMON_CLOSE_REGRESSION,EXTERNAL_MARKET,5,after the published official close for session t,close_t,close[t+h],close[t+h],price_point_forecast,absolute_error_index_points,predict close[t],TO_BE_FROZEN_AFTER_PPR4_SOURCE_ELIGIBILITY,false,NONE,3,PROPOSED_NOT_AUTHORIZED,PPR4_DATA_GATE_THEN_PPR5_CODE_GATE_THEN_PPR6_EXACT_SNAPSHOT_PASS
R004_FLOWS_OPTIONS_5S,R004,P01 | P02 | P05,NONE,Decision Tree Regression,TREE_REGRESSION,PROJECT-ADAPTATION,price_regression,COMMON_CLOSE_REGRESSION,COMMON_CLOSE_REGRESSION,FLOWS_OPTIONS,5,after the published official close for session t,close_t,close[t+h],close[t+h],price_point_forecast,absolute_error_index_points,predict close[t],TO_BE_FROZEN_AFTER_PPR4_SOURCE_ELIGIBILITY,false,NONE,3,PROPOSED_NOT_AUTHORIZED,PPR4_DATA_GATE_THEN_PPR5_CODE_GATE_THEN_PPR6_EXACT_SNAPSHOT_PASS
R004_TIMESTAMPED_SENTIMENT_FUSION_5S,R004,P01 | P02 | P05,NONE,Decision Tree Regression,TREE_REGRESSION,PROJECT-ADAPTATION,price_regression,COMMON_CLOSE_REGRESSION,COMMON_CLOSE_REGRESSION,TIMESTAMPED_SENTIMENT_FUSION,5,after the published official close for session t,close_t,close[t+h],close[t+h],price_point_forecast,absolute_error_index_points,predict close[t],TO_BE_FROZEN_AFTER_PPR4_SOURCE_ELIGIBILITY,false,NONE,3,PROPOSED_NOT_AUTHORIZED,PPR4_DATA_GATE_THEN_PPR5_CODE_GATE_THEN_PPR6_EXACT_SNAPSHOT_PASS
R004_CORE_OHLCV_TECH_10S,R004,P01 | P02 | P05,NONE,Decision Tree Regression,TREE_REGRESSION,PROJECT-ADAPTATION,price_regression,COMMON_CLOSE_REGRESSION,COMMON_CLOSE_REGRESSION,CORE_OHLCV_TECH,10,after the published official close for session t,close_t,close[t+h],close[t+h],price_point_forecast,absolute_error_index_points,predict close[t],TO_BE_FROZEN_AFTER_PPR4_SOURCE_ELIGIBILITY,false,NONE,3,PROPOSED_NOT_AUTHORIZED,PPR4_DATA_GATE_THEN_PPR5_CODE_GATE_THEN_PPR6_EXACT_SNAPSHOT_PASS
R004_EXTERNAL_MARKET_10S,R004,P01 | P02 | P05,NONE,Decision Tree Regression,TREE_REGRESSION,PROJECT-ADAPTATION,price_regression,COMMON_CLOSE_REGRESSION,COMMON_CLOSE_REGRESSION,EXTERNAL_MARKET,10,after the published official close for session t,close_t,close[t+h],close[t+h],price_point_forecast,absolute_error_index_points,predict close[t],TO_BE_FROZEN_AFTER_PPR4_SOURCE_ELIGIBILITY,false,NONE,3,PROPOSED_NOT_AUTHORIZED,PPR4_DATA_GATE_THEN_PPR5_CODE_GATE_THEN_PPR6_EXACT_SNAPSHOT_PASS
R004_FLOWS_OPTIONS_10S,R004,P01 | P02 | P05,NONE,Decision Tree Regression,TREE_REGRESSION,PROJECT-ADAPTATION,price_regression,COMMON_CLOSE_REGRESSION,COMMON_CLOSE_REGRESSION,FLOWS_OPTIONS,10,after the published official close for session t,close_t,close[t+h],close[t+h],price_point_forecast,absolute_error_index_points,predict close[t],TO_BE_FROZEN_AFTER_PPR4_SOURCE_ELIGIBILITY,false,NONE,3,PROPOSED_NOT_AUTHORIZED,PPR4_DATA_GATE_THEN_PPR5_CODE_GATE_THEN_PPR6_EXACT_SNAPSHOT_PASS
R004_TIMESTAMPED_SENTIMENT_FUSION_10S,R004,P01 | P02 | P05,NONE,Decision Tree Regression,TREE_REGRESSION,PROJECT-ADAPTATION,price_regression,COMMON_CLOSE_REGRESSION,COMMON_CLOSE_REGRESSION,TIMESTAMPED_SENTIMENT_FUSION,10,after the published official close for session t,close_t,close[t+h],close[t+h],price_point_forecast,absolute_error_index_points,predict close[t],TO_BE_FROZEN_AFTER_PPR4_SOURCE_ELIGIBILITY,false,NONE,3,PROPOSED_NOT_AUTHORIZED,PPR4_DATA_GATE_THEN_PPR5_CODE_GATE_THEN_PPR6_EXACT_SNAPSHOT_PASS
R005_CORE_OHLCV_TECH_1S,R005,P01 | P02 | P10,NONE,LSTM regressor,LSTM_REGRESSION,PROJECT-ADAPTATION,price_regression,COMMON_CLOSE_REGRESSION,COMMON_CLOSE_REGRESSION,CORE_OHLCV_TECH,1,after the published official close for session t,close_t,close[t+h],close[t+h],price_point_forecast,absolute_error_index_points,predict close[t],TO_BE_FROZEN_AFTER_PPR4_SOURCE_ELIGIBILITY,false,NONE,3,PROPOSED_NOT_AUTHORIZED,PPR4_DATA_GATE_THEN_PPR5_CODE_GATE_THEN_PPR6_EXACT_SNAPSHOT_PASS
R005_EXTERNAL_MARKET_1S,R005,P01 | P02 | P10,NONE,LSTM regressor,LSTM_REGRESSION,PROJECT-ADAPTATION,price_regression,COMMON_CLOSE_REGRESSION,COMMON_CLOSE_REGRESSION,EXTERNAL_MARKET,1,after the published official close for session t,close_t,close[t+h],close[t+h],price_point_forecast,absolute_error_index_points,predict close[t],TO_BE_FROZEN_AFTER_PPR4_SOURCE_ELIGIBILITY,false,NONE,3,PROPOSED_NOT_AUTHORIZED,PPR4_DATA_GATE_THEN_PPR5_CODE_GATE_THEN_PPR6_EXACT_SNAPSHOT_PASS
R005_FLOWS_OPTIONS_1S,R005,P01 | P02 | P10,NONE,LSTM regressor,LSTM_REGRESSION,PROJECT-ADAPTATION,price_regression,COMMON_CLOSE_REGRESSION,COMMON_CLOSE_REGRESSION,FLOWS_OPTIONS,1,after the published official close for session t,close_t,close[t+h],close[t+h],price_point_forecast,absolute_error_index_points,predict close[t],TO_BE_FROZEN_AFTER_PPR4_SOURCE_ELIGIBILITY,false,NONE,3,PROPOSED_NOT_AUTHORIZED,PPR4_DATA_GATE_THEN_PPR5_CODE_GATE_THEN_PPR6_EXACT_SNAPSHOT_PASS
R005_TIMESTAMPED_SENTIMENT_FUSION_1S,R005,P01 | P02 | P10,NONE,LSTM regressor,LSTM_REGRESSION,PROJECT-ADAPTATION,price_regression,COMMON_CLOSE_REGRESSION,COMMON_CLOSE_REGRESSION,TIMESTAMPED_SENTIMENT_FUSION,1,after the published official close for session t,close_t,close[t+h],close[t+h],price_point_forecast,absolute_error_index_points,predict close[t],TO_BE_FROZEN_AFTER_PPR4_SOURCE_ELIGIBILITY,false,NONE,3,PROPOSED_NOT_AUTHORIZED,PPR4_DATA_GATE_THEN_PPR5_CODE_GATE_THEN_PPR6_EXACT_SNAPSHOT_PASS
R005_CORE_OHLCV_TECH_2S,R005,P01 | P02 | P10,NONE,LSTM regressor,LSTM_REGRESSION,PROJECT-ADAPTATION,price_regression,COMMON_CLOSE_REGRESSION,COMMON_CLOSE_REGRESSION,CORE_OHLCV_TECH,2,after the published official close for session t,close_t,close[t+h],close[t+h],price_point_forecast,absolute_error_index_points,predict close[t],TO_BE_FROZEN_AFTER_PPR4_SOURCE_ELIGIBILITY,false,NONE,3,PROPOSED_NOT_AUTHORIZED,PPR4_DATA_GATE_THEN_PPR5_CODE_GATE_THEN_PPR6_EXACT_SNAPSHOT_PASS
R005_EXTERNAL_MARKET_2S,R005,P01 | P02 | P10,NONE,LSTM regressor,LSTM_REGRESSION,PROJECT-ADAPTATION,price_regression,COMMON_CLOSE_REGRESSION,COMMON_CLOSE_REGRESSION,EXTERNAL_MARKET,2,after the published official close for session t,close_t,close[t+h],close[t+h],price_point_forecast,absolute_error_index_points,predict close[t],TO_BE_FROZEN_AFTER_PPR4_SOURCE_ELIGIBILITY,false,NONE,3,PROPOSED_NOT_AUTHORIZED,PPR4_DATA_GATE_THEN_PPR5_CODE_GATE_THEN_PPR6_EXACT_SNAPSHOT_PASS
R005_FLOWS_OPTIONS_2S,R005,P01 | P02 | P10,NONE,LSTM regressor,LSTM_REGRESSION,PROJECT-ADAPTATION,price_regression,COMMON_CLOSE_REGRESSION,COMMON_CLOSE_REGRESSION,FLOWS_OPTIONS,2,after the published official close for session t,close_t,close[t+h],close[t+h],price_point_forecast,absolute_error_index_points,predict close[t],TO_BE_FROZEN_AFTER_PPR4_SOURCE_ELIGIBILITY,false,NONE,3,PROPOSED_NOT_AUTHORIZED,PPR4_DATA_GATE_THEN_PPR5_CODE_GATE_THEN_PPR6_EXACT_SNAPSHOT_PASS
R005_TIMESTAMPED_SENTIMENT_FUSION_2S,R005,P01 | P02 | P10,NONE,LSTM regressor,LSTM_REGRESSION,PROJECT-ADAPTATION,price_regression,COMMON_CLOSE_REGRESSION,COMMON_CLOSE_REGRESSION,TIMESTAMPED_SENTIMENT_FUSION,2,after the published official close for session t,close_t,close[t+h],close[t+h],price_point_forecast,absolute_error_index_points,predict close[t],TO_BE_FROZEN_AFTER_PPR4_SOURCE_ELIGIBILITY,false,NONE,3,PROPOSED_NOT_AUTHORIZED,PPR4_DATA_GATE_THEN_PPR5_CODE_GATE_THEN_PPR6_EXACT_SNAPSHOT_PASS
R005_CORE_OHLCV_TECH_3S,R005,P01 | P02 | P10,NONE,LSTM regressor,LSTM_REGRESSION,PROJECT-ADAPTATION,price_regression,COMMON_CLOSE_REGRESSION,COMMON_CLOSE_REGRESSION,CORE_OHLCV_TECH,3,after the published official close for session t,close_t,close[t+h],close[t+h],price_point_forecast,absolute_error_index_points,predict close[t],TO_BE_FROZEN_AFTER_PPR4_SOURCE_ELIGIBILITY,false,NONE,3,PROPOSED_NOT_AUTHORIZED,PPR4_DATA_GATE_THEN_PPR5_CODE_GATE_THEN_PPR6_EXACT_SNAPSHOT_PASS
R005_EXTERNAL_MARKET_3S,R005,P01 | P02 | P10,NONE,LSTM regressor,LSTM_REGRESSION,PROJECT-ADAPTATION,price_regression,COMMON_CLOSE_REGRESSION,COMMON_CLOSE_REGRESSION,EXTERNAL_MARKET,3,after the published official close for session t,close_t,close[t+h],close[t+h],price_point_forecast,absolute_error_index_points,predict close[t],TO_BE_FROZEN_AFTER_PPR4_SOURCE_ELIGIBILITY,false,NONE,3,PROPOSED_NOT_AUTHORIZED,PPR4_DATA_GATE_THEN_PPR5_CODE_GATE_THEN_PPR6_EXACT_SNAPSHOT_PASS
R005_FLOWS_OPTIONS_3S,R005,P01 | P02 | P10,NONE,LSTM regressor,LSTM_REGRESSION,PROJECT-ADAPTATION,price_regression,COMMON_CLOSE_REGRESSION,COMMON_CLOSE_REGRESSION,FLOWS_OPTIONS,3,after the published official close for session t,close_t,close[t+h],close[t+h],price_point_forecast,absolute_error_index_points,predict close[t],TO_BE_FROZEN_AFTER_PPR4_SOURCE_ELIGIBILITY,false,NONE,3,PROPOSED_NOT_AUTHORIZED,PPR4_DATA_GATE_THEN_PPR5_CODE_GATE_THEN_PPR6_EXACT_SNAPSHOT_PASS
R005_TIMESTAMPED_SENTIMENT_FUSION_3S,R005,P01 | P02 | P10,NONE,LSTM regressor,LSTM_REGRESSION,PROJECT-ADAPTATION,price_regression,COMMON_CLOSE_REGRESSION,COMMON_CLOSE_REGRESSION,TIMESTAMPED_SENTIMENT_FUSION,3,after the published official close for session t,close_t,close[t+h],close[t+h],price_point_forecast,absolute_error_index_points,predict close[t],TO_BE_FROZEN_AFTER_PPR4_SOURCE_ELIGIBILITY,false,NONE,3,PROPOSED_NOT_AUTHORIZED,PPR4_DATA_GATE_THEN_PPR5_CODE_GATE_THEN_PPR6_EXACT_SNAPSHOT_PASS
R005_CORE_OHLCV_TECH_5S,R005,P01 | P02 | P10,NONE,LSTM regressor,LSTM_REGRESSION,PROJECT-ADAPTATION,price_regression,COMMON_CLOSE_REGRESSION,COMMON_CLOSE_REGRESSION,CORE_OHLCV_TECH,5,after the published official close for session t,close_t,close[t+h],close[t+h],price_point_forecast,absolute_error_index_points,predict close[t],TO_BE_FROZEN_AFTER_PPR4_SOURCE_ELIGIBILITY,false,NONE,3,PROPOSED_NOT_AUTHORIZED,PPR4_DATA_GATE_THEN_PPR5_CODE_GATE_THEN_PPR6_EXACT_SNAPSHOT_PASS
R005_EXTERNAL_MARKET_5S,R005,P01 | P02 | P10,NONE,LSTM regressor,LSTM_REGRESSION,PROJECT-ADAPTATION,price_regression,COMMON_CLOSE_REGRESSION,COMMON_CLOSE_REGRESSION,EXTERNAL_MARKET,5,after the published official close for session t,close_t,close[t+h],close[t+h],price_point_forecast,absolute_error_index_points,predict close[t],TO_BE_FROZEN_AFTER_PPR4_SOURCE_ELIGIBILITY,false,NONE,3,PROPOSED_NOT_AUTHORIZED,PPR4_DATA_GATE_THEN_PPR5_CODE_GATE_THEN_PPR6_EXACT_SNAPSHOT_PASS
R005_FLOWS_OPTIONS_5S,R005,P01 | P02 | P10,NONE,LSTM regressor,LSTM_REGRESSION,PROJECT-ADAPTATION,price_regression,COMMON_CLOSE_REGRESSION,COMMON_CLOSE_REGRESSION,FLOWS_OPTIONS,5,after the published official close for session t,close_t,close[t+h],close[t+h],price_point_forecast,absolute_error_index_points,predict close[t],TO_BE_FROZEN_AFTER_PPR4_SOURCE_ELIGIBILITY,false,NONE,3,PROPOSED_NOT_AUTHORIZED,PPR4_DATA_GATE_THEN_PPR5_CODE_GATE_THEN_PPR6_EXACT_SNAPSHOT_PASS
R005_TIMESTAMPED_SENTIMENT_FUSION_5S,R005,P01 | P02 | P10,NONE,LSTM regressor,LSTM_REGRESSION,PROJECT-ADAPTATION,price_regression,COMMON_CLOSE_REGRESSION,COMMON_CLOSE_REGRESSION,TIMESTAMPED_SENTIMENT_FUSION,5,after the published official close for session t,close_t,close[t+h],close[t+h],price_point_forecast,absolute_error_index_points,predict close[t],TO_BE_FROZEN_AFTER_PPR4_SOURCE_ELIGIBILITY,false,NONE,3,PROPOSED_NOT_AUTHORIZED,PPR4_DATA_GATE_THEN_PPR5_CODE_GATE_THEN_PPR6_EXACT_SNAPSHOT_PASS
R005_CORE_OHLCV_TECH_10S,R005,P01 | P02 | P10,NONE,LSTM regressor,LSTM_REGRESSION,PROJECT-ADAPTATION,price_regression,COMMON_CLOSE_REGRESSION,COMMON_CLOSE_REGRESSION,CORE_OHLCV_TECH,10,after the published official close for session t,close_t,close[t+h],close[t+h],price_point_forecast,absolute_error_index_points,predict close[t],TO_BE_FROZEN_AFTER_PPR4_SOURCE_ELIGIBILITY,false,NONE,3,PROPOSED_NOT_AUTHORIZED,PPR4_DATA_GATE_THEN_PPR5_CODE_GATE_THEN_PPR6_EXACT_SNAPSHOT_PASS
R005_EXTERNAL_MARKET_10S,R005,P01 | P02 | P10,NONE,LSTM regressor,LSTM_REGRESSION,PROJECT-ADAPTATION,price_regression,COMMON_CLOSE_REGRESSION,COMMON_CLOSE_REGRESSION,EXTERNAL_MARKET,10,after the published official close for session t,close_t,close[t+h],close[t+h],price_point_forecast,absolute_error_index_points,predict close[t],TO_BE_FROZEN_AFTER_PPR4_SOURCE_ELIGIBILITY,false,NONE,3,PROPOSED_NOT_AUTHORIZED,PPR4_DATA_GATE_THEN_PPR5_CODE_GATE_THEN_PPR6_EXACT_SNAPSHOT_PASS
R005_FLOWS_OPTIONS_10S,R005,P01 | P02 | P10,NONE,LSTM regressor,LSTM_REGRESSION,PROJECT-ADAPTATION,price_regression,COMMON_CLOSE_REGRESSION,COMMON_CLOSE_REGRESSION,FLOWS_OPTIONS,10,after the published official close for session t,close_t,close[t+h],close[t+h],price_point_forecast,absolute_error_index_points,predict close[t],TO_BE_FROZEN_AFTER_PPR4_SOURCE_ELIGIBILITY,false,NONE,3,PROPOSED_NOT_AUTHORIZED,PPR4_DATA_GATE_THEN_PPR5_CODE_GATE_THEN_PPR6_EXACT_SNAPSHOT_PASS
R005_TIMESTAMPED_SENTIMENT_FUSION_10S,R005,P01 | P02 | P10,NONE,LSTM regressor,LSTM_REGRESSION,PROJECT-ADAPTATION,price_regression,COMMON_CLOSE_REGRESSION,COMMON_CLOSE_REGRESSION,TIMESTAMPED_SENTIMENT_FUSION,10,after the published official close for session t,close_t,close[t+h],close[t+h],price_point_forecast,absolute_error_index_points,predict close[t],TO_BE_FROZEN_AFTER_PPR4_SOURCE_ELIGIBILITY,false,NONE,3,PROPOSED_NOT_AUTHORIZED,PPR4_DATA_GATE_THEN_PPR5_CODE_GATE_THEN_PPR6_EXACT_SNAPSHOT_PASS
R006_CORE_OHLCV_TECH_1S,R006,P02,NONE,Multivariate/linear regression,MULTIVARIATE_REGRESSION,PROJECT-ADAPTATION,price_regression,COMMON_CLOSE_REGRESSION,COMMON_CLOSE_REGRESSION,CORE_OHLCV_TECH,1,after the published official close for session t,close_t,close[t+h],close[t+h],price_point_forecast,absolute_error_index_points,predict close[t],TO_BE_FROZEN_AFTER_PPR4_SOURCE_ELIGIBILITY,false,NONE,3,PROPOSED_NOT_AUTHORIZED,PPR4_DATA_GATE_THEN_PPR5_CODE_GATE_THEN_PPR6_EXACT_SNAPSHOT_PASS
R006_EXTERNAL_MARKET_1S,R006,P02,NONE,Multivariate/linear regression,MULTIVARIATE_REGRESSION,PROJECT-ADAPTATION,price_regression,COMMON_CLOSE_REGRESSION,COMMON_CLOSE_REGRESSION,EXTERNAL_MARKET,1,after the published official close for session t,close_t,close[t+h],close[t+h],price_point_forecast,absolute_error_index_points,predict close[t],TO_BE_FROZEN_AFTER_PPR4_SOURCE_ELIGIBILITY,false,NONE,3,PROPOSED_NOT_AUTHORIZED,PPR4_DATA_GATE_THEN_PPR5_CODE_GATE_THEN_PPR6_EXACT_SNAPSHOT_PASS
R006_FLOWS_OPTIONS_1S,R006,P02,NONE,Multivariate/linear regression,MULTIVARIATE_REGRESSION,PROJECT-ADAPTATION,price_regression,COMMON_CLOSE_REGRESSION,COMMON_CLOSE_REGRESSION,FLOWS_OPTIONS,1,after the published official close for session t,close_t,close[t+h],close[t+h],price_point_forecast,absolute_error_index_points,predict close[t],TO_BE_FROZEN_AFTER_PPR4_SOURCE_ELIGIBILITY,false,NONE,3,PROPOSED_NOT_AUTHORIZED,PPR4_DATA_GATE_THEN_PPR5_CODE_GATE_THEN_PPR6_EXACT_SNAPSHOT_PASS
R006_TIMESTAMPED_SENTIMENT_FUSION_1S,R006,P02,NONE,Multivariate/linear regression,MULTIVARIATE_REGRESSION,PROJECT-ADAPTATION,price_regression,COMMON_CLOSE_REGRESSION,COMMON_CLOSE_REGRESSION,TIMESTAMPED_SENTIMENT_FUSION,1,after the published official close for session t,close_t,close[t+h],close[t+h],price_point_forecast,absolute_error_index_points,predict close[t],TO_BE_FROZEN_AFTER_PPR4_SOURCE_ELIGIBILITY,false,NONE,3,PROPOSED_NOT_AUTHORIZED,PPR4_DATA_GATE_THEN_PPR5_CODE_GATE_THEN_PPR6_EXACT_SNAPSHOT_PASS
R006_CORE_OHLCV_TECH_2S,R006,P02,NONE,Multivariate/linear regression,MULTIVARIATE_REGRESSION,PROJECT-ADAPTATION,price_regression,COMMON_CLOSE_REGRESSION,COMMON_CLOSE_REGRESSION,CORE_OHLCV_TECH,2,after the published official close for session t,close_t,close[t+h],close[t+h],price_point_forecast,absolute_error_index_points,predict close[t],TO_BE_FROZEN_AFTER_PPR4_SOURCE_ELIGIBILITY,false,NONE,3,PROPOSED_NOT_AUTHORIZED,PPR4_DATA_GATE_THEN_PPR5_CODE_GATE_THEN_PPR6_EXACT_SNAPSHOT_PASS
R006_EXTERNAL_MARKET_2S,R006,P02,NONE,Multivariate/linear regression,MULTIVARIATE_REGRESSION,PROJECT-ADAPTATION,price_regression,COMMON_CLOSE_REGRESSION,COMMON_CLOSE_REGRESSION,EXTERNAL_MARKET,2,after the published official close for session t,close_t,close[t+h],close[t+h],price_point_forecast,absolute_error_index_points,predict close[t],TO_BE_FROZEN_AFTER_PPR4_SOURCE_ELIGIBILITY,false,NONE,3,PROPOSED_NOT_AUTHORIZED,PPR4_DATA_GATE_THEN_PPR5_CODE_GATE_THEN_PPR6_EXACT_SNAPSHOT_PASS
R006_FLOWS_OPTIONS_2S,R006,P02,NONE,Multivariate/linear regression,MULTIVARIATE_REGRESSION,PROJECT-ADAPTATION,price_regression,COMMON_CLOSE_REGRESSION,COMMON_CLOSE_REGRESSION,FLOWS_OPTIONS,2,after the published official close for session t,close_t,close[t+h],close[t+h],price_point_forecast,absolute_error_index_points,predict close[t],TO_BE_FROZEN_AFTER_PPR4_SOURCE_ELIGIBILITY,false,NONE,3,PROPOSED_NOT_AUTHORIZED,PPR4_DATA_GATE_THEN_PPR5_CODE_GATE_THEN_PPR6_EXACT_SNAPSHOT_PASS
R006_TIMESTAMPED_SENTIMENT_FUSION_2S,R006,P02,NONE,Multivariate/linear regression,MULTIVARIATE_REGRESSION,PROJECT-ADAPTATION,price_regression,COMMON_CLOSE_REGRESSION,COMMON_CLOSE_REGRESSION,TIMESTAMPED_SENTIMENT_FUSION,2,after the published official close for session t,close_t,close[t+h],close[t+h],price_point_forecast,absolute_error_index_points,predict close[t],TO_BE_FROZEN_AFTER_PPR4_SOURCE_ELIGIBILITY,false,NONE,3,PROPOSED_NOT_AUTHORIZED,PPR4_DATA_GATE_THEN_PPR5_CODE_GATE_THEN_PPR6_EXACT_SNAPSHOT_PASS
R006_CORE_OHLCV_TECH_3S,R006,P02,NONE,Multivariate/linear regression,MULTIVARIATE_REGRESSION,PROJECT-ADAPTATION,price_regression,COMMON_CLOSE_REGRESSION,COMMON_CLOSE_REGRESSION,CORE_OHLCV_TECH,3,after the published official close for session t,close_t,close[t+h],close[t+h],price_point_forecast,absolute_error_index_points,predict close[t],TO_BE_FROZEN_AFTER_PPR4_SOURCE_ELIGIBILITY,false,NONE,3,PROPOSED_NOT_AUTHORIZED,PPR4_DATA_GATE_THEN_PPR5_CODE_GATE_THEN_PPR6_EXACT_SNAPSHOT_PASS
R006_EXTERNAL_MARKET_3S,R006,P02,NONE,Multivariate/linear regression,MULTIVARIATE_REGRESSION,PROJECT-ADAPTATION,price_regression,COMMON_CLOSE_REGRESSION,COMMON_CLOSE_REGRESSION,EXTERNAL_MARKET,3,after the published official close for session t,close_t,close[t+h],close[t+h],price_point_forecast,absolute_error_index_points,predict close[t],TO_BE_FROZEN_AFTER_PPR4_SOURCE_ELIGIBILITY,false,NONE,3,PROPOSED_NOT_AUTHORIZED,PPR4_DATA_GATE_THEN_PPR5_CODE_GATE_THEN_PPR6_EXACT_SNAPSHOT_PASS
R006_FLOWS_OPTIONS_3S,R006,P02,NONE,Multivariate/linear regression,MULTIVARIATE_REGRESSION,PROJECT-ADAPTATION,price_regression,COMMON_CLOSE_REGRESSION,COMMON_CLOSE_REGRESSION,FLOWS_OPTIONS,3,after the published official close for session t,close_t,close[t+h],close[t+h],price_point_forecast,absolute_error_index_points,predict close[t],TO_BE_FROZEN_AFTER_PPR4_SOURCE_ELIGIBILITY,false,NONE,3,PROPOSED_NOT_AUTHORIZED,PPR4_DATA_GATE_THEN_PPR5_CODE_GATE_THEN_PPR6_EXACT_SNAPSHOT_PASS
R006_TIMESTAMPED_SENTIMENT_FUSION_3S,R006,P02,NONE,Multivariate/linear regression,MULTIVARIATE_REGRESSION,PROJECT-ADAPTATION,price_regression,COMMON_CLOSE_REGRESSION,COMMON_CLOSE_REGRESSION,TIMESTAMPED_SENTIMENT_FUSION,3,after the published official close for session t,close_t,close[t+h],close[t+h],price_point_forecast,absolute_error_index_points,predict close[t],TO_BE_FROZEN_AFTER_PPR4_SOURCE_ELIGIBILITY,false,NONE,3,PROPOSED_NOT_AUTHORIZED,PPR4_DATA_GATE_THEN_PPR5_CODE_GATE_THEN_PPR6_EXACT_SNAPSHOT_PASS
R006_CORE_OHLCV_TECH_5S,R006,P02,NONE,Multivariate/linear regression,MULTIVARIATE_REGRESSION,PROJECT-ADAPTATION,price_regression,COMMON_CLOSE_REGRESSION,COMMON_CLOSE_REGRESSION,CORE_OHLCV_TECH,5,after the published official close for session t,close_t,close[t+h],close[t+h],price_point_forecast,absolute_error_index_points,predict close[t],TO_BE_FROZEN_AFTER_PPR4_SOURCE_ELIGIBILITY,false,NONE,3,PROPOSED_NOT_AUTHORIZED,PPR4_DATA_GATE_THEN_PPR5_CODE_GATE_THEN_PPR6_EXACT_SNAPSHOT_PASS
R006_EXTERNAL_MARKET_5S,R006,P02,NONE,Multivariate/linear regression,MULTIVARIATE_REGRESSION,PROJECT-ADAPTATION,price_regression,COMMON_CLOSE_REGRESSION,COMMON_CLOSE_REGRESSION,EXTERNAL_MARKET,5,after the published official close for session t,close_t,close[t+h],close[t+h],price_point_forecast,absolute_error_index_points,predict close[t],TO_BE_FROZEN_AFTER_PPR4_SOURCE_ELIGIBILITY,false,NONE,3,PROPOSED_NOT_AUTHORIZED,PPR4_DATA_GATE_THEN_PPR5_CODE_GATE_THEN_PPR6_EXACT_SNAPSHOT_PASS
R006_FLOWS_OPTIONS_5S,R006,P02,NONE,Multivariate/linear regression,MULTIVARIATE_REGRESSION,PROJECT-ADAPTATION,price_regression,COMMON_CLOSE_REGRESSION,COMMON_CLOSE_REGRESSION,FLOWS_OPTIONS,5,after the published official close for session t,close_t,close[t+h],close[t+h],price_point_forecast,absolute_error_index_points,predict close[t],TO_BE_FROZEN_AFTER_PPR4_SOURCE_ELIGIBILITY,false,NONE,3,PROPOSED_NOT_AUTHORIZED,PPR4_DATA_GATE_THEN_PPR5_CODE_GATE_THEN_PPR6_EXACT_SNAPSHOT_PASS
R006_TIMESTAMPED_SENTIMENT_FUSION_5S,R006,P02,NONE,Multivariate/linear regression,MULTIVARIATE_REGRESSION,PROJECT-ADAPTATION,price_regression,COMMON_CLOSE_REGRESSION,COMMON_CLOSE_REGRESSION,TIMESTAMPED_SENTIMENT_FUSION,5,after the published official close for session t,close_t,close[t+h],close[t+h],price_point_forecast,absolute_error_index_points,predict close[t],TO_BE_FROZEN_AFTER_PPR4_SOURCE_ELIGIBILITY,false,NONE,3,PROPOSED_NOT_AUTHORIZED,PPR4_DATA_GATE_THEN_PPR5_CODE_GATE_THEN_PPR6_EXACT_SNAPSHOT_PASS
R006_CORE_OHLCV_TECH_10S,R006,P02,NONE,Multivariate/linear regression,MULTIVARIATE_REGRESSION,PROJECT-ADAPTATION,price_regression,COMMON_CLOSE_REGRESSION,COMMON_CLOSE_REGRESSION,CORE_OHLCV_TECH,10,after the published official close for session t,close_t,close[t+h],close[t+h],price_point_forecast,absolute_error_index_points,predict close[t],TO_BE_FROZEN_AFTER_PPR4_SOURCE_ELIGIBILITY,false,NONE,3,PROPOSED_NOT_AUTHORIZED,PPR4_DATA_GATE_THEN_PPR5_CODE_GATE_THEN_PPR6_EXACT_SNAPSHOT_PASS
R006_EXTERNAL_MARKET_10S,R006,P02,NONE,Multivariate/linear regression,MULTIVARIATE_REGRESSION,PROJECT-ADAPTATION,price_regression,COMMON_CLOSE_REGRESSION,COMMON_CLOSE_REGRESSION,EXTERNAL_MARKET,10,after the published official close for session t,close_t,close[t+h],close[t+h],price_point_forecast,absolute_error_index_points,predict close[t],TO_BE_FROZEN_AFTER_PPR4_SOURCE_ELIGIBILITY,false,NONE,3,PROPOSED_NOT_AUTHORIZED,PPR4_DATA_GATE_THEN_PPR5_CODE_GATE_THEN_PPR6_EXACT_SNAPSHOT_PASS
R006_FLOWS_OPTIONS_10S,R006,P02,NONE,Multivariate/linear regression,MULTIVARIATE_REGRESSION,PROJECT-ADAPTATION,price_regression,COMMON_CLOSE_REGRESSION,COMMON_CLOSE_REGRESSION,FLOWS_OPTIONS,10,after the published official close for session t,close_t,close[t+h],close[t+h],price_point_forecast,absolute_error_index_points,predict close[t],TO_BE_FROZEN_AFTER_PPR4_SOURCE_ELIGIBILITY,false,NONE,3,PROPOSED_NOT_AUTHORIZED,PPR4_DATA_GATE_THEN_PPR5_CODE_GATE_THEN_PPR6_EXACT_SNAPSHOT_PASS
R006_TIMESTAMPED_SENTIMENT_FUSION_10S,R006,P02,NONE,Multivariate/linear regression,MULTIVARIATE_REGRESSION,PROJECT-ADAPTATION,price_regression,COMMON_CLOSE_REGRESSION,COMMON_CLOSE_REGRESSION,TIMESTAMPED_SENTIMENT_FUSION,10,after the published official close for session t,close_t,close[t+h],close[t+h],price_point_forecast,absolute_error_index_points,predict close[t],TO_BE_FROZEN_AFTER_PPR4_SOURCE_ELIGIBILITY,false,NONE,3,PROPOSED_NOT_AUTHORIZED,PPR4_DATA_GATE_THEN_PPR5_CODE_GATE_THEN_PPR6_EXACT_SNAPSHOT_PASS
R008_CORE_OHLCV_TECH_1S,R008,P02,NONE,Bagging regressor,BAGGING_REGRESSION,PROJECT-ADAPTATION,price_regression,COMMON_CLOSE_REGRESSION,COMMON_CLOSE_REGRESSION,CORE_OHLCV_TECH,1,after the published official close for session t,close_t,close[t+h],close[t+h],price_point_forecast,absolute_error_index_points,predict close[t],TO_BE_FROZEN_AFTER_PPR4_SOURCE_ELIGIBILITY,false,NONE,3,PROPOSED_NOT_AUTHORIZED,PPR4_DATA_GATE_THEN_PPR5_CODE_GATE_THEN_PPR6_EXACT_SNAPSHOT_PASS
R008_EXTERNAL_MARKET_1S,R008,P02,NONE,Bagging regressor,BAGGING_REGRESSION,PROJECT-ADAPTATION,price_regression,COMMON_CLOSE_REGRESSION,COMMON_CLOSE_REGRESSION,EXTERNAL_MARKET,1,after the published official close for session t,close_t,close[t+h],close[t+h],price_point_forecast,absolute_error_index_points,predict close[t],TO_BE_FROZEN_AFTER_PPR4_SOURCE_ELIGIBILITY,false,NONE,3,PROPOSED_NOT_AUTHORIZED,PPR4_DATA_GATE_THEN_PPR5_CODE_GATE_THEN_PPR6_EXACT_SNAPSHOT_PASS
R008_FLOWS_OPTIONS_1S,R008,P02,NONE,Bagging regressor,BAGGING_REGRESSION,PROJECT-ADAPTATION,price_regression,COMMON_CLOSE_REGRESSION,COMMON_CLOSE_REGRESSION,FLOWS_OPTIONS,1,after the published official close for session t,close_t,close[t+h],close[t+h],price_point_forecast,absolute_error_index_points,predict close[t],TO_BE_FROZEN_AFTER_PPR4_SOURCE_ELIGIBILITY,false,NONE,3,PROPOSED_NOT_AUTHORIZED,PPR4_DATA_GATE_THEN_PPR5_CODE_GATE_THEN_PPR6_EXACT_SNAPSHOT_PASS
R008_TIMESTAMPED_SENTIMENT_FUSION_1S,R008,P02,NONE,Bagging regressor,BAGGING_REGRESSION,PROJECT-ADAPTATION,price_regression,COMMON_CLOSE_REGRESSION,COMMON_CLOSE_REGRESSION,TIMESTAMPED_SENTIMENT_FUSION,1,after the published official close for session t,close_t,close[t+h],close[t+h],price_point_forecast,absolute_error_index_points,predict close[t],TO_BE_FROZEN_AFTER_PPR4_SOURCE_ELIGIBILITY,false,NONE,3,PROPOSED_NOT_AUTHORIZED,PPR4_DATA_GATE_THEN_PPR5_CODE_GATE_THEN_PPR6_EXACT_SNAPSHOT_PASS
R008_CORE_OHLCV_TECH_2S,R008,P02,NONE,Bagging regressor,BAGGING_REGRESSION,PROJECT-ADAPTATION,price_regression,COMMON_CLOSE_REGRESSION,COMMON_CLOSE_REGRESSION,CORE_OHLCV_TECH,2,after the published official close for session t,close_t,close[t+h],close[t+h],price_point_forecast,absolute_error_index_points,predict close[t],TO_BE_FROZEN_AFTER_PPR4_SOURCE_ELIGIBILITY,false,NONE,3,PROPOSED_NOT_AUTHORIZED,PPR4_DATA_GATE_THEN_PPR5_CODE_GATE_THEN_PPR6_EXACT_SNAPSHOT_PASS
R008_EXTERNAL_MARKET_2S,R008,P02,NONE,Bagging regressor,BAGGING_REGRESSION,PROJECT-ADAPTATION,price_regression,COMMON_CLOSE_REGRESSION,COMMON_CLOSE_REGRESSION,EXTERNAL_MARKET,2,after the published official close for session t,close_t,close[t+h],close[t+h],price_point_forecast,absolute_error_index_points,predict close[t],TO_BE_FROZEN_AFTER_PPR4_SOURCE_ELIGIBILITY,false,NONE,3,PROPOSED_NOT_AUTHORIZED,PPR4_DATA_GATE_THEN_PPR5_CODE_GATE_THEN_PPR6_EXACT_SNAPSHOT_PASS
R008_FLOWS_OPTIONS_2S,R008,P02,NONE,Bagging regressor,BAGGING_REGRESSION,PROJECT-ADAPTATION,price_regression,COMMON_CLOSE_REGRESSION,COMMON_CLOSE_REGRESSION,FLOWS_OPTIONS,2,after the published official close for session t,close_t,close[t+h],close[t+h],price_point_forecast,absolute_error_index_points,predict close[t],TO_BE_FROZEN_AFTER_PPR4_SOURCE_ELIGIBILITY,false,NONE,3,PROPOSED_NOT_AUTHORIZED,PPR4_DATA_GATE_THEN_PPR5_CODE_GATE_THEN_PPR6_EXACT_SNAPSHOT_PASS
R008_TIMESTAMPED_SENTIMENT_FUSION_2S,R008,P02,NONE,Bagging regressor,BAGGING_REGRESSION,PROJECT-ADAPTATION,price_regression,COMMON_CLOSE_REGRESSION,COMMON_CLOSE_REGRESSION,TIMESTAMPED_SENTIMENT_FUSION,2,after the published official close for session t,close_t,close[t+h],close[t+h],price_point_forecast,absolute_error_index_points,predict close[t],TO_BE_FROZEN_AFTER_PPR4_SOURCE_ELIGIBILITY,false,NONE,3,PROPOSED_NOT_AUTHORIZED,PPR4_DATA_GATE_THEN_PPR5_CODE_GATE_THEN_PPR6_EXACT_SNAPSHOT_PASS
R008_CORE_OHLCV_TECH_3S,R008,P02,NONE,Bagging regressor,BAGGING_REGRESSION,PROJECT-ADAPTATION,price_regression,COMMON_CLOSE_REGRESSION,COMMON_CLOSE_REGRESSION,CORE_OHLCV_TECH,3,after the published official close for session t,close_t,close[t+h],close[t+h],price_point_forecast,absolute_error_index_points,predict close[t],TO_BE_FROZEN_AFTER_PPR4_SOURCE_ELIGIBILITY,false,NONE,3,PROPOSED_NOT_AUTHORIZED,PPR4_DATA_GATE_THEN_PPR5_CODE_GATE_THEN_PPR6_EXACT_SNAPSHOT_PASS
R008_EXTERNAL_MARKET_3S,R008,P02,NONE,Bagging regressor,BAGGING_REGRESSION,PROJECT-ADAPTATION,price_regression,COMMON_CLOSE_REGRESSION,COMMON_CLOSE_REGRESSION,EXTERNAL_MARKET,3,after the published official close for session t,close_t,close[t+h],close[t+h],price_point_forecast,absolute_error_index_points,predict close[t],TO_BE_FROZEN_AFTER_PPR4_SOURCE_ELIGIBILITY,false,NONE,3,PROPOSED_NOT_AUTHORIZED,PPR4_DATA_GATE_THEN_PPR5_CODE_GATE_THEN_PPR6_EXACT_SNAPSHOT_PASS
R008_FLOWS_OPTIONS_3S,R008,P02,NONE,Bagging regressor,BAGGING_REGRESSION,PROJECT-ADAPTATION,price_regression,COMMON_CLOSE_REGRESSION,COMMON_CLOSE_REGRESSION,FLOWS_OPTIONS,3,after the published official close for session t,close_t,close[t+h],close[t+h],price_point_forecast,absolute_error_index_points,predict close[t],TO_BE_FROZEN_AFTER_PPR4_SOURCE_ELIGIBILITY,false,NONE,3,PROPOSED_NOT_AUTHORIZED,PPR4_DATA_GATE_THEN_PPR5_CODE_GATE_THEN_PPR6_EXACT_SNAPSHOT_PASS
R008_TIMESTAMPED_SENTIMENT_FUSION_3S,R008,P02,NONE,Bagging regressor,BAGGING_REGRESSION,PROJECT-ADAPTATION,price_regression,COMMON_CLOSE_REGRESSION,COMMON_CLOSE_REGRESSION,TIMESTAMPED_SENTIMENT_FUSION,3,after the published official close for session t,close_t,close[t+h],close[t+h],price_point_forecast,absolute_error_index_points,predict close[t],TO_BE_FROZEN_AFTER_PPR4_SOURCE_ELIGIBILITY,false,NONE,3,PROPOSED_NOT_AUTHORIZED,PPR4_DATA_GATE_THEN_PPR5_CODE_GATE_THEN_PPR6_EXACT_SNAPSHOT_PASS
R008_CORE_OHLCV_TECH_5S,R008,P02,NONE,Bagging regressor,BAGGING_REGRESSION,PROJECT-ADAPTATION,price_regression,COMMON_CLOSE_REGRESSION,COMMON_CLOSE_REGRESSION,CORE_OHLCV_TECH,5,after the published official close for session t,close_t,close[t+h],close[t+h],price_point_forecast,absolute_error_index_points,predict close[t],TO_BE_FROZEN_AFTER_PPR4_SOURCE_ELIGIBILITY,false,NONE,3,PROPOSED_NOT_AUTHORIZED,PPR4_DATA_GATE_THEN_PPR5_CODE_GATE_THEN_PPR6_EXACT_SNAPSHOT_PASS
R008_EXTERNAL_MARKET_5S,R008,P02,NONE,Bagging regressor,BAGGING_REGRESSION,PROJECT-ADAPTATION,price_regression,COMMON_CLOSE_REGRESSION,COMMON_CLOSE_REGRESSION,EXTERNAL_MARKET,5,after the published official close for session t,close_t,close[t+h],close[t+h],price_point_forecast,absolute_error_index_points,predict close[t],TO_BE_FROZEN_AFTER_PPR4_SOURCE_ELIGIBILITY,false,NONE,3,PROPOSED_NOT_AUTHORIZED,PPR4_DATA_GATE_THEN_PPR5_CODE_GATE_THEN_PPR6_EXACT_SNAPSHOT_PASS
R008_FLOWS_OPTIONS_5S,R008,P02,NONE,Bagging regressor,BAGGING_REGRESSION,PROJECT-ADAPTATION,price_regression,COMMON_CLOSE_REGRESSION,COMMON_CLOSE_REGRESSION,FLOWS_OPTIONS,5,after the published official close for session t,close_t,close[t+h],close[t+h],price_point_forecast,absolute_error_index_points,predict close[t],TO_BE_FROZEN_AFTER_PPR4_SOURCE_ELIGIBILITY,false,NONE,3,PROPOSED_NOT_AUTHORIZED,PPR4_DATA_GATE_THEN_PPR5_CODE_GATE_THEN_PPR6_EXACT_SNAPSHOT_PASS
R008_TIMESTAMPED_SENTIMENT_FUSION_5S,R008,P02,NONE,Bagging regressor,BAGGING_REGRESSION,PROJECT-ADAPTATION,price_regression,COMMON_CLOSE_REGRESSION,COMMON_CLOSE_REGRESSION,TIMESTAMPED_SENTIMENT_FUSION,5,after the published official close for session t,close_t,close[t+h],close[t+h],price_point_forecast,absolute_error_index_points,predict close[t],TO_BE_FROZEN_AFTER_PPR4_SOURCE_ELIGIBILITY,false,NONE,3,PROPOSED_NOT_AUTHORIZED,PPR4_DATA_GATE_THEN_PPR5_CODE_GATE_THEN_PPR6_EXACT_SNAPSHOT_PASS
R008_CORE_OHLCV_TECH_10S,R008,P02,NONE,Bagging regressor,BAGGING_REGRESSION,PROJECT-ADAPTATION,price_regression,COMMON_CLOSE_REGRESSION,COMMON_CLOSE_REGRESSION,CORE_OHLCV_TECH,10,after the published official close for session t,close_t,close[t+h],close[t+h],price_point_forecast,absolute_error_index_points,predict close[t],TO_BE_FROZEN_AFTER_PPR4_SOURCE_ELIGIBILITY,false,NONE,3,PROPOSED_NOT_AUTHORIZED,PPR4_DATA_GATE_THEN_PPR5_CODE_GATE_THEN_PPR6_EXACT_SNAPSHOT_PASS
R008_EXTERNAL_MARKET_10S,R008,P02,NONE,Bagging regressor,BAGGING_REGRESSION,PROJECT-ADAPTATION,price_regression,COMMON_CLOSE_REGRESSION,COMMON_CLOSE_REGRESSION,EXTERNAL_MARKET,10,after the published official close for session t,close_t,close[t+h],close[t+h],price_point_forecast,absolute_error_index_points,predict close[t],TO_BE_FROZEN_AFTER_PPR4_SOURCE_ELIGIBILITY,false,NONE,3,PROPOSED_NOT_AUTHORIZED,PPR4_DATA_GATE_THEN_PPR5_CODE_GATE_THEN_PPR6_EXACT_SNAPSHOT_PASS
R008_FLOWS_OPTIONS_10S,R008,P02,NONE,Bagging regressor,BAGGING_REGRESSION,PROJECT-ADAPTATION,price_regression,COMMON_CLOSE_REGRESSION,COMMON_CLOSE_REGRESSION,FLOWS_OPTIONS,10,after the published official close for session t,close_t,close[t+h],close[t+h],price_point_forecast,absolute_error_index_points,predict close[t],TO_BE_FROZEN_AFTER_PPR4_SOURCE_ELIGIBILITY,false,NONE,3,PROPOSED_NOT_AUTHORIZED,PPR4_DATA_GATE_THEN_PPR5_CODE_GATE_THEN_PPR6_EXACT_SNAPSHOT_PASS
R008_TIMESTAMPED_SENTIMENT_FUSION_10S,R008,P02,NONE,Bagging regressor,BAGGING_REGRESSION,PROJECT-ADAPTATION,price_regression,COMMON_CLOSE_REGRESSION,COMMON_CLOSE_REGRESSION,TIMESTAMPED_SENTIMENT_FUSION,10,after the published official close for session t,close_t,close[t+h],close[t+h],price_point_forecast,absolute_error_index_points,predict close[t],TO_BE_FROZEN_AFTER_PPR4_SOURCE_ELIGIBILITY,false,NONE,3,PROPOSED_NOT_AUTHORIZED,PPR4_DATA_GATE_THEN_PPR5_CODE_GATE_THEN_PPR6_EXACT_SNAPSHOT_PASS
R009_CORE_OHLCV_TECH_1S,R009,P02,NONE,Boosting regressor,BOOSTING_REGRESSION,PROJECT-ADAPTATION,price_regression,COMMON_CLOSE_REGRESSION,COMMON_CLOSE_REGRESSION,CORE_OHLCV_TECH,1,after the published official close for session t,close_t,close[t+h],close[t+h],price_point_forecast,absolute_error_index_points,predict close[t],TO_BE_FROZEN_AFTER_PPR4_SOURCE_ELIGIBILITY,false,NONE,3,PROPOSED_NOT_AUTHORIZED,PPR4_DATA_GATE_THEN_PPR5_CODE_GATE_THEN_PPR6_EXACT_SNAPSHOT_PASS
R009_EXTERNAL_MARKET_1S,R009,P02,NONE,Boosting regressor,BOOSTING_REGRESSION,PROJECT-ADAPTATION,price_regression,COMMON_CLOSE_REGRESSION,COMMON_CLOSE_REGRESSION,EXTERNAL_MARKET,1,after the published official close for session t,close_t,close[t+h],close[t+h],price_point_forecast,absolute_error_index_points,predict close[t],TO_BE_FROZEN_AFTER_PPR4_SOURCE_ELIGIBILITY,false,NONE,3,PROPOSED_NOT_AUTHORIZED,PPR4_DATA_GATE_THEN_PPR5_CODE_GATE_THEN_PPR6_EXACT_SNAPSHOT_PASS
R009_FLOWS_OPTIONS_1S,R009,P02,NONE,Boosting regressor,BOOSTING_REGRESSION,PROJECT-ADAPTATION,price_regression,COMMON_CLOSE_REGRESSION,COMMON_CLOSE_REGRESSION,FLOWS_OPTIONS,1,after the published official close for session t,close_t,close[t+h],close[t+h],price_point_forecast,absolute_error_index_points,predict close[t],TO_BE_FROZEN_AFTER_PPR4_SOURCE_ELIGIBILITY,false,NONE,3,PROPOSED_NOT_AUTHORIZED,PPR4_DATA_GATE_THEN_PPR5_CODE_GATE_THEN_PPR6_EXACT_SNAPSHOT_PASS
R009_TIMESTAMPED_SENTIMENT_FUSION_1S,R009,P02,NONE,Boosting regressor,BOOSTING_REGRESSION,PROJECT-ADAPTATION,price_regression,COMMON_CLOSE_REGRESSION,COMMON_CLOSE_REGRESSION,TIMESTAMPED_SENTIMENT_FUSION,1,after the published official close for session t,close_t,close[t+h],close[t+h],price_point_forecast,absolute_error_index_points,predict close[t],TO_BE_FROZEN_AFTER_PPR4_SOURCE_ELIGIBILITY,false,NONE,3,PROPOSED_NOT_AUTHORIZED,PPR4_DATA_GATE_THEN_PPR5_CODE_GATE_THEN_PPR6_EXACT_SNAPSHOT_PASS
R009_CORE_OHLCV_TECH_2S,R009,P02,NONE,Boosting regressor,BOOSTING_REGRESSION,PROJECT-ADAPTATION,price_regression,COMMON_CLOSE_REGRESSION,COMMON_CLOSE_REGRESSION,CORE_OHLCV_TECH,2,after the published official close for session t,close_t,close[t+h],close[t+h],price_point_forecast,absolute_error_index_points,predict close[t],TO_BE_FROZEN_AFTER_PPR4_SOURCE_ELIGIBILITY,false,NONE,3,PROPOSED_NOT_AUTHORIZED,PPR4_DATA_GATE_THEN_PPR5_CODE_GATE_THEN_PPR6_EXACT_SNAPSHOT_PASS
R009_EXTERNAL_MARKET_2S,R009,P02,NONE,Boosting regressor,BOOSTING_REGRESSION,PROJECT-ADAPTATION,price_regression,COMMON_CLOSE_REGRESSION,COMMON_CLOSE_REGRESSION,EXTERNAL_MARKET,2,after the published official close for session t,close_t,close[t+h],close[t+h],price_point_forecast,absolute_error_index_points,predict close[t],TO_BE_FROZEN_AFTER_PPR4_SOURCE_ELIGIBILITY,false,NONE,3,PROPOSED_NOT_AUTHORIZED,PPR4_DATA_GATE_THEN_PPR5_CODE_GATE_THEN_PPR6_EXACT_SNAPSHOT_PASS
R009_FLOWS_OPTIONS_2S,R009,P02,NONE,Boosting regressor,BOOSTING_REGRESSION,PROJECT-ADAPTATION,price_regression,COMMON_CLOSE_REGRESSION,COMMON_CLOSE_REGRESSION,FLOWS_OPTIONS,2,after the published official close for session t,close_t,close[t+h],close[t+h],price_point_forecast,absolute_error_index_points,predict close[t],TO_BE_FROZEN_AFTER_PPR4_SOURCE_ELIGIBILITY,false,NONE,3,PROPOSED_NOT_AUTHORIZED,PPR4_DATA_GATE_THEN_PPR5_CODE_GATE_THEN_PPR6_EXACT_SNAPSHOT_PASS
R009_TIMESTAMPED_SENTIMENT_FUSION_2S,R009,P02,NONE,Boosting regressor,BOOSTING_REGRESSION,PROJECT-ADAPTATION,price_regression,COMMON_CLOSE_REGRESSION,COMMON_CLOSE_REGRESSION,TIMESTAMPED_SENTIMENT_FUSION,2,after the published official close for session t,close_t,close[t+h],close[t+h],price_point_forecast,absolute_error_index_points,predict close[t],TO_BE_FROZEN_AFTER_PPR4_SOURCE_ELIGIBILITY,false,NONE,3,PROPOSED_NOT_AUTHORIZED,PPR4_DATA_GATE_THEN_PPR5_CODE_GATE_THEN_PPR6_EXACT_SNAPSHOT_PASS
R009_CORE_OHLCV_TECH_3S,R009,P02,NONE,Boosting regressor,BOOSTING_REGRESSION,PROJECT-ADAPTATION,price_regression,COMMON_CLOSE_REGRESSION,COMMON_CLOSE_REGRESSION,CORE_OHLCV_TECH,3,after the published official close for session t,close_t,close[t+h],close[t+h],price_point_forecast,absolute_error_index_points,predict close[t],TO_BE_FROZEN_AFTER_PPR4_SOURCE_ELIGIBILITY,false,NONE,3,PROPOSED_NOT_AUTHORIZED,PPR4_DATA_GATE_THEN_PPR5_CODE_GATE_THEN_PPR6_EXACT_SNAPSHOT_PASS
R009_EXTERNAL_MARKET_3S,R009,P02,NONE,Boosting regressor,BOOSTING_REGRESSION,PROJECT-ADAPTATION,price_regression,COMMON_CLOSE_REGRESSION,COMMON_CLOSE_REGRESSION,EXTERNAL_MARKET,3,after the published official close for session t,close_t,close[t+h],close[t+h],price_point_forecast,absolute_error_index_points,predict close[t],TO_BE_FROZEN_AFTER_PPR4_SOURCE_ELIGIBILITY,false,NONE,3,PROPOSED_NOT_AUTHORIZED,PPR4_DATA_GATE_THEN_PPR5_CODE_GATE_THEN_PPR6_EXACT_SNAPSHOT_PASS
R009_FLOWS_OPTIONS_3S,R009,P02,NONE,Boosting regressor,BOOSTING_REGRESSION,PROJECT-ADAPTATION,price_regression,COMMON_CLOSE_REGRESSION,COMMON_CLOSE_REGRESSION,FLOWS_OPTIONS,3,after the published official close for session t,close_t,close[t+h],close[t+h],price_point_forecast,absolute_error_index_points,predict close[t],TO_BE_FROZEN_AFTER_PPR4_SOURCE_ELIGIBILITY,false,NONE,3,PROPOSED_NOT_AUTHORIZED,PPR4_DATA_GATE_THEN_PPR5_CODE_GATE_THEN_PPR6_EXACT_SNAPSHOT_PASS
R009_TIMESTAMPED_SENTIMENT_FUSION_3S,R009,P02,NONE,Boosting regressor,BOOSTING_REGRESSION,PROJECT-ADAPTATION,price_regression,COMMON_CLOSE_REGRESSION,COMMON_CLOSE_REGRESSION,TIMESTAMPED_SENTIMENT_FUSION,3,after the published official close for session t,close_t,close[t+h],close[t+h],price_point_forecast,absolute_error_index_points,predict close[t],TO_BE_FROZEN_AFTER_PPR4_SOURCE_ELIGIBILITY,false,NONE,3,PROPOSED_NOT_AUTHORIZED,PPR4_DATA_GATE_THEN_PPR5_CODE_GATE_THEN_PPR6_EXACT_SNAPSHOT_PASS
R009_CORE_OHLCV_TECH_5S,R009,P02,NONE,Boosting regressor,BOOSTING_REGRESSION,PROJECT-ADAPTATION,price_regression,COMMON_CLOSE_REGRESSION,COMMON_CLOSE_REGRESSION,CORE_OHLCV_TECH,5,after the published official close for session t,close_t,close[t+h],close[t+h],price_point_forecast,absolute_error_index_points,predict close[t],TO_BE_FROZEN_AFTER_PPR4_SOURCE_ELIGIBILITY,false,NONE,3,PROPOSED_NOT_AUTHORIZED,PPR4_DATA_GATE_THEN_PPR5_CODE_GATE_THEN_PPR6_EXACT_SNAPSHOT_PASS
R009_EXTERNAL_MARKET_5S,R009,P02,NONE,Boosting regressor,BOOSTING_REGRESSION,PROJECT-ADAPTATION,price_regression,COMMON_CLOSE_REGRESSION,COMMON_CLOSE_REGRESSION,EXTERNAL_MARKET,5,after the published official close for session t,close_t,close[t+h],close[t+h],price_point_forecast,absolute_error_index_points,predict close[t],TO_BE_FROZEN_AFTER_PPR4_SOURCE_ELIGIBILITY,false,NONE,3,PROPOSED_NOT_AUTHORIZED,PPR4_DATA_GATE_THEN_PPR5_CODE_GATE_THEN_PPR6_EXACT_SNAPSHOT_PASS
R009_FLOWS_OPTIONS_5S,R009,P02,NONE,Boosting regressor,BOOSTING_REGRESSION,PROJECT-ADAPTATION,price_regression,COMMON_CLOSE_REGRESSION,COMMON_CLOSE_REGRESSION,FLOWS_OPTIONS,5,after the published official close for session t,close_t,close[t+h],close[t+h],price_point_forecast,absolute_error_index_points,predict close[t],TO_BE_FROZEN_AFTER_PPR4_SOURCE_ELIGIBILITY,false,NONE,3,PROPOSED_NOT_AUTHORIZED,PPR4_DATA_GATE_THEN_PPR5_CODE_GATE_THEN_PPR6_EXACT_SNAPSHOT_PASS
R009_TIMESTAMPED_SENTIMENT_FUSION_5S,R009,P02,NONE,Boosting regressor,BOOSTING_REGRESSION,PROJECT-ADAPTATION,price_regression,COMMON_CLOSE_REGRESSION,COMMON_CLOSE_REGRESSION,TIMESTAMPED_SENTIMENT_FUSION,5,after the published official close for session t,close_t,close[t+h],close[t+h],price_point_forecast,absolute_error_index_points,predict close[t],TO_BE_FROZEN_AFTER_PPR4_SOURCE_ELIGIBILITY,false,NONE,3,PROPOSED_NOT_AUTHORIZED,PPR4_DATA_GATE_THEN_PPR5_CODE_GATE_THEN_PPR6_EXACT_SNAPSHOT_PASS
R009_CORE_OHLCV_TECH_10S,R009,P02,NONE,Boosting regressor,BOOSTING_REGRESSION,PROJECT-ADAPTATION,price_regression,COMMON_CLOSE_REGRESSION,COMMON_CLOSE_REGRESSION,CORE_OHLCV_TECH,10,after the published official close for session t,close_t,close[t+h],close[t+h],price_point_forecast,absolute_error_index_points,predict close[t],TO_BE_FROZEN_AFTER_PPR4_SOURCE_ELIGIBILITY,false,NONE,3,PROPOSED_NOT_AUTHORIZED,PPR4_DATA_GATE_THEN_PPR5_CODE_GATE_THEN_PPR6_EXACT_SNAPSHOT_PASS
R009_EXTERNAL_MARKET_10S,R009,P02,NONE,Boosting regressor,BOOSTING_REGRESSION,PROJECT-ADAPTATION,price_regression,COMMON_CLOSE_REGRESSION,COMMON_CLOSE_REGRESSION,EXTERNAL_MARKET,10,after the published official close for session t,close_t,close[t+h],close[t+h],price_point_forecast,absolute_error_index_points,predict close[t],TO_BE_FROZEN_AFTER_PPR4_SOURCE_ELIGIBILITY,false,NONE,3,PROPOSED_NOT_AUTHORIZED,PPR4_DATA_GATE_THEN_PPR5_CODE_GATE_THEN_PPR6_EXACT_SNAPSHOT_PASS
R009_FLOWS_OPTIONS_10S,R009,P02,NONE,Boosting regressor,BOOSTING_REGRESSION,PROJECT-ADAPTATION,price_regression,COMMON_CLOSE_REGRESSION,COMMON_CLOSE_REGRESSION,FLOWS_OPTIONS,10,after the published official close for session t,close_t,close[t+h],close[t+h],price_point_forecast,absolute_error_index_points,predict close[t],TO_BE_FROZEN_AFTER_PPR4_SOURCE_ELIGIBILITY,false,NONE,3,PROPOSED_NOT_AUTHORIZED,PPR4_DATA_GATE_THEN_PPR5_CODE_GATE_THEN_PPR6_EXACT_SNAPSHOT_PASS
R009_TIMESTAMPED_SENTIMENT_FUSION_10S,R009,P02,NONE,Boosting regressor,BOOSTING_REGRESSION,PROJECT-ADAPTATION,price_regression,COMMON_CLOSE_REGRESSION,COMMON_CLOSE_REGRESSION,TIMESTAMPED_SENTIMENT_FUSION,10,after the published official close for session t,close_t,close[t+h],close[t+h],price_point_forecast,absolute_error_index_points,predict close[t],TO_BE_FROZEN_AFTER_PPR4_SOURCE_ELIGIBILITY,false,NONE,3,PROPOSED_NOT_AUTHORIZED,PPR4_DATA_GATE_THEN_PPR5_CODE_GATE_THEN_PPR6_EXACT_SNAPSHOT_PASS
R010_CORE_OHLCV_TECH_1S,R010,P02 | P05,NONE,Random Forest regressor,RANDOM_FOREST_REGRESSION,PROJECT-ADAPTATION,price_regression,COMMON_CLOSE_REGRESSION,COMMON_CLOSE_REGRESSION,CORE_OHLCV_TECH,1,after the published official close for session t,close_t,close[t+h],close[t+h],price_point_forecast,absolute_error_index_points,predict close[t],TO_BE_FROZEN_AFTER_PPR4_SOURCE_ELIGIBILITY,true,RF_REGRESSION_18,3,PROPOSED_NOT_AUTHORIZED,PPR4_DATA_GATE_THEN_PPR5_CODE_GATE_THEN_PPR6_EXACT_SNAPSHOT_PASS
R010_EXTERNAL_MARKET_1S,R010,P02 | P05,NONE,Random Forest regressor,RANDOM_FOREST_REGRESSION,PROJECT-ADAPTATION,price_regression,COMMON_CLOSE_REGRESSION,COMMON_CLOSE_REGRESSION,EXTERNAL_MARKET,1,after the published official close for session t,close_t,close[t+h],close[t+h],price_point_forecast,absolute_error_index_points,predict close[t],TO_BE_FROZEN_AFTER_PPR4_SOURCE_ELIGIBILITY,false,NONE,3,PROPOSED_NOT_AUTHORIZED,PPR4_DATA_GATE_THEN_PPR5_CODE_GATE_THEN_PPR6_EXACT_SNAPSHOT_PASS
R010_FLOWS_OPTIONS_1S,R010,P02 | P05,NONE,Random Forest regressor,RANDOM_FOREST_REGRESSION,PROJECT-ADAPTATION,price_regression,COMMON_CLOSE_REGRESSION,COMMON_CLOSE_REGRESSION,FLOWS_OPTIONS,1,after the published official close for session t,close_t,close[t+h],close[t+h],price_point_forecast,absolute_error_index_points,predict close[t],TO_BE_FROZEN_AFTER_PPR4_SOURCE_ELIGIBILITY,false,NONE,3,PROPOSED_NOT_AUTHORIZED,PPR4_DATA_GATE_THEN_PPR5_CODE_GATE_THEN_PPR6_EXACT_SNAPSHOT_PASS
R010_TIMESTAMPED_SENTIMENT_FUSION_1S,R010,P02 | P05,NONE,Random Forest regressor,RANDOM_FOREST_REGRESSION,PROJECT-ADAPTATION,price_regression,COMMON_CLOSE_REGRESSION,COMMON_CLOSE_REGRESSION,TIMESTAMPED_SENTIMENT_FUSION,1,after the published official close for session t,close_t,close[t+h],close[t+h],price_point_forecast,absolute_error_index_points,predict close[t],TO_BE_FROZEN_AFTER_PPR4_SOURCE_ELIGIBILITY,false,NONE,3,PROPOSED_NOT_AUTHORIZED,PPR4_DATA_GATE_THEN_PPR5_CODE_GATE_THEN_PPR6_EXACT_SNAPSHOT_PASS
R010_CORE_OHLCV_TECH_2S,R010,P02 | P05,NONE,Random Forest regressor,RANDOM_FOREST_REGRESSION,PROJECT-ADAPTATION,price_regression,COMMON_CLOSE_REGRESSION,COMMON_CLOSE_REGRESSION,CORE_OHLCV_TECH,2,after the published official close for session t,close_t,close[t+h],close[t+h],price_point_forecast,absolute_error_index_points,predict close[t],TO_BE_FROZEN_AFTER_PPR4_SOURCE_ELIGIBILITY,true,RF_REGRESSION_18,3,PROPOSED_NOT_AUTHORIZED,PPR4_DATA_GATE_THEN_PPR5_CODE_GATE_THEN_PPR6_EXACT_SNAPSHOT_PASS
R010_EXTERNAL_MARKET_2S,R010,P02 | P05,NONE,Random Forest regressor,RANDOM_FOREST_REGRESSION,PROJECT-ADAPTATION,price_regression,COMMON_CLOSE_REGRESSION,COMMON_CLOSE_REGRESSION,EXTERNAL_MARKET,2,after the published official close for session t,close_t,close[t+h],close[t+h],price_point_forecast,absolute_error_index_points,predict close[t],TO_BE_FROZEN_AFTER_PPR4_SOURCE_ELIGIBILITY,false,NONE,3,PROPOSED_NOT_AUTHORIZED,PPR4_DATA_GATE_THEN_PPR5_CODE_GATE_THEN_PPR6_EXACT_SNAPSHOT_PASS
R010_FLOWS_OPTIONS_2S,R010,P02 | P05,NONE,Random Forest regressor,RANDOM_FOREST_REGRESSION,PROJECT-ADAPTATION,price_regression,COMMON_CLOSE_REGRESSION,COMMON_CLOSE_REGRESSION,FLOWS_OPTIONS,2,after the published official close for session t,close_t,close[t+h],close[t+h],price_point_forecast,absolute_error_index_points,predict close[t],TO_BE_FROZEN_AFTER_PPR4_SOURCE_ELIGIBILITY,false,NONE,3,PROPOSED_NOT_AUTHORIZED,PPR4_DATA_GATE_THEN_PPR5_CODE_GATE_THEN_PPR6_EXACT_SNAPSHOT_PASS
R010_TIMESTAMPED_SENTIMENT_FUSION_2S,R010,P02 | P05,NONE,Random Forest regressor,RANDOM_FOREST_REGRESSION,PROJECT-ADAPTATION,price_regression,COMMON_CLOSE_REGRESSION,COMMON_CLOSE_REGRESSION,TIMESTAMPED_SENTIMENT_FUSION,2,after the published official close for session t,close_t,close[t+h],close[t+h],price_point_forecast,absolute_error_index_points,predict close[t],TO_BE_FROZEN_AFTER_PPR4_SOURCE_ELIGIBILITY,false,NONE,3,PROPOSED_NOT_AUTHORIZED,PPR4_DATA_GATE_THEN_PPR5_CODE_GATE_THEN_PPR6_EXACT_SNAPSHOT_PASS
R010_CORE_OHLCV_TECH_3S,R010,P02 | P05,NONE,Random Forest regressor,RANDOM_FOREST_REGRESSION,PROJECT-ADAPTATION,price_regression,COMMON_CLOSE_REGRESSION,COMMON_CLOSE_REGRESSION,CORE_OHLCV_TECH,3,after the published official close for session t,close_t,close[t+h],close[t+h],price_point_forecast,absolute_error_index_points,predict close[t],TO_BE_FROZEN_AFTER_PPR4_SOURCE_ELIGIBILITY,true,RF_REGRESSION_18,3,PROPOSED_NOT_AUTHORIZED,PPR4_DATA_GATE_THEN_PPR5_CODE_GATE_THEN_PPR6_EXACT_SNAPSHOT_PASS
R010_EXTERNAL_MARKET_3S,R010,P02 | P05,NONE,Random Forest regressor,RANDOM_FOREST_REGRESSION,PROJECT-ADAPTATION,price_regression,COMMON_CLOSE_REGRESSION,COMMON_CLOSE_REGRESSION,EXTERNAL_MARKET,3,after the published official close for session t,close_t,close[t+h],close[t+h],price_point_forecast,absolute_error_index_points,predict close[t],TO_BE_FROZEN_AFTER_PPR4_SOURCE_ELIGIBILITY,false,NONE,3,PROPOSED_NOT_AUTHORIZED,PPR4_DATA_GATE_THEN_PPR5_CODE_GATE_THEN_PPR6_EXACT_SNAPSHOT_PASS
R010_FLOWS_OPTIONS_3S,R010,P02 | P05,NONE,Random Forest regressor,RANDOM_FOREST_REGRESSION,PROJECT-ADAPTATION,price_regression,COMMON_CLOSE_REGRESSION,COMMON_CLOSE_REGRESSION,FLOWS_OPTIONS,3,after the published official close for session t,close_t,close[t+h],close[t+h],price_point_forecast,absolute_error_index_points,predict close[t],TO_BE_FROZEN_AFTER_PPR4_SOURCE_ELIGIBILITY,false,NONE,3,PROPOSED_NOT_AUTHORIZED,PPR4_DATA_GATE_THEN_PPR5_CODE_GATE_THEN_PPR6_EXACT_SNAPSHOT_PASS
R010_TIMESTAMPED_SENTIMENT_FUSION_3S,R010,P02 | P05,NONE,Random Forest regressor,RANDOM_FOREST_REGRESSION,PROJECT-ADAPTATION,price_regression,COMMON_CLOSE_REGRESSION,COMMON_CLOSE_REGRESSION,TIMESTAMPED_SENTIMENT_FUSION,3,after the published official close for session t,close_t,close[t+h],close[t+h],price_point_forecast,absolute_error_index_points,predict close[t],TO_BE_FROZEN_AFTER_PPR4_SOURCE_ELIGIBILITY,false,NONE,3,PROPOSED_NOT_AUTHORIZED,PPR4_DATA_GATE_THEN_PPR5_CODE_GATE_THEN_PPR6_EXACT_SNAPSHOT_PASS
R010_CORE_OHLCV_TECH_5S,R010,P02 | P05,NONE,Random Forest regressor,RANDOM_FOREST_REGRESSION,PROJECT-ADAPTATION,price_regression,COMMON_CLOSE_REGRESSION,COMMON_CLOSE_REGRESSION,CORE_OHLCV_TECH,5,after the published official close for session t,close_t,close[t+h],close[t+h],price_point_forecast,absolute_error_index_points,predict close[t],TO_BE_FROZEN_AFTER_PPR4_SOURCE_ELIGIBILITY,true,RF_REGRESSION_18,3,PROPOSED_NOT_AUTHORIZED,PPR4_DATA_GATE_THEN_PPR5_CODE_GATE_THEN_PPR6_EXACT_SNAPSHOT_PASS
R010_EXTERNAL_MARKET_5S,R010,P02 | P05,NONE,Random Forest regressor,RANDOM_FOREST_REGRESSION,PROJECT-ADAPTATION,price_regression,COMMON_CLOSE_REGRESSION,COMMON_CLOSE_REGRESSION,EXTERNAL_MARKET,5,after the published official close for session t,close_t,close[t+h],close[t+h],price_point_forecast,absolute_error_index_points,predict close[t],TO_BE_FROZEN_AFTER_PPR4_SOURCE_ELIGIBILITY,false,NONE,3,PROPOSED_NOT_AUTHORIZED,PPR4_DATA_GATE_THEN_PPR5_CODE_GATE_THEN_PPR6_EXACT_SNAPSHOT_PASS
R010_FLOWS_OPTIONS_5S,R010,P02 | P05,NONE,Random Forest regressor,RANDOM_FOREST_REGRESSION,PROJECT-ADAPTATION,price_regression,COMMON_CLOSE_REGRESSION,COMMON_CLOSE_REGRESSION,FLOWS_OPTIONS,5,after the published official close for session t,close_t,close[t+h],close[t+h],price_point_forecast,absolute_error_index_points,predict close[t],TO_BE_FROZEN_AFTER_PPR4_SOURCE_ELIGIBILITY,false,NONE,3,PROPOSED_NOT_AUTHORIZED,PPR4_DATA_GATE_THEN_PPR5_CODE_GATE_THEN_PPR6_EXACT_SNAPSHOT_PASS
R010_TIMESTAMPED_SENTIMENT_FUSION_5S,R010,P02 | P05,NONE,Random Forest regressor,RANDOM_FOREST_REGRESSION,PROJECT-ADAPTATION,price_regression,COMMON_CLOSE_REGRESSION,COMMON_CLOSE_REGRESSION,TIMESTAMPED_SENTIMENT_FUSION,5,after the published official close for session t,close_t,close[t+h],close[t+h],price_point_forecast,absolute_error_index_points,predict close[t],TO_BE_FROZEN_AFTER_PPR4_SOURCE_ELIGIBILITY,false,NONE,3,PROPOSED_NOT_AUTHORIZED,PPR4_DATA_GATE_THEN_PPR5_CODE_GATE_THEN_PPR6_EXACT_SNAPSHOT_PASS
R010_CORE_OHLCV_TECH_10S,R010,P02 | P05,NONE,Random Forest regressor,RANDOM_FOREST_REGRESSION,PROJECT-ADAPTATION,price_regression,COMMON_CLOSE_REGRESSION,COMMON_CLOSE_REGRESSION,CORE_OHLCV_TECH,10,after the published official close for session t,close_t,close[t+h],close[t+h],price_point_forecast,absolute_error_index_points,predict close[t],TO_BE_FROZEN_AFTER_PPR4_SOURCE_ELIGIBILITY,true,RF_REGRESSION_18,3,PROPOSED_NOT_AUTHORIZED,PPR4_DATA_GATE_THEN_PPR5_CODE_GATE_THEN_PPR6_EXACT_SNAPSHOT_PASS
R010_EXTERNAL_MARKET_10S,R010,P02 | P05,NONE,Random Forest regressor,RANDOM_FOREST_REGRESSION,PROJECT-ADAPTATION,price_regression,COMMON_CLOSE_REGRESSION,COMMON_CLOSE_REGRESSION,EXTERNAL_MARKET,10,after the published official close for session t,close_t,close[t+h],close[t+h],price_point_forecast,absolute_error_index_points,predict close[t],TO_BE_FROZEN_AFTER_PPR4_SOURCE_ELIGIBILITY,false,NONE,3,PROPOSED_NOT_AUTHORIZED,PPR4_DATA_GATE_THEN_PPR5_CODE_GATE_THEN_PPR6_EXACT_SNAPSHOT_PASS
R010_FLOWS_OPTIONS_10S,R010,P02 | P05,NONE,Random Forest regressor,RANDOM_FOREST_REGRESSION,PROJECT-ADAPTATION,price_regression,COMMON_CLOSE_REGRESSION,COMMON_CLOSE_REGRESSION,FLOWS_OPTIONS,10,after the published official close for session t,close_t,close[t+h],close[t+h],price_point_forecast,absolute_error_index_points,predict close[t],TO_BE_FROZEN_AFTER_PPR4_SOURCE_ELIGIBILITY,false,NONE,3,PROPOSED_NOT_AUTHORIZED,PPR4_DATA_GATE_THEN_PPR5_CODE_GATE_THEN_PPR6_EXACT_SNAPSHOT_PASS
R010_TIMESTAMPED_SENTIMENT_FUSION_10S,R010,P02 | P05,NONE,Random Forest regressor,RANDOM_FOREST_REGRESSION,PROJECT-ADAPTATION,price_regression,COMMON_CLOSE_REGRESSION,COMMON_CLOSE_REGRESSION,TIMESTAMPED_SENTIMENT_FUSION,10,after the published official close for session t,close_t,close[t+h],close[t+h],price_point_forecast,absolute_error_index_points,predict close[t],TO_BE_FROZEN_AFTER_PPR4_SOURCE_ELIGIBILITY,false,NONE,3,PROPOSED_NOT_AUTHORIZED,PPR4_DATA_GATE_THEN_PPR5_CODE_GATE_THEN_PPR6_EXACT_SNAPSHOT_PASS
R011_CORE_OHLCV_TECH_1S,R011,P02 | P04,NONE,ANN regressor,MLP_REGRESSION,PROJECT-ADAPTATION,price_regression,COMMON_CLOSE_REGRESSION,COMMON_CLOSE_REGRESSION,CORE_OHLCV_TECH,1,after the published official close for session t,close_t,close[t+h],close[t+h],price_point_forecast,absolute_error_index_points,predict close[t],TO_BE_FROZEN_AFTER_PPR4_SOURCE_ELIGIBILITY,false,NONE,3,PROPOSED_NOT_AUTHORIZED,PPR4_DATA_GATE_THEN_PPR5_CODE_GATE_THEN_PPR6_EXACT_SNAPSHOT_PASS
R011_EXTERNAL_MARKET_1S,R011,P02 | P04,NONE,ANN regressor,MLP_REGRESSION,PROJECT-ADAPTATION,price_regression,COMMON_CLOSE_REGRESSION,COMMON_CLOSE_REGRESSION,EXTERNAL_MARKET,1,after the published official close for session t,close_t,close[t+h],close[t+h],price_point_forecast,absolute_error_index_points,predict close[t],TO_BE_FROZEN_AFTER_PPR4_SOURCE_ELIGIBILITY,false,NONE,3,PROPOSED_NOT_AUTHORIZED,PPR4_DATA_GATE_THEN_PPR5_CODE_GATE_THEN_PPR6_EXACT_SNAPSHOT_PASS
R011_FLOWS_OPTIONS_1S,R011,P02 | P04,NONE,ANN regressor,MLP_REGRESSION,PROJECT-ADAPTATION,price_regression,COMMON_CLOSE_REGRESSION,COMMON_CLOSE_REGRESSION,FLOWS_OPTIONS,1,after the published official close for session t,close_t,close[t+h],close[t+h],price_point_forecast,absolute_error_index_points,predict close[t],TO_BE_FROZEN_AFTER_PPR4_SOURCE_ELIGIBILITY,false,NONE,3,PROPOSED_NOT_AUTHORIZED,PPR4_DATA_GATE_THEN_PPR5_CODE_GATE_THEN_PPR6_EXACT_SNAPSHOT_PASS
R011_TIMESTAMPED_SENTIMENT_FUSION_1S,R011,P02 | P04,NONE,ANN regressor,MLP_REGRESSION,PROJECT-ADAPTATION,price_regression,COMMON_CLOSE_REGRESSION,COMMON_CLOSE_REGRESSION,TIMESTAMPED_SENTIMENT_FUSION,1,after the published official close for session t,close_t,close[t+h],close[t+h],price_point_forecast,absolute_error_index_points,predict close[t],TO_BE_FROZEN_AFTER_PPR4_SOURCE_ELIGIBILITY,false,NONE,3,PROPOSED_NOT_AUTHORIZED,PPR4_DATA_GATE_THEN_PPR5_CODE_GATE_THEN_PPR6_EXACT_SNAPSHOT_PASS
R011_CORE_OHLCV_TECH_2S,R011,P02 | P04,NONE,ANN regressor,MLP_REGRESSION,PROJECT-ADAPTATION,price_regression,COMMON_CLOSE_REGRESSION,COMMON_CLOSE_REGRESSION,CORE_OHLCV_TECH,2,after the published official close for session t,close_t,close[t+h],close[t+h],price_point_forecast,absolute_error_index_points,predict close[t],TO_BE_FROZEN_AFTER_PPR4_SOURCE_ELIGIBILITY,false,NONE,3,PROPOSED_NOT_AUTHORIZED,PPR4_DATA_GATE_THEN_PPR5_CODE_GATE_THEN_PPR6_EXACT_SNAPSHOT_PASS
R011_EXTERNAL_MARKET_2S,R011,P02 | P04,NONE,ANN regressor,MLP_REGRESSION,PROJECT-ADAPTATION,price_regression,COMMON_CLOSE_REGRESSION,COMMON_CLOSE_REGRESSION,EXTERNAL_MARKET,2,after the published official close for session t,close_t,close[t+h],close[t+h],price_point_forecast,absolute_error_index_points,predict close[t],TO_BE_FROZEN_AFTER_PPR4_SOURCE_ELIGIBILITY,false,NONE,3,PROPOSED_NOT_AUTHORIZED,PPR4_DATA_GATE_THEN_PPR5_CODE_GATE_THEN_PPR6_EXACT_SNAPSHOT_PASS
R011_FLOWS_OPTIONS_2S,R011,P02 | P04,NONE,ANN regressor,MLP_REGRESSION,PROJECT-ADAPTATION,price_regression,COMMON_CLOSE_REGRESSION,COMMON_CLOSE_REGRESSION,FLOWS_OPTIONS,2,after the published official close for session t,close_t,close[t+h],close[t+h],price_point_forecast,absolute_error_index_points,predict close[t],TO_BE_FROZEN_AFTER_PPR4_SOURCE_ELIGIBILITY,false,NONE,3,PROPOSED_NOT_AUTHORIZED,PPR4_DATA_GATE_THEN_PPR5_CODE_GATE_THEN_PPR6_EXACT_SNAPSHOT_PASS
R011_TIMESTAMPED_SENTIMENT_FUSION_2S,R011,P02 | P04,NONE,ANN regressor,MLP_REGRESSION,PROJECT-ADAPTATION,price_regression,COMMON_CLOSE_REGRESSION,COMMON_CLOSE_REGRESSION,TIMESTAMPED_SENTIMENT_FUSION,2,after the published official close for session t,close_t,close[t+h],close[t+h],price_point_forecast,absolute_error_index_points,predict close[t],TO_BE_FROZEN_AFTER_PPR4_SOURCE_ELIGIBILITY,false,NONE,3,PROPOSED_NOT_AUTHORIZED,PPR4_DATA_GATE_THEN_PPR5_CODE_GATE_THEN_PPR6_EXACT_SNAPSHOT_PASS
R011_CORE_OHLCV_TECH_3S,R011,P02 | P04,NONE,ANN regressor,MLP_REGRESSION,PROJECT-ADAPTATION,price_regression,COMMON_CLOSE_REGRESSION,COMMON_CLOSE_REGRESSION,CORE_OHLCV_TECH,3,after the published official close for session t,close_t,close[t+h],close[t+h],price_point_forecast,absolute_error_index_points,predict close[t],TO_BE_FROZEN_AFTER_PPR4_SOURCE_ELIGIBILITY,false,NONE,3,PROPOSED_NOT_AUTHORIZED,PPR4_DATA_GATE_THEN_PPR5_CODE_GATE_THEN_PPR6_EXACT_SNAPSHOT_PASS
R011_EXTERNAL_MARKET_3S,R011,P02 | P04,NONE,ANN regressor,MLP_REGRESSION,PROJECT-ADAPTATION,price_regression,COMMON_CLOSE_REGRESSION,COMMON_CLOSE_REGRESSION,EXTERNAL_MARKET,3,after the published official close for session t,close_t,close[t+h],close[t+h],price_point_forecast,absolute_error_index_points,predict close[t],TO_BE_FROZEN_AFTER_PPR4_SOURCE_ELIGIBILITY,false,NONE,3,PROPOSED_NOT_AUTHORIZED,PPR4_DATA_GATE_THEN_PPR5_CODE_GATE_THEN_PPR6_EXACT_SNAPSHOT_PASS
R011_FLOWS_OPTIONS_3S,R011,P02 | P04,NONE,ANN regressor,MLP_REGRESSION,PROJECT-ADAPTATION,price_regression,COMMON_CLOSE_REGRESSION,COMMON_CLOSE_REGRESSION,FLOWS_OPTIONS,3,after the published official close for session t,close_t,close[t+h],close[t+h],price_point_forecast,absolute_error_index_points,predict close[t],TO_BE_FROZEN_AFTER_PPR4_SOURCE_ELIGIBILITY,false,NONE,3,PROPOSED_NOT_AUTHORIZED,PPR4_DATA_GATE_THEN_PPR5_CODE_GATE_THEN_PPR6_EXACT_SNAPSHOT_PASS
R011_TIMESTAMPED_SENTIMENT_FUSION_3S,R011,P02 | P04,NONE,ANN regressor,MLP_REGRESSION,PROJECT-ADAPTATION,price_regression,COMMON_CLOSE_REGRESSION,COMMON_CLOSE_REGRESSION,TIMESTAMPED_SENTIMENT_FUSION,3,after the published official close for session t,close_t,close[t+h],close[t+h],price_point_forecast,absolute_error_index_points,predict close[t],TO_BE_FROZEN_AFTER_PPR4_SOURCE_ELIGIBILITY,false,NONE,3,PROPOSED_NOT_AUTHORIZED,PPR4_DATA_GATE_THEN_PPR5_CODE_GATE_THEN_PPR6_EXACT_SNAPSHOT_PASS
R011_CORE_OHLCV_TECH_5S,R011,P02 | P04,NONE,ANN regressor,MLP_REGRESSION,PROJECT-ADAPTATION,price_regression,COMMON_CLOSE_REGRESSION,COMMON_CLOSE_REGRESSION,CORE_OHLCV_TECH,5,after the published official close for session t,close_t,close[t+h],close[t+h],price_point_forecast,absolute_error_index_points,predict close[t],TO_BE_FROZEN_AFTER_PPR4_SOURCE_ELIGIBILITY,false,NONE,3,PROPOSED_NOT_AUTHORIZED,PPR4_DATA_GATE_THEN_PPR5_CODE_GATE_THEN_PPR6_EXACT_SNAPSHOT_PASS
R011_EXTERNAL_MARKET_5S,R011,P02 | P04,NONE,ANN regressor,MLP_REGRESSION,PROJECT-ADAPTATION,price_regression,COMMON_CLOSE_REGRESSION,COMMON_CLOSE_REGRESSION,EXTERNAL_MARKET,5,after the published official close for session t,close_t,close[t+h],close[t+h],price_point_forecast,absolute_error_index_points,predict close[t],TO_BE_FROZEN_AFTER_PPR4_SOURCE_ELIGIBILITY,false,NONE,3,PROPOSED_NOT_AUTHORIZED,PPR4_DATA_GATE_THEN_PPR5_CODE_GATE_THEN_PPR6_EXACT_SNAPSHOT_PASS
R011_FLOWS_OPTIONS_5S,R011,P02 | P04,NONE,ANN regressor,MLP_REGRESSION,PROJECT-ADAPTATION,price_regression,COMMON_CLOSE_REGRESSION,COMMON_CLOSE_REGRESSION,FLOWS_OPTIONS,5,after the published official close for session t,close_t,close[t+h],close[t+h],price_point_forecast,absolute_error_index_points,predict close[t],TO_BE_FROZEN_AFTER_PPR4_SOURCE_ELIGIBILITY,false,NONE,3,PROPOSED_NOT_AUTHORIZED,PPR4_DATA_GATE_THEN_PPR5_CODE_GATE_THEN_PPR6_EXACT_SNAPSHOT_PASS
R011_TIMESTAMPED_SENTIMENT_FUSION_5S,R011,P02 | P04,NONE,ANN regressor,MLP_REGRESSION,PROJECT-ADAPTATION,price_regression,COMMON_CLOSE_REGRESSION,COMMON_CLOSE_REGRESSION,TIMESTAMPED_SENTIMENT_FUSION,5,after the published official close for session t,close_t,close[t+h],close[t+h],price_point_forecast,absolute_error_index_points,predict close[t],TO_BE_FROZEN_AFTER_PPR4_SOURCE_ELIGIBILITY,false,NONE,3,PROPOSED_NOT_AUTHORIZED,PPR4_DATA_GATE_THEN_PPR5_CODE_GATE_THEN_PPR6_EXACT_SNAPSHOT_PASS
R011_CORE_OHLCV_TECH_10S,R011,P02 | P04,NONE,ANN regressor,MLP_REGRESSION,PROJECT-ADAPTATION,price_regression,COMMON_CLOSE_REGRESSION,COMMON_CLOSE_REGRESSION,CORE_OHLCV_TECH,10,after the published official close for session t,close_t,close[t+h],close[t+h],price_point_forecast,absolute_error_index_points,predict close[t],TO_BE_FROZEN_AFTER_PPR4_SOURCE_ELIGIBILITY,false,NONE,3,PROPOSED_NOT_AUTHORIZED,PPR4_DATA_GATE_THEN_PPR5_CODE_GATE_THEN_PPR6_EXACT_SNAPSHOT_PASS
R011_EXTERNAL_MARKET_10S,R011,P02 | P04,NONE,ANN regressor,MLP_REGRESSION,PROJECT-ADAPTATION,price_regression,COMMON_CLOSE_REGRESSION,COMMON_CLOSE_REGRESSION,EXTERNAL_MARKET,10,after the published official close for session t,close_t,close[t+h],close[t+h],price_point_forecast,absolute_error_index_points,predict close[t],TO_BE_FROZEN_AFTER_PPR4_SOURCE_ELIGIBILITY,false,NONE,3,PROPOSED_NOT_AUTHORIZED,PPR4_DATA_GATE_THEN_PPR5_CODE_GATE_THEN_PPR6_EXACT_SNAPSHOT_PASS
R011_FLOWS_OPTIONS_10S,R011,P02 | P04,NONE,ANN regressor,MLP_REGRESSION,PROJECT-ADAPTATION,price_regression,COMMON_CLOSE_REGRESSION,COMMON_CLOSE_REGRESSION,FLOWS_OPTIONS,10,after the published official close for session t,close_t,close[t+h],close[t+h],price_point_forecast,absolute_error_index_points,predict close[t],TO_BE_FROZEN_AFTER_PPR4_SOURCE_ELIGIBILITY,false,NONE,3,PROPOSED_NOT_AUTHORIZED,PPR4_DATA_GATE_THEN_PPR5_CODE_GATE_THEN_PPR6_EXACT_SNAPSHOT_PASS
R011_TIMESTAMPED_SENTIMENT_FUSION_10S,R011,P02 | P04,NONE,ANN regressor,MLP_REGRESSION,PROJECT-ADAPTATION,price_regression,COMMON_CLOSE_REGRESSION,COMMON_CLOSE_REGRESSION,TIMESTAMPED_SENTIMENT_FUSION,10,after the published official close for session t,close_t,close[t+h],close[t+h],price_point_forecast,absolute_error_index_points,predict close[t],TO_BE_FROZEN_AFTER_PPR4_SOURCE_ELIGIBILITY,false,NONE,3,PROPOSED_NOT_AUTHORIZED,PPR4_DATA_GATE_THEN_PPR5_CODE_GATE_THEN_PPR6_EXACT_SNAPSHOT_PASS
R014_CORE_OHLCV_TECH_1S,R014,P04,NONE,Single-Layer Perceptron regressor,SLP_REGRESSION,PROJECT-ADAPTATION,price_regression,COMMON_CLOSE_REGRESSION,COMMON_CLOSE_REGRESSION,CORE_OHLCV_TECH,1,after the published official close for session t,close_t,close[t+h],close[t+h],price_point_forecast,absolute_error_index_points,predict close[t],TO_BE_FROZEN_AFTER_PPR4_SOURCE_ELIGIBILITY,false,NONE,3,PROPOSED_NOT_AUTHORIZED,PPR4_DATA_GATE_THEN_PPR5_CODE_GATE_THEN_PPR6_EXACT_SNAPSHOT_PASS
R014_EXTERNAL_MARKET_1S,R014,P04,NONE,Single-Layer Perceptron regressor,SLP_REGRESSION,PROJECT-ADAPTATION,price_regression,COMMON_CLOSE_REGRESSION,COMMON_CLOSE_REGRESSION,EXTERNAL_MARKET,1,after the published official close for session t,close_t,close[t+h],close[t+h],price_point_forecast,absolute_error_index_points,predict close[t],TO_BE_FROZEN_AFTER_PPR4_SOURCE_ELIGIBILITY,false,NONE,3,PROPOSED_NOT_AUTHORIZED,PPR4_DATA_GATE_THEN_PPR5_CODE_GATE_THEN_PPR6_EXACT_SNAPSHOT_PASS
R014_FLOWS_OPTIONS_1S,R014,P04,NONE,Single-Layer Perceptron regressor,SLP_REGRESSION,PROJECT-ADAPTATION,price_regression,COMMON_CLOSE_REGRESSION,COMMON_CLOSE_REGRESSION,FLOWS_OPTIONS,1,after the published official close for session t,close_t,close[t+h],close[t+h],price_point_forecast,absolute_error_index_points,predict close[t],TO_BE_FROZEN_AFTER_PPR4_SOURCE_ELIGIBILITY,false,NONE,3,PROPOSED_NOT_AUTHORIZED,PPR4_DATA_GATE_THEN_PPR5_CODE_GATE_THEN_PPR6_EXACT_SNAPSHOT_PASS
R014_TIMESTAMPED_SENTIMENT_FUSION_1S,R014,P04,NONE,Single-Layer Perceptron regressor,SLP_REGRESSION,PROJECT-ADAPTATION,price_regression,COMMON_CLOSE_REGRESSION,COMMON_CLOSE_REGRESSION,TIMESTAMPED_SENTIMENT_FUSION,1,after the published official close for session t,close_t,close[t+h],close[t+h],price_point_forecast,absolute_error_index_points,predict close[t],TO_BE_FROZEN_AFTER_PPR4_SOURCE_ELIGIBILITY,false,NONE,3,PROPOSED_NOT_AUTHORIZED,PPR4_DATA_GATE_THEN_PPR5_CODE_GATE_THEN_PPR6_EXACT_SNAPSHOT_PASS
R014_CORE_OHLCV_TECH_2S,R014,P04,NONE,Single-Layer Perceptron regressor,SLP_REGRESSION,PROJECT-ADAPTATION,price_regression,COMMON_CLOSE_REGRESSION,COMMON_CLOSE_REGRESSION,CORE_OHLCV_TECH,2,after the published official close for session t,close_t,close[t+h],close[t+h],price_point_forecast,absolute_error_index_points,predict close[t],TO_BE_FROZEN_AFTER_PPR4_SOURCE_ELIGIBILITY,false,NONE,3,PROPOSED_NOT_AUTHORIZED,PPR4_DATA_GATE_THEN_PPR5_CODE_GATE_THEN_PPR6_EXACT_SNAPSHOT_PASS
R014_EXTERNAL_MARKET_2S,R014,P04,NONE,Single-Layer Perceptron regressor,SLP_REGRESSION,PROJECT-ADAPTATION,price_regression,COMMON_CLOSE_REGRESSION,COMMON_CLOSE_REGRESSION,EXTERNAL_MARKET,2,after the published official close for session t,close_t,close[t+h],close[t+h],price_point_forecast,absolute_error_index_points,predict close[t],TO_BE_FROZEN_AFTER_PPR4_SOURCE_ELIGIBILITY,false,NONE,3,PROPOSED_NOT_AUTHORIZED,PPR4_DATA_GATE_THEN_PPR5_CODE_GATE_THEN_PPR6_EXACT_SNAPSHOT_PASS
R014_FLOWS_OPTIONS_2S,R014,P04,NONE,Single-Layer Perceptron regressor,SLP_REGRESSION,PROJECT-ADAPTATION,price_regression,COMMON_CLOSE_REGRESSION,COMMON_CLOSE_REGRESSION,FLOWS_OPTIONS,2,after the published official close for session t,close_t,close[t+h],close[t+h],price_point_forecast,absolute_error_index_points,predict close[t],TO_BE_FROZEN_AFTER_PPR4_SOURCE_ELIGIBILITY,false,NONE,3,PROPOSED_NOT_AUTHORIZED,PPR4_DATA_GATE_THEN_PPR5_CODE_GATE_THEN_PPR6_EXACT_SNAPSHOT_PASS
R014_TIMESTAMPED_SENTIMENT_FUSION_2S,R014,P04,NONE,Single-Layer Perceptron regressor,SLP_REGRESSION,PROJECT-ADAPTATION,price_regression,COMMON_CLOSE_REGRESSION,COMMON_CLOSE_REGRESSION,TIMESTAMPED_SENTIMENT_FUSION,2,after the published official close for session t,close_t,close[t+h],close[t+h],price_point_forecast,absolute_error_index_points,predict close[t],TO_BE_FROZEN_AFTER_PPR4_SOURCE_ELIGIBILITY,false,NONE,3,PROPOSED_NOT_AUTHORIZED,PPR4_DATA_GATE_THEN_PPR5_CODE_GATE_THEN_PPR6_EXACT_SNAPSHOT_PASS
R014_CORE_OHLCV_TECH_3S,R014,P04,NONE,Single-Layer Perceptron regressor,SLP_REGRESSION,PROJECT-ADAPTATION,price_regression,COMMON_CLOSE_REGRESSION,COMMON_CLOSE_REGRESSION,CORE_OHLCV_TECH,3,after the published official close for session t,close_t,close[t+h],close[t+h],price_point_forecast,absolute_error_index_points,predict close[t],TO_BE_FROZEN_AFTER_PPR4_SOURCE_ELIGIBILITY,false,NONE,3,PROPOSED_NOT_AUTHORIZED,PPR4_DATA_GATE_THEN_PPR5_CODE_GATE_THEN_PPR6_EXACT_SNAPSHOT_PASS
R014_EXTERNAL_MARKET_3S,R014,P04,NONE,Single-Layer Perceptron regressor,SLP_REGRESSION,PROJECT-ADAPTATION,price_regression,COMMON_CLOSE_REGRESSION,COMMON_CLOSE_REGRESSION,EXTERNAL_MARKET,3,after the published official close for session t,close_t,close[t+h],close[t+h],price_point_forecast,absolute_error_index_points,predict close[t],TO_BE_FROZEN_AFTER_PPR4_SOURCE_ELIGIBILITY,false,NONE,3,PROPOSED_NOT_AUTHORIZED,PPR4_DATA_GATE_THEN_PPR5_CODE_GATE_THEN_PPR6_EXACT_SNAPSHOT_PASS
R014_FLOWS_OPTIONS_3S,R014,P04,NONE,Single-Layer Perceptron regressor,SLP_REGRESSION,PROJECT-ADAPTATION,price_regression,COMMON_CLOSE_REGRESSION,COMMON_CLOSE_REGRESSION,FLOWS_OPTIONS,3,after the published official close for session t,close_t,close[t+h],close[t+h],price_point_forecast,absolute_error_index_points,predict close[t],TO_BE_FROZEN_AFTER_PPR4_SOURCE_ELIGIBILITY,false,NONE,3,PROPOSED_NOT_AUTHORIZED,PPR4_DATA_GATE_THEN_PPR5_CODE_GATE_THEN_PPR6_EXACT_SNAPSHOT_PASS
R014_TIMESTAMPED_SENTIMENT_FUSION_3S,R014,P04,NONE,Single-Layer Perceptron regressor,SLP_REGRESSION,PROJECT-ADAPTATION,price_regression,COMMON_CLOSE_REGRESSION,COMMON_CLOSE_REGRESSION,TIMESTAMPED_SENTIMENT_FUSION,3,after the published official close for session t,close_t,close[t+h],close[t+h],price_point_forecast,absolute_error_index_points,predict close[t],TO_BE_FROZEN_AFTER_PPR4_SOURCE_ELIGIBILITY,false,NONE,3,PROPOSED_NOT_AUTHORIZED,PPR4_DATA_GATE_THEN_PPR5_CODE_GATE_THEN_PPR6_EXACT_SNAPSHOT_PASS
R014_CORE_OHLCV_TECH_5S,R014,P04,NONE,Single-Layer Perceptron regressor,SLP_REGRESSION,PROJECT-ADAPTATION,price_regression,COMMON_CLOSE_REGRESSION,COMMON_CLOSE_REGRESSION,CORE_OHLCV_TECH,5,after the published official close for session t,close_t,close[t+h],close[t+h],price_point_forecast,absolute_error_index_points,predict close[t],TO_BE_FROZEN_AFTER_PPR4_SOURCE_ELIGIBILITY,false,NONE,3,PROPOSED_NOT_AUTHORIZED,PPR4_DATA_GATE_THEN_PPR5_CODE_GATE_THEN_PPR6_EXACT_SNAPSHOT_PASS
R014_EXTERNAL_MARKET_5S,R014,P04,NONE,Single-Layer Perceptron regressor,SLP_REGRESSION,PROJECT-ADAPTATION,price_regression,COMMON_CLOSE_REGRESSION,COMMON_CLOSE_REGRESSION,EXTERNAL_MARKET,5,after the published official close for session t,close_t,close[t+h],close[t+h],price_point_forecast,absolute_error_index_points,predict close[t],TO_BE_FROZEN_AFTER_PPR4_SOURCE_ELIGIBILITY,false,NONE,3,PROPOSED_NOT_AUTHORIZED,PPR4_DATA_GATE_THEN_PPR5_CODE_GATE_THEN_PPR6_EXACT_SNAPSHOT_PASS
R014_FLOWS_OPTIONS_5S,R014,P04,NONE,Single-Layer Perceptron regressor,SLP_REGRESSION,PROJECT-ADAPTATION,price_regression,COMMON_CLOSE_REGRESSION,COMMON_CLOSE_REGRESSION,FLOWS_OPTIONS,5,after the published official close for session t,close_t,close[t+h],close[t+h],price_point_forecast,absolute_error_index_points,predict close[t],TO_BE_FROZEN_AFTER_PPR4_SOURCE_ELIGIBILITY,false,NONE,3,PROPOSED_NOT_AUTHORIZED,PPR4_DATA_GATE_THEN_PPR5_CODE_GATE_THEN_PPR6_EXACT_SNAPSHOT_PASS
R014_TIMESTAMPED_SENTIMENT_FUSION_5S,R014,P04,NONE,Single-Layer Perceptron regressor,SLP_REGRESSION,PROJECT-ADAPTATION,price_regression,COMMON_CLOSE_REGRESSION,COMMON_CLOSE_REGRESSION,TIMESTAMPED_SENTIMENT_FUSION,5,after the published official close for session t,close_t,close[t+h],close[t+h],price_point_forecast,absolute_error_index_points,predict close[t],TO_BE_FROZEN_AFTER_PPR4_SOURCE_ELIGIBILITY,false,NONE,3,PROPOSED_NOT_AUTHORIZED,PPR4_DATA_GATE_THEN_PPR5_CODE_GATE_THEN_PPR6_EXACT_SNAPSHOT_PASS
R014_CORE_OHLCV_TECH_10S,R014,P04,NONE,Single-Layer Perceptron regressor,SLP_REGRESSION,PROJECT-ADAPTATION,price_regression,COMMON_CLOSE_REGRESSION,COMMON_CLOSE_REGRESSION,CORE_OHLCV_TECH,10,after the published official close for session t,close_t,close[t+h],close[t+h],price_point_forecast,absolute_error_index_points,predict close[t],TO_BE_FROZEN_AFTER_PPR4_SOURCE_ELIGIBILITY,false,NONE,3,PROPOSED_NOT_AUTHORIZED,PPR4_DATA_GATE_THEN_PPR5_CODE_GATE_THEN_PPR6_EXACT_SNAPSHOT_PASS
R014_EXTERNAL_MARKET_10S,R014,P04,NONE,Single-Layer Perceptron regressor,SLP_REGRESSION,PROJECT-ADAPTATION,price_regression,COMMON_CLOSE_REGRESSION,COMMON_CLOSE_REGRESSION,EXTERNAL_MARKET,10,after the published official close for session t,close_t,close[t+h],close[t+h],price_point_forecast,absolute_error_index_points,predict close[t],TO_BE_FROZEN_AFTER_PPR4_SOURCE_ELIGIBILITY,false,NONE,3,PROPOSED_NOT_AUTHORIZED,PPR4_DATA_GATE_THEN_PPR5_CODE_GATE_THEN_PPR6_EXACT_SNAPSHOT_PASS
R014_FLOWS_OPTIONS_10S,R014,P04,NONE,Single-Layer Perceptron regressor,SLP_REGRESSION,PROJECT-ADAPTATION,price_regression,COMMON_CLOSE_REGRESSION,COMMON_CLOSE_REGRESSION,FLOWS_OPTIONS,10,after the published official close for session t,close_t,close[t+h],close[t+h],price_point_forecast,absolute_error_index_points,predict close[t],TO_BE_FROZEN_AFTER_PPR4_SOURCE_ELIGIBILITY,false,NONE,3,PROPOSED_NOT_AUTHORIZED,PPR4_DATA_GATE_THEN_PPR5_CODE_GATE_THEN_PPR6_EXACT_SNAPSHOT_PASS
R014_TIMESTAMPED_SENTIMENT_FUSION_10S,R014,P04,NONE,Single-Layer Perceptron regressor,SLP_REGRESSION,PROJECT-ADAPTATION,price_regression,COMMON_CLOSE_REGRESSION,COMMON_CLOSE_REGRESSION,TIMESTAMPED_SENTIMENT_FUSION,10,after the published official close for session t,close_t,close[t+h],close[t+h],price_point_forecast,absolute_error_index_points,predict close[t],TO_BE_FROZEN_AFTER_PPR4_SOURCE_ELIGIBILITY,false,NONE,3,PROPOSED_NOT_AUTHORIZED,PPR4_DATA_GATE_THEN_PPR5_CODE_GATE_THEN_PPR6_EXACT_SNAPSHOT_PASS
R016_CORE_OHLCV_TECH_1S,R016,P04,NONE,Radial Basis Function network regressor,RBF_NETWORK_REGRESSION,PROJECT-ADAPTATION,price_regression,COMMON_CLOSE_REGRESSION,COMMON_CLOSE_REGRESSION,CORE_OHLCV_TECH,1,after the published official close for session t,close_t,close[t+h],close[t+h],price_point_forecast,absolute_error_index_points,predict close[t],TO_BE_FROZEN_AFTER_PPR4_SOURCE_ELIGIBILITY,false,NONE,3,PROPOSED_NOT_AUTHORIZED,PPR4_DATA_GATE_THEN_PPR5_CODE_GATE_THEN_PPR6_EXACT_SNAPSHOT_PASS
R016_EXTERNAL_MARKET_1S,R016,P04,NONE,Radial Basis Function network regressor,RBF_NETWORK_REGRESSION,PROJECT-ADAPTATION,price_regression,COMMON_CLOSE_REGRESSION,COMMON_CLOSE_REGRESSION,EXTERNAL_MARKET,1,after the published official close for session t,close_t,close[t+h],close[t+h],price_point_forecast,absolute_error_index_points,predict close[t],TO_BE_FROZEN_AFTER_PPR4_SOURCE_ELIGIBILITY,false,NONE,3,PROPOSED_NOT_AUTHORIZED,PPR4_DATA_GATE_THEN_PPR5_CODE_GATE_THEN_PPR6_EXACT_SNAPSHOT_PASS
R016_FLOWS_OPTIONS_1S,R016,P04,NONE,Radial Basis Function network regressor,RBF_NETWORK_REGRESSION,PROJECT-ADAPTATION,price_regression,COMMON_CLOSE_REGRESSION,COMMON_CLOSE_REGRESSION,FLOWS_OPTIONS,1,after the published official close for session t,close_t,close[t+h],close[t+h],price_point_forecast,absolute_error_index_points,predict close[t],TO_BE_FROZEN_AFTER_PPR4_SOURCE_ELIGIBILITY,false,NONE,3,PROPOSED_NOT_AUTHORIZED,PPR4_DATA_GATE_THEN_PPR5_CODE_GATE_THEN_PPR6_EXACT_SNAPSHOT_PASS
R016_TIMESTAMPED_SENTIMENT_FUSION_1S,R016,P04,NONE,Radial Basis Function network regressor,RBF_NETWORK_REGRESSION,PROJECT-ADAPTATION,price_regression,COMMON_CLOSE_REGRESSION,COMMON_CLOSE_REGRESSION,TIMESTAMPED_SENTIMENT_FUSION,1,after the published official close for session t,close_t,close[t+h],close[t+h],price_point_forecast,absolute_error_index_points,predict close[t],TO_BE_FROZEN_AFTER_PPR4_SOURCE_ELIGIBILITY,false,NONE,3,PROPOSED_NOT_AUTHORIZED,PPR4_DATA_GATE_THEN_PPR5_CODE_GATE_THEN_PPR6_EXACT_SNAPSHOT_PASS
R016_CORE_OHLCV_TECH_2S,R016,P04,NONE,Radial Basis Function network regressor,RBF_NETWORK_REGRESSION,PROJECT-ADAPTATION,price_regression,COMMON_CLOSE_REGRESSION,COMMON_CLOSE_REGRESSION,CORE_OHLCV_TECH,2,after the published official close for session t,close_t,close[t+h],close[t+h],price_point_forecast,absolute_error_index_points,predict close[t],TO_BE_FROZEN_AFTER_PPR4_SOURCE_ELIGIBILITY,false,NONE,3,PROPOSED_NOT_AUTHORIZED,PPR4_DATA_GATE_THEN_PPR5_CODE_GATE_THEN_PPR6_EXACT_SNAPSHOT_PASS
R016_EXTERNAL_MARKET_2S,R016,P04,NONE,Radial Basis Function network regressor,RBF_NETWORK_REGRESSION,PROJECT-ADAPTATION,price_regression,COMMON_CLOSE_REGRESSION,COMMON_CLOSE_REGRESSION,EXTERNAL_MARKET,2,after the published official close for session t,close_t,close[t+h],close[t+h],price_point_forecast,absolute_error_index_points,predict close[t],TO_BE_FROZEN_AFTER_PPR4_SOURCE_ELIGIBILITY,false,NONE,3,PROPOSED_NOT_AUTHORIZED,PPR4_DATA_GATE_THEN_PPR5_CODE_GATE_THEN_PPR6_EXACT_SNAPSHOT_PASS
R016_FLOWS_OPTIONS_2S,R016,P04,NONE,Radial Basis Function network regressor,RBF_NETWORK_REGRESSION,PROJECT-ADAPTATION,price_regression,COMMON_CLOSE_REGRESSION,COMMON_CLOSE_REGRESSION,FLOWS_OPTIONS,2,after the published official close for session t,close_t,close[t+h],close[t+h],price_point_forecast,absolute_error_index_points,predict close[t],TO_BE_FROZEN_AFTER_PPR4_SOURCE_ELIGIBILITY,false,NONE,3,PROPOSED_NOT_AUTHORIZED,PPR4_DATA_GATE_THEN_PPR5_CODE_GATE_THEN_PPR6_EXACT_SNAPSHOT_PASS
R016_TIMESTAMPED_SENTIMENT_FUSION_2S,R016,P04,NONE,Radial Basis Function network regressor,RBF_NETWORK_REGRESSION,PROJECT-ADAPTATION,price_regression,COMMON_CLOSE_REGRESSION,COMMON_CLOSE_REGRESSION,TIMESTAMPED_SENTIMENT_FUSION,2,after the published official close for session t,close_t,close[t+h],close[t+h],price_point_forecast,absolute_error_index_points,predict close[t],TO_BE_FROZEN_AFTER_PPR4_SOURCE_ELIGIBILITY,false,NONE,3,PROPOSED_NOT_AUTHORIZED,PPR4_DATA_GATE_THEN_PPR5_CODE_GATE_THEN_PPR6_EXACT_SNAPSHOT_PASS
R016_CORE_OHLCV_TECH_3S,R016,P04,NONE,Radial Basis Function network regressor,RBF_NETWORK_REGRESSION,PROJECT-ADAPTATION,price_regression,COMMON_CLOSE_REGRESSION,COMMON_CLOSE_REGRESSION,CORE_OHLCV_TECH,3,after the published official close for session t,close_t,close[t+h],close[t+h],price_point_forecast,absolute_error_index_points,predict close[t],TO_BE_FROZEN_AFTER_PPR4_SOURCE_ELIGIBILITY,false,NONE,3,PROPOSED_NOT_AUTHORIZED,PPR4_DATA_GATE_THEN_PPR5_CODE_GATE_THEN_PPR6_EXACT_SNAPSHOT_PASS
R016_EXTERNAL_MARKET_3S,R016,P04,NONE,Radial Basis Function network regressor,RBF_NETWORK_REGRESSION,PROJECT-ADAPTATION,price_regression,COMMON_CLOSE_REGRESSION,COMMON_CLOSE_REGRESSION,EXTERNAL_MARKET,3,after the published official close for session t,close_t,close[t+h],close[t+h],price_point_forecast,absolute_error_index_points,predict close[t],TO_BE_FROZEN_AFTER_PPR4_SOURCE_ELIGIBILITY,false,NONE,3,PROPOSED_NOT_AUTHORIZED,PPR4_DATA_GATE_THEN_PPR5_CODE_GATE_THEN_PPR6_EXACT_SNAPSHOT_PASS
R016_FLOWS_OPTIONS_3S,R016,P04,NONE,Radial Basis Function network regressor,RBF_NETWORK_REGRESSION,PROJECT-ADAPTATION,price_regression,COMMON_CLOSE_REGRESSION,COMMON_CLOSE_REGRESSION,FLOWS_OPTIONS,3,after the published official close for session t,close_t,close[t+h],close[t+h],price_point_forecast,absolute_error_index_points,predict close[t],TO_BE_FROZEN_AFTER_PPR4_SOURCE_ELIGIBILITY,false,NONE,3,PROPOSED_NOT_AUTHORIZED,PPR4_DATA_GATE_THEN_PPR5_CODE_GATE_THEN_PPR6_EXACT_SNAPSHOT_PASS
R016_TIMESTAMPED_SENTIMENT_FUSION_3S,R016,P04,NONE,Radial Basis Function network regressor,RBF_NETWORK_REGRESSION,PROJECT-ADAPTATION,price_regression,COMMON_CLOSE_REGRESSION,COMMON_CLOSE_REGRESSION,TIMESTAMPED_SENTIMENT_FUSION,3,after the published official close for session t,close_t,close[t+h],close[t+h],price_point_forecast,absolute_error_index_points,predict close[t],TO_BE_FROZEN_AFTER_PPR4_SOURCE_ELIGIBILITY,false,NONE,3,PROPOSED_NOT_AUTHORIZED,PPR4_DATA_GATE_THEN_PPR5_CODE_GATE_THEN_PPR6_EXACT_SNAPSHOT_PASS
R016_CORE_OHLCV_TECH_5S,R016,P04,NONE,Radial Basis Function network regressor,RBF_NETWORK_REGRESSION,PROJECT-ADAPTATION,price_regression,COMMON_CLOSE_REGRESSION,COMMON_CLOSE_REGRESSION,CORE_OHLCV_TECH,5,after the published official close for session t,close_t,close[t+h],close[t+h],price_point_forecast,absolute_error_index_points,predict close[t],TO_BE_FROZEN_AFTER_PPR4_SOURCE_ELIGIBILITY,false,NONE,3,PROPOSED_NOT_AUTHORIZED,PPR4_DATA_GATE_THEN_PPR5_CODE_GATE_THEN_PPR6_EXACT_SNAPSHOT_PASS
R016_EXTERNAL_MARKET_5S,R016,P04,NONE,Radial Basis Function network regressor,RBF_NETWORK_REGRESSION,PROJECT-ADAPTATION,price_regression,COMMON_CLOSE_REGRESSION,COMMON_CLOSE_REGRESSION,EXTERNAL_MARKET,5,after the published official close for session t,close_t,close[t+h],close[t+h],price_point_forecast,absolute_error_index_points,predict close[t],TO_BE_FROZEN_AFTER_PPR4_SOURCE_ELIGIBILITY,false,NONE,3,PROPOSED_NOT_AUTHORIZED,PPR4_DATA_GATE_THEN_PPR5_CODE_GATE_THEN_PPR6_EXACT_SNAPSHOT_PASS
R016_FLOWS_OPTIONS_5S,R016,P04,NONE,Radial Basis Function network regressor,RBF_NETWORK_REGRESSION,PROJECT-ADAPTATION,price_regression,COMMON_CLOSE_REGRESSION,COMMON_CLOSE_REGRESSION,FLOWS_OPTIONS,5,after the published official close for session t,close_t,close[t+h],close[t+h],price_point_forecast,absolute_error_index_points,predict close[t],TO_BE_FROZEN_AFTER_PPR4_SOURCE_ELIGIBILITY,false,NONE,3,PROPOSED_NOT_AUTHORIZED,PPR4_DATA_GATE_THEN_PPR5_CODE_GATE_THEN_PPR6_EXACT_SNAPSHOT_PASS
R016_TIMESTAMPED_SENTIMENT_FUSION_5S,R016,P04,NONE,Radial Basis Function network regressor,RBF_NETWORK_REGRESSION,PROJECT-ADAPTATION,price_regression,COMMON_CLOSE_REGRESSION,COMMON_CLOSE_REGRESSION,TIMESTAMPED_SENTIMENT_FUSION,5,after the published official close for session t,close_t,close[t+h],close[t+h],price_point_forecast,absolute_error_index_points,predict close[t],TO_BE_FROZEN_AFTER_PPR4_SOURCE_ELIGIBILITY,false,NONE,3,PROPOSED_NOT_AUTHORIZED,PPR4_DATA_GATE_THEN_PPR5_CODE_GATE_THEN_PPR6_EXACT_SNAPSHOT_PASS
R016_CORE_OHLCV_TECH_10S,R016,P04,NONE,Radial Basis Function network regressor,RBF_NETWORK_REGRESSION,PROJECT-ADAPTATION,price_regression,COMMON_CLOSE_REGRESSION,COMMON_CLOSE_REGRESSION,CORE_OHLCV_TECH,10,after the published official close for session t,close_t,close[t+h],close[t+h],price_point_forecast,absolute_error_index_points,predict close[t],TO_BE_FROZEN_AFTER_PPR4_SOURCE_ELIGIBILITY,false,NONE,3,PROPOSED_NOT_AUTHORIZED,PPR4_DATA_GATE_THEN_PPR5_CODE_GATE_THEN_PPR6_EXACT_SNAPSHOT_PASS
R016_EXTERNAL_MARKET_10S,R016,P04,NONE,Radial Basis Function network regressor,RBF_NETWORK_REGRESSION,PROJECT-ADAPTATION,price_regression,COMMON_CLOSE_REGRESSION,COMMON_CLOSE_REGRESSION,EXTERNAL_MARKET,10,after the published official close for session t,close_t,close[t+h],close[t+h],price_point_forecast,absolute_error_index_points,predict close[t],TO_BE_FROZEN_AFTER_PPR4_SOURCE_ELIGIBILITY,false,NONE,3,PROPOSED_NOT_AUTHORIZED,PPR4_DATA_GATE_THEN_PPR5_CODE_GATE_THEN_PPR6_EXACT_SNAPSHOT_PASS
R016_FLOWS_OPTIONS_10S,R016,P04,NONE,Radial Basis Function network regressor,RBF_NETWORK_REGRESSION,PROJECT-ADAPTATION,price_regression,COMMON_CLOSE_REGRESSION,COMMON_CLOSE_REGRESSION,FLOWS_OPTIONS,10,after the published official close for session t,close_t,close[t+h],close[t+h],price_point_forecast,absolute_error_index_points,predict close[t],TO_BE_FROZEN_AFTER_PPR4_SOURCE_ELIGIBILITY,false,NONE,3,PROPOSED_NOT_AUTHORIZED,PPR4_DATA_GATE_THEN_PPR5_CODE_GATE_THEN_PPR6_EXACT_SNAPSHOT_PASS
R016_TIMESTAMPED_SENTIMENT_FUSION_10S,R016,P04,NONE,Radial Basis Function network regressor,RBF_NETWORK_REGRESSION,PROJECT-ADAPTATION,price_regression,COMMON_CLOSE_REGRESSION,COMMON_CLOSE_REGRESSION,TIMESTAMPED_SENTIMENT_FUSION,10,after the published official close for session t,close_t,close[t+h],close[t+h],price_point_forecast,absolute_error_index_points,predict close[t],TO_BE_FROZEN_AFTER_PPR4_SOURCE_ELIGIBILITY,false,NONE,3,PROPOSED_NOT_AUTHORIZED,PPR4_DATA_GATE_THEN_PPR5_CODE_GATE_THEN_PPR6_EXACT_SNAPSHOT_PASS
R019_CORE_OHLCV_TECH_1S,R019,P05,NONE,Lasso regression,LASSO_REGRESSION,PROJECT-ADAPTATION,price_regression,COMMON_CLOSE_REGRESSION,COMMON_CLOSE_REGRESSION,CORE_OHLCV_TECH,1,after the published official close for session t,close_t,close[t+h],close[t+h],price_point_forecast,absolute_error_index_points,predict close[t],TO_BE_FROZEN_AFTER_PPR4_SOURCE_ELIGIBILITY,false,NONE,3,PROPOSED_NOT_AUTHORIZED,PPR4_DATA_GATE_THEN_PPR5_CODE_GATE_THEN_PPR6_EXACT_SNAPSHOT_PASS
R019_EXTERNAL_MARKET_1S,R019,P05,NONE,Lasso regression,LASSO_REGRESSION,PROJECT-ADAPTATION,price_regression,COMMON_CLOSE_REGRESSION,COMMON_CLOSE_REGRESSION,EXTERNAL_MARKET,1,after the published official close for session t,close_t,close[t+h],close[t+h],price_point_forecast,absolute_error_index_points,predict close[t],TO_BE_FROZEN_AFTER_PPR4_SOURCE_ELIGIBILITY,false,NONE,3,PROPOSED_NOT_AUTHORIZED,PPR4_DATA_GATE_THEN_PPR5_CODE_GATE_THEN_PPR6_EXACT_SNAPSHOT_PASS
R019_FLOWS_OPTIONS_1S,R019,P05,NONE,Lasso regression,LASSO_REGRESSION,PROJECT-ADAPTATION,price_regression,COMMON_CLOSE_REGRESSION,COMMON_CLOSE_REGRESSION,FLOWS_OPTIONS,1,after the published official close for session t,close_t,close[t+h],close[t+h],price_point_forecast,absolute_error_index_points,predict close[t],TO_BE_FROZEN_AFTER_PPR4_SOURCE_ELIGIBILITY,false,NONE,3,PROPOSED_NOT_AUTHORIZED,PPR4_DATA_GATE_THEN_PPR5_CODE_GATE_THEN_PPR6_EXACT_SNAPSHOT_PASS
R019_TIMESTAMPED_SENTIMENT_FUSION_1S,R019,P05,NONE,Lasso regression,LASSO_REGRESSION,PROJECT-ADAPTATION,price_regression,COMMON_CLOSE_REGRESSION,COMMON_CLOSE_REGRESSION,TIMESTAMPED_SENTIMENT_FUSION,1,after the published official close for session t,close_t,close[t+h],close[t+h],price_point_forecast,absolute_error_index_points,predict close[t],TO_BE_FROZEN_AFTER_PPR4_SOURCE_ELIGIBILITY,false,NONE,3,PROPOSED_NOT_AUTHORIZED,PPR4_DATA_GATE_THEN_PPR5_CODE_GATE_THEN_PPR6_EXACT_SNAPSHOT_PASS
R019_CORE_OHLCV_TECH_2S,R019,P05,NONE,Lasso regression,LASSO_REGRESSION,PROJECT-ADAPTATION,price_regression,COMMON_CLOSE_REGRESSION,COMMON_CLOSE_REGRESSION,CORE_OHLCV_TECH,2,after the published official close for session t,close_t,close[t+h],close[t+h],price_point_forecast,absolute_error_index_points,predict close[t],TO_BE_FROZEN_AFTER_PPR4_SOURCE_ELIGIBILITY,false,NONE,3,PROPOSED_NOT_AUTHORIZED,PPR4_DATA_GATE_THEN_PPR5_CODE_GATE_THEN_PPR6_EXACT_SNAPSHOT_PASS
R019_EXTERNAL_MARKET_2S,R019,P05,NONE,Lasso regression,LASSO_REGRESSION,PROJECT-ADAPTATION,price_regression,COMMON_CLOSE_REGRESSION,COMMON_CLOSE_REGRESSION,EXTERNAL_MARKET,2,after the published official close for session t,close_t,close[t+h],close[t+h],price_point_forecast,absolute_error_index_points,predict close[t],TO_BE_FROZEN_AFTER_PPR4_SOURCE_ELIGIBILITY,false,NONE,3,PROPOSED_NOT_AUTHORIZED,PPR4_DATA_GATE_THEN_PPR5_CODE_GATE_THEN_PPR6_EXACT_SNAPSHOT_PASS
R019_FLOWS_OPTIONS_2S,R019,P05,NONE,Lasso regression,LASSO_REGRESSION,PROJECT-ADAPTATION,price_regression,COMMON_CLOSE_REGRESSION,COMMON_CLOSE_REGRESSION,FLOWS_OPTIONS,2,after the published official close for session t,close_t,close[t+h],close[t+h],price_point_forecast,absolute_error_index_points,predict close[t],TO_BE_FROZEN_AFTER_PPR4_SOURCE_ELIGIBILITY,false,NONE,3,PROPOSED_NOT_AUTHORIZED,PPR4_DATA_GATE_THEN_PPR5_CODE_GATE_THEN_PPR6_EXACT_SNAPSHOT_PASS
R019_TIMESTAMPED_SENTIMENT_FUSION_2S,R019,P05,NONE,Lasso regression,LASSO_REGRESSION,PROJECT-ADAPTATION,price_regression,COMMON_CLOSE_REGRESSION,COMMON_CLOSE_REGRESSION,TIMESTAMPED_SENTIMENT_FUSION,2,after the published official close for session t,close_t,close[t+h],close[t+h],price_point_forecast,absolute_error_index_points,predict close[t],TO_BE_FROZEN_AFTER_PPR4_SOURCE_ELIGIBILITY,false,NONE,3,PROPOSED_NOT_AUTHORIZED,PPR4_DATA_GATE_THEN_PPR5_CODE_GATE_THEN_PPR6_EXACT_SNAPSHOT_PASS
R019_CORE_OHLCV_TECH_3S,R019,P05,NONE,Lasso regression,LASSO_REGRESSION,PROJECT-ADAPTATION,price_regression,COMMON_CLOSE_REGRESSION,COMMON_CLOSE_REGRESSION,CORE_OHLCV_TECH,3,after the published official close for session t,close_t,close[t+h],close[t+h],price_point_forecast,absolute_error_index_points,predict close[t],TO_BE_FROZEN_AFTER_PPR4_SOURCE_ELIGIBILITY,false,NONE,3,PROPOSED_NOT_AUTHORIZED,PPR4_DATA_GATE_THEN_PPR5_CODE_GATE_THEN_PPR6_EXACT_SNAPSHOT_PASS
R019_EXTERNAL_MARKET_3S,R019,P05,NONE,Lasso regression,LASSO_REGRESSION,PROJECT-ADAPTATION,price_regression,COMMON_CLOSE_REGRESSION,COMMON_CLOSE_REGRESSION,EXTERNAL_MARKET,3,after the published official close for session t,close_t,close[t+h],close[t+h],price_point_forecast,absolute_error_index_points,predict close[t],TO_BE_FROZEN_AFTER_PPR4_SOURCE_ELIGIBILITY,false,NONE,3,PROPOSED_NOT_AUTHORIZED,PPR4_DATA_GATE_THEN_PPR5_CODE_GATE_THEN_PPR6_EXACT_SNAPSHOT_PASS
R019_FLOWS_OPTIONS_3S,R019,P05,NONE,Lasso regression,LASSO_REGRESSION,PROJECT-ADAPTATION,price_regression,COMMON_CLOSE_REGRESSION,COMMON_CLOSE_REGRESSION,FLOWS_OPTIONS,3,after the published official close for session t,close_t,close[t+h],close[t+h],price_point_forecast,absolute_error_index_points,predict close[t],TO_BE_FROZEN_AFTER_PPR4_SOURCE_ELIGIBILITY,false,NONE,3,PROPOSED_NOT_AUTHORIZED,PPR4_DATA_GATE_THEN_PPR5_CODE_GATE_THEN_PPR6_EXACT_SNAPSHOT_PASS
R019_TIMESTAMPED_SENTIMENT_FUSION_3S,R019,P05,NONE,Lasso regression,LASSO_REGRESSION,PROJECT-ADAPTATION,price_regression,COMMON_CLOSE_REGRESSION,COMMON_CLOSE_REGRESSION,TIMESTAMPED_SENTIMENT_FUSION,3,after the published official close for session t,close_t,close[t+h],close[t+h],price_point_forecast,absolute_error_index_points,predict close[t],TO_BE_FROZEN_AFTER_PPR4_SOURCE_ELIGIBILITY,false,NONE,3,PROPOSED_NOT_AUTHORIZED,PPR4_DATA_GATE_THEN_PPR5_CODE_GATE_THEN_PPR6_EXACT_SNAPSHOT_PASS
R019_CORE_OHLCV_TECH_5S,R019,P05,NONE,Lasso regression,LASSO_REGRESSION,PROJECT-ADAPTATION,price_regression,COMMON_CLOSE_REGRESSION,COMMON_CLOSE_REGRESSION,CORE_OHLCV_TECH,5,after the published official close for session t,close_t,close[t+h],close[t+h],price_point_forecast,absolute_error_index_points,predict close[t],TO_BE_FROZEN_AFTER_PPR4_SOURCE_ELIGIBILITY,false,NONE,3,PROPOSED_NOT_AUTHORIZED,PPR4_DATA_GATE_THEN_PPR5_CODE_GATE_THEN_PPR6_EXACT_SNAPSHOT_PASS
R019_EXTERNAL_MARKET_5S,R019,P05,NONE,Lasso regression,LASSO_REGRESSION,PROJECT-ADAPTATION,price_regression,COMMON_CLOSE_REGRESSION,COMMON_CLOSE_REGRESSION,EXTERNAL_MARKET,5,after the published official close for session t,close_t,close[t+h],close[t+h],price_point_forecast,absolute_error_index_points,predict close[t],TO_BE_FROZEN_AFTER_PPR4_SOURCE_ELIGIBILITY,false,NONE,3,PROPOSED_NOT_AUTHORIZED,PPR4_DATA_GATE_THEN_PPR5_CODE_GATE_THEN_PPR6_EXACT_SNAPSHOT_PASS
R019_FLOWS_OPTIONS_5S,R019,P05,NONE,Lasso regression,LASSO_REGRESSION,PROJECT-ADAPTATION,price_regression,COMMON_CLOSE_REGRESSION,COMMON_CLOSE_REGRESSION,FLOWS_OPTIONS,5,after the published official close for session t,close_t,close[t+h],close[t+h],price_point_forecast,absolute_error_index_points,predict close[t],TO_BE_FROZEN_AFTER_PPR4_SOURCE_ELIGIBILITY,false,NONE,3,PROPOSED_NOT_AUTHORIZED,PPR4_DATA_GATE_THEN_PPR5_CODE_GATE_THEN_PPR6_EXACT_SNAPSHOT_PASS
R019_TIMESTAMPED_SENTIMENT_FUSION_5S,R019,P05,NONE,Lasso regression,LASSO_REGRESSION,PROJECT-ADAPTATION,price_regression,COMMON_CLOSE_REGRESSION,COMMON_CLOSE_REGRESSION,TIMESTAMPED_SENTIMENT_FUSION,5,after the published official close for session t,close_t,close[t+h],close[t+h],price_point_forecast,absolute_error_index_points,predict close[t],TO_BE_FROZEN_AFTER_PPR4_SOURCE_ELIGIBILITY,false,NONE,3,PROPOSED_NOT_AUTHORIZED,PPR4_DATA_GATE_THEN_PPR5_CODE_GATE_THEN_PPR6_EXACT_SNAPSHOT_PASS
R019_CORE_OHLCV_TECH_10S,R019,P05,NONE,Lasso regression,LASSO_REGRESSION,PROJECT-ADAPTATION,price_regression,COMMON_CLOSE_REGRESSION,COMMON_CLOSE_REGRESSION,CORE_OHLCV_TECH,10,after the published official close for session t,close_t,close[t+h],close[t+h],price_point_forecast,absolute_error_index_points,predict close[t],TO_BE_FROZEN_AFTER_PPR4_SOURCE_ELIGIBILITY,false,NONE,3,PROPOSED_NOT_AUTHORIZED,PPR4_DATA_GATE_THEN_PPR5_CODE_GATE_THEN_PPR6_EXACT_SNAPSHOT_PASS
R019_EXTERNAL_MARKET_10S,R019,P05,NONE,Lasso regression,LASSO_REGRESSION,PROJECT-ADAPTATION,price_regression,COMMON_CLOSE_REGRESSION,COMMON_CLOSE_REGRESSION,EXTERNAL_MARKET,10,after the published official close for session t,close_t,close[t+h],close[t+h],price_point_forecast,absolute_error_index_points,predict close[t],TO_BE_FROZEN_AFTER_PPR4_SOURCE_ELIGIBILITY,false,NONE,3,PROPOSED_NOT_AUTHORIZED,PPR4_DATA_GATE_THEN_PPR5_CODE_GATE_THEN_PPR6_EXACT_SNAPSHOT_PASS
R019_FLOWS_OPTIONS_10S,R019,P05,NONE,Lasso regression,LASSO_REGRESSION,PROJECT-ADAPTATION,price_regression,COMMON_CLOSE_REGRESSION,COMMON_CLOSE_REGRESSION,FLOWS_OPTIONS,10,after the published official close for session t,close_t,close[t+h],close[t+h],price_point_forecast,absolute_error_index_points,predict close[t],TO_BE_FROZEN_AFTER_PPR4_SOURCE_ELIGIBILITY,false,NONE,3,PROPOSED_NOT_AUTHORIZED,PPR4_DATA_GATE_THEN_PPR5_CODE_GATE_THEN_PPR6_EXACT_SNAPSHOT_PASS
R019_TIMESTAMPED_SENTIMENT_FUSION_10S,R019,P05,NONE,Lasso regression,LASSO_REGRESSION,PROJECT-ADAPTATION,price_regression,COMMON_CLOSE_REGRESSION,COMMON_CLOSE_REGRESSION,TIMESTAMPED_SENTIMENT_FUSION,10,after the published official close for session t,close_t,close[t+h],close[t+h],price_point_forecast,absolute_error_index_points,predict close[t],TO_BE_FROZEN_AFTER_PPR4_SOURCE_ELIGIBILITY,false,NONE,3,PROPOSED_NOT_AUTHORIZED,PPR4_DATA_GATE_THEN_PPR5_CODE_GATE_THEN_PPR6_EXACT_SNAPSHOT_PASS
R020_CORE_OHLCV_TECH_1S,R020,P05,NONE,Ridge regression,RIDGE_REGRESSION,PROJECT-ADAPTATION,price_regression,COMMON_CLOSE_REGRESSION,COMMON_CLOSE_REGRESSION,CORE_OHLCV_TECH,1,after the published official close for session t,close_t,close[t+h],close[t+h],price_point_forecast,absolute_error_index_points,predict close[t],TO_BE_FROZEN_AFTER_PPR4_SOURCE_ELIGIBILITY,false,NONE,3,PROPOSED_NOT_AUTHORIZED,PPR4_DATA_GATE_THEN_PPR5_CODE_GATE_THEN_PPR6_EXACT_SNAPSHOT_PASS
R020_EXTERNAL_MARKET_1S,R020,P05,NONE,Ridge regression,RIDGE_REGRESSION,PROJECT-ADAPTATION,price_regression,COMMON_CLOSE_REGRESSION,COMMON_CLOSE_REGRESSION,EXTERNAL_MARKET,1,after the published official close for session t,close_t,close[t+h],close[t+h],price_point_forecast,absolute_error_index_points,predict close[t],TO_BE_FROZEN_AFTER_PPR4_SOURCE_ELIGIBILITY,false,NONE,3,PROPOSED_NOT_AUTHORIZED,PPR4_DATA_GATE_THEN_PPR5_CODE_GATE_THEN_PPR6_EXACT_SNAPSHOT_PASS
R020_FLOWS_OPTIONS_1S,R020,P05,NONE,Ridge regression,RIDGE_REGRESSION,PROJECT-ADAPTATION,price_regression,COMMON_CLOSE_REGRESSION,COMMON_CLOSE_REGRESSION,FLOWS_OPTIONS,1,after the published official close for session t,close_t,close[t+h],close[t+h],price_point_forecast,absolute_error_index_points,predict close[t],TO_BE_FROZEN_AFTER_PPR4_SOURCE_ELIGIBILITY,false,NONE,3,PROPOSED_NOT_AUTHORIZED,PPR4_DATA_GATE_THEN_PPR5_CODE_GATE_THEN_PPR6_EXACT_SNAPSHOT_PASS
R020_TIMESTAMPED_SENTIMENT_FUSION_1S,R020,P05,NONE,Ridge regression,RIDGE_REGRESSION,PROJECT-ADAPTATION,price_regression,COMMON_CLOSE_REGRESSION,COMMON_CLOSE_REGRESSION,TIMESTAMPED_SENTIMENT_FUSION,1,after the published official close for session t,close_t,close[t+h],close[t+h],price_point_forecast,absolute_error_index_points,predict close[t],TO_BE_FROZEN_AFTER_PPR4_SOURCE_ELIGIBILITY,false,NONE,3,PROPOSED_NOT_AUTHORIZED,PPR4_DATA_GATE_THEN_PPR5_CODE_GATE_THEN_PPR6_EXACT_SNAPSHOT_PASS
R020_CORE_OHLCV_TECH_2S,R020,P05,NONE,Ridge regression,RIDGE_REGRESSION,PROJECT-ADAPTATION,price_regression,COMMON_CLOSE_REGRESSION,COMMON_CLOSE_REGRESSION,CORE_OHLCV_TECH,2,after the published official close for session t,close_t,close[t+h],close[t+h],price_point_forecast,absolute_error_index_points,predict close[t],TO_BE_FROZEN_AFTER_PPR4_SOURCE_ELIGIBILITY,false,NONE,3,PROPOSED_NOT_AUTHORIZED,PPR4_DATA_GATE_THEN_PPR5_CODE_GATE_THEN_PPR6_EXACT_SNAPSHOT_PASS
R020_EXTERNAL_MARKET_2S,R020,P05,NONE,Ridge regression,RIDGE_REGRESSION,PROJECT-ADAPTATION,price_regression,COMMON_CLOSE_REGRESSION,COMMON_CLOSE_REGRESSION,EXTERNAL_MARKET,2,after the published official close for session t,close_t,close[t+h],close[t+h],price_point_forecast,absolute_error_index_points,predict close[t],TO_BE_FROZEN_AFTER_PPR4_SOURCE_ELIGIBILITY,false,NONE,3,PROPOSED_NOT_AUTHORIZED,PPR4_DATA_GATE_THEN_PPR5_CODE_GATE_THEN_PPR6_EXACT_SNAPSHOT_PASS
R020_FLOWS_OPTIONS_2S,R020,P05,NONE,Ridge regression,RIDGE_REGRESSION,PROJECT-ADAPTATION,price_regression,COMMON_CLOSE_REGRESSION,COMMON_CLOSE_REGRESSION,FLOWS_OPTIONS,2,after the published official close for session t,close_t,close[t+h],close[t+h],price_point_forecast,absolute_error_index_points,predict close[t],TO_BE_FROZEN_AFTER_PPR4_SOURCE_ELIGIBILITY,false,NONE,3,PROPOSED_NOT_AUTHORIZED,PPR4_DATA_GATE_THEN_PPR5_CODE_GATE_THEN_PPR6_EXACT_SNAPSHOT_PASS
R020_TIMESTAMPED_SENTIMENT_FUSION_2S,R020,P05,NONE,Ridge regression,RIDGE_REGRESSION,PROJECT-ADAPTATION,price_regression,COMMON_CLOSE_REGRESSION,COMMON_CLOSE_REGRESSION,TIMESTAMPED_SENTIMENT_FUSION,2,after the published official close for session t,close_t,close[t+h],close[t+h],price_point_forecast,absolute_error_index_points,predict close[t],TO_BE_FROZEN_AFTER_PPR4_SOURCE_ELIGIBILITY,false,NONE,3,PROPOSED_NOT_AUTHORIZED,PPR4_DATA_GATE_THEN_PPR5_CODE_GATE_THEN_PPR6_EXACT_SNAPSHOT_PASS
R020_CORE_OHLCV_TECH_3S,R020,P05,NONE,Ridge regression,RIDGE_REGRESSION,PROJECT-ADAPTATION,price_regression,COMMON_CLOSE_REGRESSION,COMMON_CLOSE_REGRESSION,CORE_OHLCV_TECH,3,after the published official close for session t,close_t,close[t+h],close[t+h],price_point_forecast,absolute_error_index_points,predict close[t],TO_BE_FROZEN_AFTER_PPR4_SOURCE_ELIGIBILITY,false,NONE,3,PROPOSED_NOT_AUTHORIZED,PPR4_DATA_GATE_THEN_PPR5_CODE_GATE_THEN_PPR6_EXACT_SNAPSHOT_PASS
R020_EXTERNAL_MARKET_3S,R020,P05,NONE,Ridge regression,RIDGE_REGRESSION,PROJECT-ADAPTATION,price_regression,COMMON_CLOSE_REGRESSION,COMMON_CLOSE_REGRESSION,EXTERNAL_MARKET,3,after the published official close for session t,close_t,close[t+h],close[t+h],price_point_forecast,absolute_error_index_points,predict close[t],TO_BE_FROZEN_AFTER_PPR4_SOURCE_ELIGIBILITY,false,NONE,3,PROPOSED_NOT_AUTHORIZED,PPR4_DATA_GATE_THEN_PPR5_CODE_GATE_THEN_PPR6_EXACT_SNAPSHOT_PASS
R020_FLOWS_OPTIONS_3S,R020,P05,NONE,Ridge regression,RIDGE_REGRESSION,PROJECT-ADAPTATION,price_regression,COMMON_CLOSE_REGRESSION,COMMON_CLOSE_REGRESSION,FLOWS_OPTIONS,3,after the published official close for session t,close_t,close[t+h],close[t+h],price_point_forecast,absolute_error_index_points,predict close[t],TO_BE_FROZEN_AFTER_PPR4_SOURCE_ELIGIBILITY,false,NONE,3,PROPOSED_NOT_AUTHORIZED,PPR4_DATA_GATE_THEN_PPR5_CODE_GATE_THEN_PPR6_EXACT_SNAPSHOT_PASS
R020_TIMESTAMPED_SENTIMENT_FUSION_3S,R020,P05,NONE,Ridge regression,RIDGE_REGRESSION,PROJECT-ADAPTATION,price_regression,COMMON_CLOSE_REGRESSION,COMMON_CLOSE_REGRESSION,TIMESTAMPED_SENTIMENT_FUSION,3,after the published official close for session t,close_t,close[t+h],close[t+h],price_point_forecast,absolute_error_index_points,predict close[t],TO_BE_FROZEN_AFTER_PPR4_SOURCE_ELIGIBILITY,false,NONE,3,PROPOSED_NOT_AUTHORIZED,PPR4_DATA_GATE_THEN_PPR5_CODE_GATE_THEN_PPR6_EXACT_SNAPSHOT_PASS
R020_CORE_OHLCV_TECH_5S,R020,P05,NONE,Ridge regression,RIDGE_REGRESSION,PROJECT-ADAPTATION,price_regression,COMMON_CLOSE_REGRESSION,COMMON_CLOSE_REGRESSION,CORE_OHLCV_TECH,5,after the published official close for session t,close_t,close[t+h],close[t+h],price_point_forecast,absolute_error_index_points,predict close[t],TO_BE_FROZEN_AFTER_PPR4_SOURCE_ELIGIBILITY,false,NONE,3,PROPOSED_NOT_AUTHORIZED,PPR4_DATA_GATE_THEN_PPR5_CODE_GATE_THEN_PPR6_EXACT_SNAPSHOT_PASS
R020_EXTERNAL_MARKET_5S,R020,P05,NONE,Ridge regression,RIDGE_REGRESSION,PROJECT-ADAPTATION,price_regression,COMMON_CLOSE_REGRESSION,COMMON_CLOSE_REGRESSION,EXTERNAL_MARKET,5,after the published official close for session t,close_t,close[t+h],close[t+h],price_point_forecast,absolute_error_index_points,predict close[t],TO_BE_FROZEN_AFTER_PPR4_SOURCE_ELIGIBILITY,false,NONE,3,PROPOSED_NOT_AUTHORIZED,PPR4_DATA_GATE_THEN_PPR5_CODE_GATE_THEN_PPR6_EXACT_SNAPSHOT_PASS
R020_FLOWS_OPTIONS_5S,R020,P05,NONE,Ridge regression,RIDGE_REGRESSION,PROJECT-ADAPTATION,price_regression,COMMON_CLOSE_REGRESSION,COMMON_CLOSE_REGRESSION,FLOWS_OPTIONS,5,after the published official close for session t,close_t,close[t+h],close[t+h],price_point_forecast,absolute_error_index_points,predict close[t],TO_BE_FROZEN_AFTER_PPR4_SOURCE_ELIGIBILITY,false,NONE,3,PROPOSED_NOT_AUTHORIZED,PPR4_DATA_GATE_THEN_PPR5_CODE_GATE_THEN_PPR6_EXACT_SNAPSHOT_PASS
R020_TIMESTAMPED_SENTIMENT_FUSION_5S,R020,P05,NONE,Ridge regression,RIDGE_REGRESSION,PROJECT-ADAPTATION,price_regression,COMMON_CLOSE_REGRESSION,COMMON_CLOSE_REGRESSION,TIMESTAMPED_SENTIMENT_FUSION,5,after the published official close for session t,close_t,close[t+h],close[t+h],price_point_forecast,absolute_error_index_points,predict close[t],TO_BE_FROZEN_AFTER_PPR4_SOURCE_ELIGIBILITY,false,NONE,3,PROPOSED_NOT_AUTHORIZED,PPR4_DATA_GATE_THEN_PPR5_CODE_GATE_THEN_PPR6_EXACT_SNAPSHOT_PASS
R020_CORE_OHLCV_TECH_10S,R020,P05,NONE,Ridge regression,RIDGE_REGRESSION,PROJECT-ADAPTATION,price_regression,COMMON_CLOSE_REGRESSION,COMMON_CLOSE_REGRESSION,CORE_OHLCV_TECH,10,after the published official close for session t,close_t,close[t+h],close[t+h],price_point_forecast,absolute_error_index_points,predict close[t],TO_BE_FROZEN_AFTER_PPR4_SOURCE_ELIGIBILITY,false,NONE,3,PROPOSED_NOT_AUTHORIZED,PPR4_DATA_GATE_THEN_PPR5_CODE_GATE_THEN_PPR6_EXACT_SNAPSHOT_PASS
R020_EXTERNAL_MARKET_10S,R020,P05,NONE,Ridge regression,RIDGE_REGRESSION,PROJECT-ADAPTATION,price_regression,COMMON_CLOSE_REGRESSION,COMMON_CLOSE_REGRESSION,EXTERNAL_MARKET,10,after the published official close for session t,close_t,close[t+h],close[t+h],price_point_forecast,absolute_error_index_points,predict close[t],TO_BE_FROZEN_AFTER_PPR4_SOURCE_ELIGIBILITY,false,NONE,3,PROPOSED_NOT_AUTHORIZED,PPR4_DATA_GATE_THEN_PPR5_CODE_GATE_THEN_PPR6_EXACT_SNAPSHOT_PASS
R020_FLOWS_OPTIONS_10S,R020,P05,NONE,Ridge regression,RIDGE_REGRESSION,PROJECT-ADAPTATION,price_regression,COMMON_CLOSE_REGRESSION,COMMON_CLOSE_REGRESSION,FLOWS_OPTIONS,10,after the published official close for session t,close_t,close[t+h],close[t+h],price_point_forecast,absolute_error_index_points,predict close[t],TO_BE_FROZEN_AFTER_PPR4_SOURCE_ELIGIBILITY,false,NONE,3,PROPOSED_NOT_AUTHORIZED,PPR4_DATA_GATE_THEN_PPR5_CODE_GATE_THEN_PPR6_EXACT_SNAPSHOT_PASS
R020_TIMESTAMPED_SENTIMENT_FUSION_10S,R020,P05,NONE,Ridge regression,RIDGE_REGRESSION,PROJECT-ADAPTATION,price_regression,COMMON_CLOSE_REGRESSION,COMMON_CLOSE_REGRESSION,TIMESTAMPED_SENTIMENT_FUSION,10,after the published official close for session t,close_t,close[t+h],close[t+h],price_point_forecast,absolute_error_index_points,predict close[t],TO_BE_FROZEN_AFTER_PPR4_SOURCE_ELIGIBILITY,false,NONE,3,PROPOSED_NOT_AUTHORIZED,PPR4_DATA_GATE_THEN_PPR5_CODE_GATE_THEN_PPR6_EXACT_SNAPSHOT_PASS
R021_CORE_OHLCV_TECH_1S,R021,P05,NONE,Elastic Net regression,ELASTIC_NET_REGRESSION,PROJECT-ADAPTATION,price_regression,COMMON_CLOSE_REGRESSION,COMMON_CLOSE_REGRESSION,CORE_OHLCV_TECH,1,after the published official close for session t,close_t,close[t+h],close[t+h],price_point_forecast,absolute_error_index_points,predict close[t],TO_BE_FROZEN_AFTER_PPR4_SOURCE_ELIGIBILITY,false,NONE,3,PROPOSED_NOT_AUTHORIZED,PPR4_DATA_GATE_THEN_PPR5_CODE_GATE_THEN_PPR6_EXACT_SNAPSHOT_PASS
R021_EXTERNAL_MARKET_1S,R021,P05,NONE,Elastic Net regression,ELASTIC_NET_REGRESSION,PROJECT-ADAPTATION,price_regression,COMMON_CLOSE_REGRESSION,COMMON_CLOSE_REGRESSION,EXTERNAL_MARKET,1,after the published official close for session t,close_t,close[t+h],close[t+h],price_point_forecast,absolute_error_index_points,predict close[t],TO_BE_FROZEN_AFTER_PPR4_SOURCE_ELIGIBILITY,false,NONE,3,PROPOSED_NOT_AUTHORIZED,PPR4_DATA_GATE_THEN_PPR5_CODE_GATE_THEN_PPR6_EXACT_SNAPSHOT_PASS
R021_FLOWS_OPTIONS_1S,R021,P05,NONE,Elastic Net regression,ELASTIC_NET_REGRESSION,PROJECT-ADAPTATION,price_regression,COMMON_CLOSE_REGRESSION,COMMON_CLOSE_REGRESSION,FLOWS_OPTIONS,1,after the published official close for session t,close_t,close[t+h],close[t+h],price_point_forecast,absolute_error_index_points,predict close[t],TO_BE_FROZEN_AFTER_PPR4_SOURCE_ELIGIBILITY,false,NONE,3,PROPOSED_NOT_AUTHORIZED,PPR4_DATA_GATE_THEN_PPR5_CODE_GATE_THEN_PPR6_EXACT_SNAPSHOT_PASS
R021_TIMESTAMPED_SENTIMENT_FUSION_1S,R021,P05,NONE,Elastic Net regression,ELASTIC_NET_REGRESSION,PROJECT-ADAPTATION,price_regression,COMMON_CLOSE_REGRESSION,COMMON_CLOSE_REGRESSION,TIMESTAMPED_SENTIMENT_FUSION,1,after the published official close for session t,close_t,close[t+h],close[t+h],price_point_forecast,absolute_error_index_points,predict close[t],TO_BE_FROZEN_AFTER_PPR4_SOURCE_ELIGIBILITY,false,NONE,3,PROPOSED_NOT_AUTHORIZED,PPR4_DATA_GATE_THEN_PPR5_CODE_GATE_THEN_PPR6_EXACT_SNAPSHOT_PASS
R021_CORE_OHLCV_TECH_2S,R021,P05,NONE,Elastic Net regression,ELASTIC_NET_REGRESSION,PROJECT-ADAPTATION,price_regression,COMMON_CLOSE_REGRESSION,COMMON_CLOSE_REGRESSION,CORE_OHLCV_TECH,2,after the published official close for session t,close_t,close[t+h],close[t+h],price_point_forecast,absolute_error_index_points,predict close[t],TO_BE_FROZEN_AFTER_PPR4_SOURCE_ELIGIBILITY,false,NONE,3,PROPOSED_NOT_AUTHORIZED,PPR4_DATA_GATE_THEN_PPR5_CODE_GATE_THEN_PPR6_EXACT_SNAPSHOT_PASS
R021_EXTERNAL_MARKET_2S,R021,P05,NONE,Elastic Net regression,ELASTIC_NET_REGRESSION,PROJECT-ADAPTATION,price_regression,COMMON_CLOSE_REGRESSION,COMMON_CLOSE_REGRESSION,EXTERNAL_MARKET,2,after the published official close for session t,close_t,close[t+h],close[t+h],price_point_forecast,absolute_error_index_points,predict close[t],TO_BE_FROZEN_AFTER_PPR4_SOURCE_ELIGIBILITY,false,NONE,3,PROPOSED_NOT_AUTHORIZED,PPR4_DATA_GATE_THEN_PPR5_CODE_GATE_THEN_PPR6_EXACT_SNAPSHOT_PASS
R021_FLOWS_OPTIONS_2S,R021,P05,NONE,Elastic Net regression,ELASTIC_NET_REGRESSION,PROJECT-ADAPTATION,price_regression,COMMON_CLOSE_REGRESSION,COMMON_CLOSE_REGRESSION,FLOWS_OPTIONS,2,after the published official close for session t,close_t,close[t+h],close[t+h],price_point_forecast,absolute_error_index_points,predict close[t],TO_BE_FROZEN_AFTER_PPR4_SOURCE_ELIGIBILITY,false,NONE,3,PROPOSED_NOT_AUTHORIZED,PPR4_DATA_GATE_THEN_PPR5_CODE_GATE_THEN_PPR6_EXACT_SNAPSHOT_PASS
R021_TIMESTAMPED_SENTIMENT_FUSION_2S,R021,P05,NONE,Elastic Net regression,ELASTIC_NET_REGRESSION,PROJECT-ADAPTATION,price_regression,COMMON_CLOSE_REGRESSION,COMMON_CLOSE_REGRESSION,TIMESTAMPED_SENTIMENT_FUSION,2,after the published official close for session t,close_t,close[t+h],close[t+h],price_point_forecast,absolute_error_index_points,predict close[t],TO_BE_FROZEN_AFTER_PPR4_SOURCE_ELIGIBILITY,false,NONE,3,PROPOSED_NOT_AUTHORIZED,PPR4_DATA_GATE_THEN_PPR5_CODE_GATE_THEN_PPR6_EXACT_SNAPSHOT_PASS
R021_CORE_OHLCV_TECH_3S,R021,P05,NONE,Elastic Net regression,ELASTIC_NET_REGRESSION,PROJECT-ADAPTATION,price_regression,COMMON_CLOSE_REGRESSION,COMMON_CLOSE_REGRESSION,CORE_OHLCV_TECH,3,after the published official close for session t,close_t,close[t+h],close[t+h],price_point_forecast,absolute_error_index_points,predict close[t],TO_BE_FROZEN_AFTER_PPR4_SOURCE_ELIGIBILITY,false,NONE,3,PROPOSED_NOT_AUTHORIZED,PPR4_DATA_GATE_THEN_PPR5_CODE_GATE_THEN_PPR6_EXACT_SNAPSHOT_PASS
R021_EXTERNAL_MARKET_3S,R021,P05,NONE,Elastic Net regression,ELASTIC_NET_REGRESSION,PROJECT-ADAPTATION,price_regression,COMMON_CLOSE_REGRESSION,COMMON_CLOSE_REGRESSION,EXTERNAL_MARKET,3,after the published official close for session t,close_t,close[t+h],close[t+h],price_point_forecast,absolute_error_index_points,predict close[t],TO_BE_FROZEN_AFTER_PPR4_SOURCE_ELIGIBILITY,false,NONE,3,PROPOSED_NOT_AUTHORIZED,PPR4_DATA_GATE_THEN_PPR5_CODE_GATE_THEN_PPR6_EXACT_SNAPSHOT_PASS
R021_FLOWS_OPTIONS_3S,R021,P05,NONE,Elastic Net regression,ELASTIC_NET_REGRESSION,PROJECT-ADAPTATION,price_regression,COMMON_CLOSE_REGRESSION,COMMON_CLOSE_REGRESSION,FLOWS_OPTIONS,3,after the published official close for session t,close_t,close[t+h],close[t+h],price_point_forecast,absolute_error_index_points,predict close[t],TO_BE_FROZEN_AFTER_PPR4_SOURCE_ELIGIBILITY,false,NONE,3,PROPOSED_NOT_AUTHORIZED,PPR4_DATA_GATE_THEN_PPR5_CODE_GATE_THEN_PPR6_EXACT_SNAPSHOT_PASS
R021_TIMESTAMPED_SENTIMENT_FUSION_3S,R021,P05,NONE,Elastic Net regression,ELASTIC_NET_REGRESSION,PROJECT-ADAPTATION,price_regression,COMMON_CLOSE_REGRESSION,COMMON_CLOSE_REGRESSION,TIMESTAMPED_SENTIMENT_FUSION,3,after the published official close for session t,close_t,close[t+h],close[t+h],price_point_forecast,absolute_error_index_points,predict close[t],TO_BE_FROZEN_AFTER_PPR4_SOURCE_ELIGIBILITY,false,NONE,3,PROPOSED_NOT_AUTHORIZED,PPR4_DATA_GATE_THEN_PPR5_CODE_GATE_THEN_PPR6_EXACT_SNAPSHOT_PASS
R021_CORE_OHLCV_TECH_5S,R021,P05,NONE,Elastic Net regression,ELASTIC_NET_REGRESSION,PROJECT-ADAPTATION,price_regression,COMMON_CLOSE_REGRESSION,COMMON_CLOSE_REGRESSION,CORE_OHLCV_TECH,5,after the published official close for session t,close_t,close[t+h],close[t+h],price_point_forecast,absolute_error_index_points,predict close[t],TO_BE_FROZEN_AFTER_PPR4_SOURCE_ELIGIBILITY,false,NONE,3,PROPOSED_NOT_AUTHORIZED,PPR4_DATA_GATE_THEN_PPR5_CODE_GATE_THEN_PPR6_EXACT_SNAPSHOT_PASS
R021_EXTERNAL_MARKET_5S,R021,P05,NONE,Elastic Net regression,ELASTIC_NET_REGRESSION,PROJECT-ADAPTATION,price_regression,COMMON_CLOSE_REGRESSION,COMMON_CLOSE_REGRESSION,EXTERNAL_MARKET,5,after the published official close for session t,close_t,close[t+h],close[t+h],price_point_forecast,absolute_error_index_points,predict close[t],TO_BE_FROZEN_AFTER_PPR4_SOURCE_ELIGIBILITY,false,NONE,3,PROPOSED_NOT_AUTHORIZED,PPR4_DATA_GATE_THEN_PPR5_CODE_GATE_THEN_PPR6_EXACT_SNAPSHOT_PASS
R021_FLOWS_OPTIONS_5S,R021,P05,NONE,Elastic Net regression,ELASTIC_NET_REGRESSION,PROJECT-ADAPTATION,price_regression,COMMON_CLOSE_REGRESSION,COMMON_CLOSE_REGRESSION,FLOWS_OPTIONS,5,after the published official close for session t,close_t,close[t+h],close[t+h],price_point_forecast,absolute_error_index_points,predict close[t],TO_BE_FROZEN_AFTER_PPR4_SOURCE_ELIGIBILITY,false,NONE,3,PROPOSED_NOT_AUTHORIZED,PPR4_DATA_GATE_THEN_PPR5_CODE_GATE_THEN_PPR6_EXACT_SNAPSHOT_PASS
R021_TIMESTAMPED_SENTIMENT_FUSION_5S,R021,P05,NONE,Elastic Net regression,ELASTIC_NET_REGRESSION,PROJECT-ADAPTATION,price_regression,COMMON_CLOSE_REGRESSION,COMMON_CLOSE_REGRESSION,TIMESTAMPED_SENTIMENT_FUSION,5,after the published official close for session t,close_t,close[t+h],close[t+h],price_point_forecast,absolute_error_index_points,predict close[t],TO_BE_FROZEN_AFTER_PPR4_SOURCE_ELIGIBILITY,false,NONE,3,PROPOSED_NOT_AUTHORIZED,PPR4_DATA_GATE_THEN_PPR5_CODE_GATE_THEN_PPR6_EXACT_SNAPSHOT_PASS
R021_CORE_OHLCV_TECH_10S,R021,P05,NONE,Elastic Net regression,ELASTIC_NET_REGRESSION,PROJECT-ADAPTATION,price_regression,COMMON_CLOSE_REGRESSION,COMMON_CLOSE_REGRESSION,CORE_OHLCV_TECH,10,after the published official close for session t,close_t,close[t+h],close[t+h],price_point_forecast,absolute_error_index_points,predict close[t],TO_BE_FROZEN_AFTER_PPR4_SOURCE_ELIGIBILITY,false,NONE,3,PROPOSED_NOT_AUTHORIZED,PPR4_DATA_GATE_THEN_PPR5_CODE_GATE_THEN_PPR6_EXACT_SNAPSHOT_PASS
R021_EXTERNAL_MARKET_10S,R021,P05,NONE,Elastic Net regression,ELASTIC_NET_REGRESSION,PROJECT-ADAPTATION,price_regression,COMMON_CLOSE_REGRESSION,COMMON_CLOSE_REGRESSION,EXTERNAL_MARKET,10,after the published official close for session t,close_t,close[t+h],close[t+h],price_point_forecast,absolute_error_index_points,predict close[t],TO_BE_FROZEN_AFTER_PPR4_SOURCE_ELIGIBILITY,false,NONE,3,PROPOSED_NOT_AUTHORIZED,PPR4_DATA_GATE_THEN_PPR5_CODE_GATE_THEN_PPR6_EXACT_SNAPSHOT_PASS
R021_FLOWS_OPTIONS_10S,R021,P05,NONE,Elastic Net regression,ELASTIC_NET_REGRESSION,PROJECT-ADAPTATION,price_regression,COMMON_CLOSE_REGRESSION,COMMON_CLOSE_REGRESSION,FLOWS_OPTIONS,10,after the published official close for session t,close_t,close[t+h],close[t+h],price_point_forecast,absolute_error_index_points,predict close[t],TO_BE_FROZEN_AFTER_PPR4_SOURCE_ELIGIBILITY,false,NONE,3,PROPOSED_NOT_AUTHORIZED,PPR4_DATA_GATE_THEN_PPR5_CODE_GATE_THEN_PPR6_EXACT_SNAPSHOT_PASS
R021_TIMESTAMPED_SENTIMENT_FUSION_10S,R021,P05,NONE,Elastic Net regression,ELASTIC_NET_REGRESSION,PROJECT-ADAPTATION,price_regression,COMMON_CLOSE_REGRESSION,COMMON_CLOSE_REGRESSION,TIMESTAMPED_SENTIMENT_FUSION,10,after the published official close for session t,close_t,close[t+h],close[t+h],price_point_forecast,absolute_error_index_points,predict close[t],TO_BE_FROZEN_AFTER_PPR4_SOURCE_ELIGIBILITY,false,NONE,3,PROPOSED_NOT_AUTHORIZED,PPR4_DATA_GATE_THEN_PPR5_CODE_GATE_THEN_PPR6_EXACT_SNAPSHOT_PASS
R022_CORE_OHLCV_TECH_1S,R022,P05,NONE,SGD Regressor,SGD_REGRESSION,PROJECT-ADAPTATION,price_regression,COMMON_CLOSE_REGRESSION,COMMON_CLOSE_REGRESSION,CORE_OHLCV_TECH,1,after the published official close for session t,close_t,close[t+h],close[t+h],price_point_forecast,absolute_error_index_points,predict close[t],TO_BE_FROZEN_AFTER_PPR4_SOURCE_ELIGIBILITY,false,NONE,3,PROPOSED_NOT_AUTHORIZED,PPR4_DATA_GATE_THEN_PPR5_CODE_GATE_THEN_PPR6_EXACT_SNAPSHOT_PASS
R022_EXTERNAL_MARKET_1S,R022,P05,NONE,SGD Regressor,SGD_REGRESSION,PROJECT-ADAPTATION,price_regression,COMMON_CLOSE_REGRESSION,COMMON_CLOSE_REGRESSION,EXTERNAL_MARKET,1,after the published official close for session t,close_t,close[t+h],close[t+h],price_point_forecast,absolute_error_index_points,predict close[t],TO_BE_FROZEN_AFTER_PPR4_SOURCE_ELIGIBILITY,false,NONE,3,PROPOSED_NOT_AUTHORIZED,PPR4_DATA_GATE_THEN_PPR5_CODE_GATE_THEN_PPR6_EXACT_SNAPSHOT_PASS
R022_FLOWS_OPTIONS_1S,R022,P05,NONE,SGD Regressor,SGD_REGRESSION,PROJECT-ADAPTATION,price_regression,COMMON_CLOSE_REGRESSION,COMMON_CLOSE_REGRESSION,FLOWS_OPTIONS,1,after the published official close for session t,close_t,close[t+h],close[t+h],price_point_forecast,absolute_error_index_points,predict close[t],TO_BE_FROZEN_AFTER_PPR4_SOURCE_ELIGIBILITY,false,NONE,3,PROPOSED_NOT_AUTHORIZED,PPR4_DATA_GATE_THEN_PPR5_CODE_GATE_THEN_PPR6_EXACT_SNAPSHOT_PASS
R022_TIMESTAMPED_SENTIMENT_FUSION_1S,R022,P05,NONE,SGD Regressor,SGD_REGRESSION,PROJECT-ADAPTATION,price_regression,COMMON_CLOSE_REGRESSION,COMMON_CLOSE_REGRESSION,TIMESTAMPED_SENTIMENT_FUSION,1,after the published official close for session t,close_t,close[t+h],close[t+h],price_point_forecast,absolute_error_index_points,predict close[t],TO_BE_FROZEN_AFTER_PPR4_SOURCE_ELIGIBILITY,false,NONE,3,PROPOSED_NOT_AUTHORIZED,PPR4_DATA_GATE_THEN_PPR5_CODE_GATE_THEN_PPR6_EXACT_SNAPSHOT_PASS
R022_CORE_OHLCV_TECH_2S,R022,P05,NONE,SGD Regressor,SGD_REGRESSION,PROJECT-ADAPTATION,price_regression,COMMON_CLOSE_REGRESSION,COMMON_CLOSE_REGRESSION,CORE_OHLCV_TECH,2,after the published official close for session t,close_t,close[t+h],close[t+h],price_point_forecast,absolute_error_index_points,predict close[t],TO_BE_FROZEN_AFTER_PPR4_SOURCE_ELIGIBILITY,false,NONE,3,PROPOSED_NOT_AUTHORIZED,PPR4_DATA_GATE_THEN_PPR5_CODE_GATE_THEN_PPR6_EXACT_SNAPSHOT_PASS
R022_EXTERNAL_MARKET_2S,R022,P05,NONE,SGD Regressor,SGD_REGRESSION,PROJECT-ADAPTATION,price_regression,COMMON_CLOSE_REGRESSION,COMMON_CLOSE_REGRESSION,EXTERNAL_MARKET,2,after the published official close for session t,close_t,close[t+h],close[t+h],price_point_forecast,absolute_error_index_points,predict close[t],TO_BE_FROZEN_AFTER_PPR4_SOURCE_ELIGIBILITY,false,NONE,3,PROPOSED_NOT_AUTHORIZED,PPR4_DATA_GATE_THEN_PPR5_CODE_GATE_THEN_PPR6_EXACT_SNAPSHOT_PASS
R022_FLOWS_OPTIONS_2S,R022,P05,NONE,SGD Regressor,SGD_REGRESSION,PROJECT-ADAPTATION,price_regression,COMMON_CLOSE_REGRESSION,COMMON_CLOSE_REGRESSION,FLOWS_OPTIONS,2,after the published official close for session t,close_t,close[t+h],close[t+h],price_point_forecast,absolute_error_index_points,predict close[t],TO_BE_FROZEN_AFTER_PPR4_SOURCE_ELIGIBILITY,false,NONE,3,PROPOSED_NOT_AUTHORIZED,PPR4_DATA_GATE_THEN_PPR5_CODE_GATE_THEN_PPR6_EXACT_SNAPSHOT_PASS
R022_TIMESTAMPED_SENTIMENT_FUSION_2S,R022,P05,NONE,SGD Regressor,SGD_REGRESSION,PROJECT-ADAPTATION,price_regression,COMMON_CLOSE_REGRESSION,COMMON_CLOSE_REGRESSION,TIMESTAMPED_SENTIMENT_FUSION,2,after the published official close for session t,close_t,close[t+h],close[t+h],price_point_forecast,absolute_error_index_points,predict close[t],TO_BE_FROZEN_AFTER_PPR4_SOURCE_ELIGIBILITY,false,NONE,3,PROPOSED_NOT_AUTHORIZED,PPR4_DATA_GATE_THEN_PPR5_CODE_GATE_THEN_PPR6_EXACT_SNAPSHOT_PASS
R022_CORE_OHLCV_TECH_3S,R022,P05,NONE,SGD Regressor,SGD_REGRESSION,PROJECT-ADAPTATION,price_regression,COMMON_CLOSE_REGRESSION,COMMON_CLOSE_REGRESSION,CORE_OHLCV_TECH,3,after the published official close for session t,close_t,close[t+h],close[t+h],price_point_forecast,absolute_error_index_points,predict close[t],TO_BE_FROZEN_AFTER_PPR4_SOURCE_ELIGIBILITY,false,NONE,3,PROPOSED_NOT_AUTHORIZED,PPR4_DATA_GATE_THEN_PPR5_CODE_GATE_THEN_PPR6_EXACT_SNAPSHOT_PASS
R022_EXTERNAL_MARKET_3S,R022,P05,NONE,SGD Regressor,SGD_REGRESSION,PROJECT-ADAPTATION,price_regression,COMMON_CLOSE_REGRESSION,COMMON_CLOSE_REGRESSION,EXTERNAL_MARKET,3,after the published official close for session t,close_t,close[t+h],close[t+h],price_point_forecast,absolute_error_index_points,predict close[t],TO_BE_FROZEN_AFTER_PPR4_SOURCE_ELIGIBILITY,false,NONE,3,PROPOSED_NOT_AUTHORIZED,PPR4_DATA_GATE_THEN_PPR5_CODE_GATE_THEN_PPR6_EXACT_SNAPSHOT_PASS
R022_FLOWS_OPTIONS_3S,R022,P05,NONE,SGD Regressor,SGD_REGRESSION,PROJECT-ADAPTATION,price_regression,COMMON_CLOSE_REGRESSION,COMMON_CLOSE_REGRESSION,FLOWS_OPTIONS,3,after the published official close for session t,close_t,close[t+h],close[t+h],price_point_forecast,absolute_error_index_points,predict close[t],TO_BE_FROZEN_AFTER_PPR4_SOURCE_ELIGIBILITY,false,NONE,3,PROPOSED_NOT_AUTHORIZED,PPR4_DATA_GATE_THEN_PPR5_CODE_GATE_THEN_PPR6_EXACT_SNAPSHOT_PASS
R022_TIMESTAMPED_SENTIMENT_FUSION_3S,R022,P05,NONE,SGD Regressor,SGD_REGRESSION,PROJECT-ADAPTATION,price_regression,COMMON_CLOSE_REGRESSION,COMMON_CLOSE_REGRESSION,TIMESTAMPED_SENTIMENT_FUSION,3,after the published official close for session t,close_t,close[t+h],close[t+h],price_point_forecast,absolute_error_index_points,predict close[t],TO_BE_FROZEN_AFTER_PPR4_SOURCE_ELIGIBILITY,false,NONE,3,PROPOSED_NOT_AUTHORIZED,PPR4_DATA_GATE_THEN_PPR5_CODE_GATE_THEN_PPR6_EXACT_SNAPSHOT_PASS
R022_CORE_OHLCV_TECH_5S,R022,P05,NONE,SGD Regressor,SGD_REGRESSION,PROJECT-ADAPTATION,price_regression,COMMON_CLOSE_REGRESSION,COMMON_CLOSE_REGRESSION,CORE_OHLCV_TECH,5,after the published official close for session t,close_t,close[t+h],close[t+h],price_point_forecast,absolute_error_index_points,predict close[t],TO_BE_FROZEN_AFTER_PPR4_SOURCE_ELIGIBILITY,false,NONE,3,PROPOSED_NOT_AUTHORIZED,PPR4_DATA_GATE_THEN_PPR5_CODE_GATE_THEN_PPR6_EXACT_SNAPSHOT_PASS
R022_EXTERNAL_MARKET_5S,R022,P05,NONE,SGD Regressor,SGD_REGRESSION,PROJECT-ADAPTATION,price_regression,COMMON_CLOSE_REGRESSION,COMMON_CLOSE_REGRESSION,EXTERNAL_MARKET,5,after the published official close for session t,close_t,close[t+h],close[t+h],price_point_forecast,absolute_error_index_points,predict close[t],TO_BE_FROZEN_AFTER_PPR4_SOURCE_ELIGIBILITY,false,NONE,3,PROPOSED_NOT_AUTHORIZED,PPR4_DATA_GATE_THEN_PPR5_CODE_GATE_THEN_PPR6_EXACT_SNAPSHOT_PASS
R022_FLOWS_OPTIONS_5S,R022,P05,NONE,SGD Regressor,SGD_REGRESSION,PROJECT-ADAPTATION,price_regression,COMMON_CLOSE_REGRESSION,COMMON_CLOSE_REGRESSION,FLOWS_OPTIONS,5,after the published official close for session t,close_t,close[t+h],close[t+h],price_point_forecast,absolute_error_index_points,predict close[t],TO_BE_FROZEN_AFTER_PPR4_SOURCE_ELIGIBILITY,false,NONE,3,PROPOSED_NOT_AUTHORIZED,PPR4_DATA_GATE_THEN_PPR5_CODE_GATE_THEN_PPR6_EXACT_SNAPSHOT_PASS
R022_TIMESTAMPED_SENTIMENT_FUSION_5S,R022,P05,NONE,SGD Regressor,SGD_REGRESSION,PROJECT-ADAPTATION,price_regression,COMMON_CLOSE_REGRESSION,COMMON_CLOSE_REGRESSION,TIMESTAMPED_SENTIMENT_FUSION,5,after the published official close for session t,close_t,close[t+h],close[t+h],price_point_forecast,absolute_error_index_points,predict close[t],TO_BE_FROZEN_AFTER_PPR4_SOURCE_ELIGIBILITY,false,NONE,3,PROPOSED_NOT_AUTHORIZED,PPR4_DATA_GATE_THEN_PPR5_CODE_GATE_THEN_PPR6_EXACT_SNAPSHOT_PASS
R022_CORE_OHLCV_TECH_10S,R022,P05,NONE,SGD Regressor,SGD_REGRESSION,PROJECT-ADAPTATION,price_regression,COMMON_CLOSE_REGRESSION,COMMON_CLOSE_REGRESSION,CORE_OHLCV_TECH,10,after the published official close for session t,close_t,close[t+h],close[t+h],price_point_forecast,absolute_error_index_points,predict close[t],TO_BE_FROZEN_AFTER_PPR4_SOURCE_ELIGIBILITY,false,NONE,3,PROPOSED_NOT_AUTHORIZED,PPR4_DATA_GATE_THEN_PPR5_CODE_GATE_THEN_PPR6_EXACT_SNAPSHOT_PASS
R022_EXTERNAL_MARKET_10S,R022,P05,NONE,SGD Regressor,SGD_REGRESSION,PROJECT-ADAPTATION,price_regression,COMMON_CLOSE_REGRESSION,COMMON_CLOSE_REGRESSION,EXTERNAL_MARKET,10,after the published official close for session t,close_t,close[t+h],close[t+h],price_point_forecast,absolute_error_index_points,predict close[t],TO_BE_FROZEN_AFTER_PPR4_SOURCE_ELIGIBILITY,false,NONE,3,PROPOSED_NOT_AUTHORIZED,PPR4_DATA_GATE_THEN_PPR5_CODE_GATE_THEN_PPR6_EXACT_SNAPSHOT_PASS
R022_FLOWS_OPTIONS_10S,R022,P05,NONE,SGD Regressor,SGD_REGRESSION,PROJECT-ADAPTATION,price_regression,COMMON_CLOSE_REGRESSION,COMMON_CLOSE_REGRESSION,FLOWS_OPTIONS,10,after the published official close for session t,close_t,close[t+h],close[t+h],price_point_forecast,absolute_error_index_points,predict close[t],TO_BE_FROZEN_AFTER_PPR4_SOURCE_ELIGIBILITY,false,NONE,3,PROPOSED_NOT_AUTHORIZED,PPR4_DATA_GATE_THEN_PPR5_CODE_GATE_THEN_PPR6_EXACT_SNAPSHOT_PASS
R022_TIMESTAMPED_SENTIMENT_FUSION_10S,R022,P05,NONE,SGD Regressor,SGD_REGRESSION,PROJECT-ADAPTATION,price_regression,COMMON_CLOSE_REGRESSION,COMMON_CLOSE_REGRESSION,TIMESTAMPED_SENTIMENT_FUSION,10,after the published official close for session t,close_t,close[t+h],close[t+h],price_point_forecast,absolute_error_index_points,predict close[t],TO_BE_FROZEN_AFTER_PPR4_SOURCE_ELIGIBILITY,false,NONE,3,PROPOSED_NOT_AUTHORIZED,PPR4_DATA_GATE_THEN_PPR5_CODE_GATE_THEN_PPR6_EXACT_SNAPSHOT_PASS
R027_CORE_OHLCV_TECH_1S,R027,P05,NONE,Gradient Boosting regressor,GRADIENT_BOOSTING_REGRESSION,PROJECT-ADAPTATION,price_regression,COMMON_CLOSE_REGRESSION,COMMON_CLOSE_REGRESSION,CORE_OHLCV_TECH,1,after the published official close for session t,close_t,close[t+h],close[t+h],price_point_forecast,absolute_error_index_points,predict close[t],TO_BE_FROZEN_AFTER_PPR4_SOURCE_ELIGIBILITY,false,NONE,3,PROPOSED_NOT_AUTHORIZED,PPR4_DATA_GATE_THEN_PPR5_CODE_GATE_THEN_PPR6_EXACT_SNAPSHOT_PASS
R027_EXTERNAL_MARKET_1S,R027,P05,NONE,Gradient Boosting regressor,GRADIENT_BOOSTING_REGRESSION,PROJECT-ADAPTATION,price_regression,COMMON_CLOSE_REGRESSION,COMMON_CLOSE_REGRESSION,EXTERNAL_MARKET,1,after the published official close for session t,close_t,close[t+h],close[t+h],price_point_forecast,absolute_error_index_points,predict close[t],TO_BE_FROZEN_AFTER_PPR4_SOURCE_ELIGIBILITY,false,NONE,3,PROPOSED_NOT_AUTHORIZED,PPR4_DATA_GATE_THEN_PPR5_CODE_GATE_THEN_PPR6_EXACT_SNAPSHOT_PASS
R027_FLOWS_OPTIONS_1S,R027,P05,NONE,Gradient Boosting regressor,GRADIENT_BOOSTING_REGRESSION,PROJECT-ADAPTATION,price_regression,COMMON_CLOSE_REGRESSION,COMMON_CLOSE_REGRESSION,FLOWS_OPTIONS,1,after the published official close for session t,close_t,close[t+h],close[t+h],price_point_forecast,absolute_error_index_points,predict close[t],TO_BE_FROZEN_AFTER_PPR4_SOURCE_ELIGIBILITY,false,NONE,3,PROPOSED_NOT_AUTHORIZED,PPR4_DATA_GATE_THEN_PPR5_CODE_GATE_THEN_PPR6_EXACT_SNAPSHOT_PASS
R027_TIMESTAMPED_SENTIMENT_FUSION_1S,R027,P05,NONE,Gradient Boosting regressor,GRADIENT_BOOSTING_REGRESSION,PROJECT-ADAPTATION,price_regression,COMMON_CLOSE_REGRESSION,COMMON_CLOSE_REGRESSION,TIMESTAMPED_SENTIMENT_FUSION,1,after the published official close for session t,close_t,close[t+h],close[t+h],price_point_forecast,absolute_error_index_points,predict close[t],TO_BE_FROZEN_AFTER_PPR4_SOURCE_ELIGIBILITY,false,NONE,3,PROPOSED_NOT_AUTHORIZED,PPR4_DATA_GATE_THEN_PPR5_CODE_GATE_THEN_PPR6_EXACT_SNAPSHOT_PASS
R027_CORE_OHLCV_TECH_2S,R027,P05,NONE,Gradient Boosting regressor,GRADIENT_BOOSTING_REGRESSION,PROJECT-ADAPTATION,price_regression,COMMON_CLOSE_REGRESSION,COMMON_CLOSE_REGRESSION,CORE_OHLCV_TECH,2,after the published official close for session t,close_t,close[t+h],close[t+h],price_point_forecast,absolute_error_index_points,predict close[t],TO_BE_FROZEN_AFTER_PPR4_SOURCE_ELIGIBILITY,false,NONE,3,PROPOSED_NOT_AUTHORIZED,PPR4_DATA_GATE_THEN_PPR5_CODE_GATE_THEN_PPR6_EXACT_SNAPSHOT_PASS
R027_EXTERNAL_MARKET_2S,R027,P05,NONE,Gradient Boosting regressor,GRADIENT_BOOSTING_REGRESSION,PROJECT-ADAPTATION,price_regression,COMMON_CLOSE_REGRESSION,COMMON_CLOSE_REGRESSION,EXTERNAL_MARKET,2,after the published official close for session t,close_t,close[t+h],close[t+h],price_point_forecast,absolute_error_index_points,predict close[t],TO_BE_FROZEN_AFTER_PPR4_SOURCE_ELIGIBILITY,false,NONE,3,PROPOSED_NOT_AUTHORIZED,PPR4_DATA_GATE_THEN_PPR5_CODE_GATE_THEN_PPR6_EXACT_SNAPSHOT_PASS
R027_FLOWS_OPTIONS_2S,R027,P05,NONE,Gradient Boosting regressor,GRADIENT_BOOSTING_REGRESSION,PROJECT-ADAPTATION,price_regression,COMMON_CLOSE_REGRESSION,COMMON_CLOSE_REGRESSION,FLOWS_OPTIONS,2,after the published official close for session t,close_t,close[t+h],close[t+h],price_point_forecast,absolute_error_index_points,predict close[t],TO_BE_FROZEN_AFTER_PPR4_SOURCE_ELIGIBILITY,false,NONE,3,PROPOSED_NOT_AUTHORIZED,PPR4_DATA_GATE_THEN_PPR5_CODE_GATE_THEN_PPR6_EXACT_SNAPSHOT_PASS
R027_TIMESTAMPED_SENTIMENT_FUSION_2S,R027,P05,NONE,Gradient Boosting regressor,GRADIENT_BOOSTING_REGRESSION,PROJECT-ADAPTATION,price_regression,COMMON_CLOSE_REGRESSION,COMMON_CLOSE_REGRESSION,TIMESTAMPED_SENTIMENT_FUSION,2,after the published official close for session t,close_t,close[t+h],close[t+h],price_point_forecast,absolute_error_index_points,predict close[t],TO_BE_FROZEN_AFTER_PPR4_SOURCE_ELIGIBILITY,false,NONE,3,PROPOSED_NOT_AUTHORIZED,PPR4_DATA_GATE_THEN_PPR5_CODE_GATE_THEN_PPR6_EXACT_SNAPSHOT_PASS
R027_CORE_OHLCV_TECH_3S,R027,P05,NONE,Gradient Boosting regressor,GRADIENT_BOOSTING_REGRESSION,PROJECT-ADAPTATION,price_regression,COMMON_CLOSE_REGRESSION,COMMON_CLOSE_REGRESSION,CORE_OHLCV_TECH,3,after the published official close for session t,close_t,close[t+h],close[t+h],price_point_forecast,absolute_error_index_points,predict close[t],TO_BE_FROZEN_AFTER_PPR4_SOURCE_ELIGIBILITY,false,NONE,3,PROPOSED_NOT_AUTHORIZED,PPR4_DATA_GATE_THEN_PPR5_CODE_GATE_THEN_PPR6_EXACT_SNAPSHOT_PASS
R027_EXTERNAL_MARKET_3S,R027,P05,NONE,Gradient Boosting regressor,GRADIENT_BOOSTING_REGRESSION,PROJECT-ADAPTATION,price_regression,COMMON_CLOSE_REGRESSION,COMMON_CLOSE_REGRESSION,EXTERNAL_MARKET,3,after the published official close for session t,close_t,close[t+h],close[t+h],price_point_forecast,absolute_error_index_points,predict close[t],TO_BE_FROZEN_AFTER_PPR4_SOURCE_ELIGIBILITY,false,NONE,3,PROPOSED_NOT_AUTHORIZED,PPR4_DATA_GATE_THEN_PPR5_CODE_GATE_THEN_PPR6_EXACT_SNAPSHOT_PASS
R027_FLOWS_OPTIONS_3S,R027,P05,NONE,Gradient Boosting regressor,GRADIENT_BOOSTING_REGRESSION,PROJECT-ADAPTATION,price_regression,COMMON_CLOSE_REGRESSION,COMMON_CLOSE_REGRESSION,FLOWS_OPTIONS,3,after the published official close for session t,close_t,close[t+h],close[t+h],price_point_forecast,absolute_error_index_points,predict close[t],TO_BE_FROZEN_AFTER_PPR4_SOURCE_ELIGIBILITY,false,NONE,3,PROPOSED_NOT_AUTHORIZED,PPR4_DATA_GATE_THEN_PPR5_CODE_GATE_THEN_PPR6_EXACT_SNAPSHOT_PASS
R027_TIMESTAMPED_SENTIMENT_FUSION_3S,R027,P05,NONE,Gradient Boosting regressor,GRADIENT_BOOSTING_REGRESSION,PROJECT-ADAPTATION,price_regression,COMMON_CLOSE_REGRESSION,COMMON_CLOSE_REGRESSION,TIMESTAMPED_SENTIMENT_FUSION,3,after the published official close for session t,close_t,close[t+h],close[t+h],price_point_forecast,absolute_error_index_points,predict close[t],TO_BE_FROZEN_AFTER_PPR4_SOURCE_ELIGIBILITY,false,NONE,3,PROPOSED_NOT_AUTHORIZED,PPR4_DATA_GATE_THEN_PPR5_CODE_GATE_THEN_PPR6_EXACT_SNAPSHOT_PASS
R027_CORE_OHLCV_TECH_5S,R027,P05,NONE,Gradient Boosting regressor,GRADIENT_BOOSTING_REGRESSION,PROJECT-ADAPTATION,price_regression,COMMON_CLOSE_REGRESSION,COMMON_CLOSE_REGRESSION,CORE_OHLCV_TECH,5,after the published official close for session t,close_t,close[t+h],close[t+h],price_point_forecast,absolute_error_index_points,predict close[t],TO_BE_FROZEN_AFTER_PPR4_SOURCE_ELIGIBILITY,false,NONE,3,PROPOSED_NOT_AUTHORIZED,PPR4_DATA_GATE_THEN_PPR5_CODE_GATE_THEN_PPR6_EXACT_SNAPSHOT_PASS
R027_EXTERNAL_MARKET_5S,R027,P05,NONE,Gradient Boosting regressor,GRADIENT_BOOSTING_REGRESSION,PROJECT-ADAPTATION,price_regression,COMMON_CLOSE_REGRESSION,COMMON_CLOSE_REGRESSION,EXTERNAL_MARKET,5,after the published official close for session t,close_t,close[t+h],close[t+h],price_point_forecast,absolute_error_index_points,predict close[t],TO_BE_FROZEN_AFTER_PPR4_SOURCE_ELIGIBILITY,false,NONE,3,PROPOSED_NOT_AUTHORIZED,PPR4_DATA_GATE_THEN_PPR5_CODE_GATE_THEN_PPR6_EXACT_SNAPSHOT_PASS
R027_FLOWS_OPTIONS_5S,R027,P05,NONE,Gradient Boosting regressor,GRADIENT_BOOSTING_REGRESSION,PROJECT-ADAPTATION,price_regression,COMMON_CLOSE_REGRESSION,COMMON_CLOSE_REGRESSION,FLOWS_OPTIONS,5,after the published official close for session t,close_t,close[t+h],close[t+h],price_point_forecast,absolute_error_index_points,predict close[t],TO_BE_FROZEN_AFTER_PPR4_SOURCE_ELIGIBILITY,false,NONE,3,PROPOSED_NOT_AUTHORIZED,PPR4_DATA_GATE_THEN_PPR5_CODE_GATE_THEN_PPR6_EXACT_SNAPSHOT_PASS
R027_TIMESTAMPED_SENTIMENT_FUSION_5S,R027,P05,NONE,Gradient Boosting regressor,GRADIENT_BOOSTING_REGRESSION,PROJECT-ADAPTATION,price_regression,COMMON_CLOSE_REGRESSION,COMMON_CLOSE_REGRESSION,TIMESTAMPED_SENTIMENT_FUSION,5,after the published official close for session t,close_t,close[t+h],close[t+h],price_point_forecast,absolute_error_index_points,predict close[t],TO_BE_FROZEN_AFTER_PPR4_SOURCE_ELIGIBILITY,false,NONE,3,PROPOSED_NOT_AUTHORIZED,PPR4_DATA_GATE_THEN_PPR5_CODE_GATE_THEN_PPR6_EXACT_SNAPSHOT_PASS
R027_CORE_OHLCV_TECH_10S,R027,P05,NONE,Gradient Boosting regressor,GRADIENT_BOOSTING_REGRESSION,PROJECT-ADAPTATION,price_regression,COMMON_CLOSE_REGRESSION,COMMON_CLOSE_REGRESSION,CORE_OHLCV_TECH,10,after the published official close for session t,close_t,close[t+h],close[t+h],price_point_forecast,absolute_error_index_points,predict close[t],TO_BE_FROZEN_AFTER_PPR4_SOURCE_ELIGIBILITY,false,NONE,3,PROPOSED_NOT_AUTHORIZED,PPR4_DATA_GATE_THEN_PPR5_CODE_GATE_THEN_PPR6_EXACT_SNAPSHOT_PASS
R027_EXTERNAL_MARKET_10S,R027,P05,NONE,Gradient Boosting regressor,GRADIENT_BOOSTING_REGRESSION,PROJECT-ADAPTATION,price_regression,COMMON_CLOSE_REGRESSION,COMMON_CLOSE_REGRESSION,EXTERNAL_MARKET,10,after the published official close for session t,close_t,close[t+h],close[t+h],price_point_forecast,absolute_error_index_points,predict close[t],TO_BE_FROZEN_AFTER_PPR4_SOURCE_ELIGIBILITY,false,NONE,3,PROPOSED_NOT_AUTHORIZED,PPR4_DATA_GATE_THEN_PPR5_CODE_GATE_THEN_PPR6_EXACT_SNAPSHOT_PASS
R027_FLOWS_OPTIONS_10S,R027,P05,NONE,Gradient Boosting regressor,GRADIENT_BOOSTING_REGRESSION,PROJECT-ADAPTATION,price_regression,COMMON_CLOSE_REGRESSION,COMMON_CLOSE_REGRESSION,FLOWS_OPTIONS,10,after the published official close for session t,close_t,close[t+h],close[t+h],price_point_forecast,absolute_error_index_points,predict close[t],TO_BE_FROZEN_AFTER_PPR4_SOURCE_ELIGIBILITY,false,NONE,3,PROPOSED_NOT_AUTHORIZED,PPR4_DATA_GATE_THEN_PPR5_CODE_GATE_THEN_PPR6_EXACT_SNAPSHOT_PASS
R027_TIMESTAMPED_SENTIMENT_FUSION_10S,R027,P05,NONE,Gradient Boosting regressor,GRADIENT_BOOSTING_REGRESSION,PROJECT-ADAPTATION,price_regression,COMMON_CLOSE_REGRESSION,COMMON_CLOSE_REGRESSION,TIMESTAMPED_SENTIMENT_FUSION,10,after the published official close for session t,close_t,close[t+h],close[t+h],price_point_forecast,absolute_error_index_points,predict close[t],TO_BE_FROZEN_AFTER_PPR4_SOURCE_ELIGIBILITY,false,NONE,3,PROPOSED_NOT_AUTHORIZED,PPR4_DATA_GATE_THEN_PPR5_CODE_GATE_THEN_PPR6_EXACT_SNAPSHOT_PASS
R028_CORE_OHLCV_TECH_1S,R028,P05,NONE,AdaBoost regressor,ADABOOST_REGRESSION,PROJECT-ADAPTATION,price_regression,COMMON_CLOSE_REGRESSION,COMMON_CLOSE_REGRESSION,CORE_OHLCV_TECH,1,after the published official close for session t,close_t,close[t+h],close[t+h],price_point_forecast,absolute_error_index_points,predict close[t],TO_BE_FROZEN_AFTER_PPR4_SOURCE_ELIGIBILITY,false,NONE,3,PROPOSED_NOT_AUTHORIZED,PPR4_DATA_GATE_THEN_PPR5_CODE_GATE_THEN_PPR6_EXACT_SNAPSHOT_PASS
R028_EXTERNAL_MARKET_1S,R028,P05,NONE,AdaBoost regressor,ADABOOST_REGRESSION,PROJECT-ADAPTATION,price_regression,COMMON_CLOSE_REGRESSION,COMMON_CLOSE_REGRESSION,EXTERNAL_MARKET,1,after the published official close for session t,close_t,close[t+h],close[t+h],price_point_forecast,absolute_error_index_points,predict close[t],TO_BE_FROZEN_AFTER_PPR4_SOURCE_ELIGIBILITY,false,NONE,3,PROPOSED_NOT_AUTHORIZED,PPR4_DATA_GATE_THEN_PPR5_CODE_GATE_THEN_PPR6_EXACT_SNAPSHOT_PASS
R028_FLOWS_OPTIONS_1S,R028,P05,NONE,AdaBoost regressor,ADABOOST_REGRESSION,PROJECT-ADAPTATION,price_regression,COMMON_CLOSE_REGRESSION,COMMON_CLOSE_REGRESSION,FLOWS_OPTIONS,1,after the published official close for session t,close_t,close[t+h],close[t+h],price_point_forecast,absolute_error_index_points,predict close[t],TO_BE_FROZEN_AFTER_PPR4_SOURCE_ELIGIBILITY,false,NONE,3,PROPOSED_NOT_AUTHORIZED,PPR4_DATA_GATE_THEN_PPR5_CODE_GATE_THEN_PPR6_EXACT_SNAPSHOT_PASS
R028_TIMESTAMPED_SENTIMENT_FUSION_1S,R028,P05,NONE,AdaBoost regressor,ADABOOST_REGRESSION,PROJECT-ADAPTATION,price_regression,COMMON_CLOSE_REGRESSION,COMMON_CLOSE_REGRESSION,TIMESTAMPED_SENTIMENT_FUSION,1,after the published official close for session t,close_t,close[t+h],close[t+h],price_point_forecast,absolute_error_index_points,predict close[t],TO_BE_FROZEN_AFTER_PPR4_SOURCE_ELIGIBILITY,false,NONE,3,PROPOSED_NOT_AUTHORIZED,PPR4_DATA_GATE_THEN_PPR5_CODE_GATE_THEN_PPR6_EXACT_SNAPSHOT_PASS
R028_CORE_OHLCV_TECH_2S,R028,P05,NONE,AdaBoost regressor,ADABOOST_REGRESSION,PROJECT-ADAPTATION,price_regression,COMMON_CLOSE_REGRESSION,COMMON_CLOSE_REGRESSION,CORE_OHLCV_TECH,2,after the published official close for session t,close_t,close[t+h],close[t+h],price_point_forecast,absolute_error_index_points,predict close[t],TO_BE_FROZEN_AFTER_PPR4_SOURCE_ELIGIBILITY,false,NONE,3,PROPOSED_NOT_AUTHORIZED,PPR4_DATA_GATE_THEN_PPR5_CODE_GATE_THEN_PPR6_EXACT_SNAPSHOT_PASS
R028_EXTERNAL_MARKET_2S,R028,P05,NONE,AdaBoost regressor,ADABOOST_REGRESSION,PROJECT-ADAPTATION,price_regression,COMMON_CLOSE_REGRESSION,COMMON_CLOSE_REGRESSION,EXTERNAL_MARKET,2,after the published official close for session t,close_t,close[t+h],close[t+h],price_point_forecast,absolute_error_index_points,predict close[t],TO_BE_FROZEN_AFTER_PPR4_SOURCE_ELIGIBILITY,false,NONE,3,PROPOSED_NOT_AUTHORIZED,PPR4_DATA_GATE_THEN_PPR5_CODE_GATE_THEN_PPR6_EXACT_SNAPSHOT_PASS
R028_FLOWS_OPTIONS_2S,R028,P05,NONE,AdaBoost regressor,ADABOOST_REGRESSION,PROJECT-ADAPTATION,price_regression,COMMON_CLOSE_REGRESSION,COMMON_CLOSE_REGRESSION,FLOWS_OPTIONS,2,after the published official close for session t,close_t,close[t+h],close[t+h],price_point_forecast,absolute_error_index_points,predict close[t],TO_BE_FROZEN_AFTER_PPR4_SOURCE_ELIGIBILITY,false,NONE,3,PROPOSED_NOT_AUTHORIZED,PPR4_DATA_GATE_THEN_PPR5_CODE_GATE_THEN_PPR6_EXACT_SNAPSHOT_PASS
R028_TIMESTAMPED_SENTIMENT_FUSION_2S,R028,P05,NONE,AdaBoost regressor,ADABOOST_REGRESSION,PROJECT-ADAPTATION,price_regression,COMMON_CLOSE_REGRESSION,COMMON_CLOSE_REGRESSION,TIMESTAMPED_SENTIMENT_FUSION,2,after the published official close for session t,close_t,close[t+h],close[t+h],price_point_forecast,absolute_error_index_points,predict close[t],TO_BE_FROZEN_AFTER_PPR4_SOURCE_ELIGIBILITY,false,NONE,3,PROPOSED_NOT_AUTHORIZED,PPR4_DATA_GATE_THEN_PPR5_CODE_GATE_THEN_PPR6_EXACT_SNAPSHOT_PASS
R028_CORE_OHLCV_TECH_3S,R028,P05,NONE,AdaBoost regressor,ADABOOST_REGRESSION,PROJECT-ADAPTATION,price_regression,COMMON_CLOSE_REGRESSION,COMMON_CLOSE_REGRESSION,CORE_OHLCV_TECH,3,after the published official close for session t,close_t,close[t+h],close[t+h],price_point_forecast,absolute_error_index_points,predict close[t],TO_BE_FROZEN_AFTER_PPR4_SOURCE_ELIGIBILITY,false,NONE,3,PROPOSED_NOT_AUTHORIZED,PPR4_DATA_GATE_THEN_PPR5_CODE_GATE_THEN_PPR6_EXACT_SNAPSHOT_PASS
R028_EXTERNAL_MARKET_3S,R028,P05,NONE,AdaBoost regressor,ADABOOST_REGRESSION,PROJECT-ADAPTATION,price_regression,COMMON_CLOSE_REGRESSION,COMMON_CLOSE_REGRESSION,EXTERNAL_MARKET,3,after the published official close for session t,close_t,close[t+h],close[t+h],price_point_forecast,absolute_error_index_points,predict close[t],TO_BE_FROZEN_AFTER_PPR4_SOURCE_ELIGIBILITY,false,NONE,3,PROPOSED_NOT_AUTHORIZED,PPR4_DATA_GATE_THEN_PPR5_CODE_GATE_THEN_PPR6_EXACT_SNAPSHOT_PASS
R028_FLOWS_OPTIONS_3S,R028,P05,NONE,AdaBoost regressor,ADABOOST_REGRESSION,PROJECT-ADAPTATION,price_regression,COMMON_CLOSE_REGRESSION,COMMON_CLOSE_REGRESSION,FLOWS_OPTIONS,3,after the published official close for session t,close_t,close[t+h],close[t+h],price_point_forecast,absolute_error_index_points,predict close[t],TO_BE_FROZEN_AFTER_PPR4_SOURCE_ELIGIBILITY,false,NONE,3,PROPOSED_NOT_AUTHORIZED,PPR4_DATA_GATE_THEN_PPR5_CODE_GATE_THEN_PPR6_EXACT_SNAPSHOT_PASS
R028_TIMESTAMPED_SENTIMENT_FUSION_3S,R028,P05,NONE,AdaBoost regressor,ADABOOST_REGRESSION,PROJECT-ADAPTATION,price_regression,COMMON_CLOSE_REGRESSION,COMMON_CLOSE_REGRESSION,TIMESTAMPED_SENTIMENT_FUSION,3,after the published official close for session t,close_t,close[t+h],close[t+h],price_point_forecast,absolute_error_index_points,predict close[t],TO_BE_FROZEN_AFTER_PPR4_SOURCE_ELIGIBILITY,false,NONE,3,PROPOSED_NOT_AUTHORIZED,PPR4_DATA_GATE_THEN_PPR5_CODE_GATE_THEN_PPR6_EXACT_SNAPSHOT_PASS
R028_CORE_OHLCV_TECH_5S,R028,P05,NONE,AdaBoost regressor,ADABOOST_REGRESSION,PROJECT-ADAPTATION,price_regression,COMMON_CLOSE_REGRESSION,COMMON_CLOSE_REGRESSION,CORE_OHLCV_TECH,5,after the published official close for session t,close_t,close[t+h],close[t+h],price_point_forecast,absolute_error_index_points,predict close[t],TO_BE_FROZEN_AFTER_PPR4_SOURCE_ELIGIBILITY,false,NONE,3,PROPOSED_NOT_AUTHORIZED,PPR4_DATA_GATE_THEN_PPR5_CODE_GATE_THEN_PPR6_EXACT_SNAPSHOT_PASS
R028_EXTERNAL_MARKET_5S,R028,P05,NONE,AdaBoost regressor,ADABOOST_REGRESSION,PROJECT-ADAPTATION,price_regression,COMMON_CLOSE_REGRESSION,COMMON_CLOSE_REGRESSION,EXTERNAL_MARKET,5,after the published official close for session t,close_t,close[t+h],close[t+h],price_point_forecast,absolute_error_index_points,predict close[t],TO_BE_FROZEN_AFTER_PPR4_SOURCE_ELIGIBILITY,false,NONE,3,PROPOSED_NOT_AUTHORIZED,PPR4_DATA_GATE_THEN_PPR5_CODE_GATE_THEN_PPR6_EXACT_SNAPSHOT_PASS
R028_FLOWS_OPTIONS_5S,R028,P05,NONE,AdaBoost regressor,ADABOOST_REGRESSION,PROJECT-ADAPTATION,price_regression,COMMON_CLOSE_REGRESSION,COMMON_CLOSE_REGRESSION,FLOWS_OPTIONS,5,after the published official close for session t,close_t,close[t+h],close[t+h],price_point_forecast,absolute_error_index_points,predict close[t],TO_BE_FROZEN_AFTER_PPR4_SOURCE_ELIGIBILITY,false,NONE,3,PROPOSED_NOT_AUTHORIZED,PPR4_DATA_GATE_THEN_PPR5_CODE_GATE_THEN_PPR6_EXACT_SNAPSHOT_PASS
R028_TIMESTAMPED_SENTIMENT_FUSION_5S,R028,P05,NONE,AdaBoost regressor,ADABOOST_REGRESSION,PROJECT-ADAPTATION,price_regression,COMMON_CLOSE_REGRESSION,COMMON_CLOSE_REGRESSION,TIMESTAMPED_SENTIMENT_FUSION,5,after the published official close for session t,close_t,close[t+h],close[t+h],price_point_forecast,absolute_error_index_points,predict close[t],TO_BE_FROZEN_AFTER_PPR4_SOURCE_ELIGIBILITY,false,NONE,3,PROPOSED_NOT_AUTHORIZED,PPR4_DATA_GATE_THEN_PPR5_CODE_GATE_THEN_PPR6_EXACT_SNAPSHOT_PASS
R028_CORE_OHLCV_TECH_10S,R028,P05,NONE,AdaBoost regressor,ADABOOST_REGRESSION,PROJECT-ADAPTATION,price_regression,COMMON_CLOSE_REGRESSION,COMMON_CLOSE_REGRESSION,CORE_OHLCV_TECH,10,after the published official close for session t,close_t,close[t+h],close[t+h],price_point_forecast,absolute_error_index_points,predict close[t],TO_BE_FROZEN_AFTER_PPR4_SOURCE_ELIGIBILITY,false,NONE,3,PROPOSED_NOT_AUTHORIZED,PPR4_DATA_GATE_THEN_PPR5_CODE_GATE_THEN_PPR6_EXACT_SNAPSHOT_PASS
R028_EXTERNAL_MARKET_10S,R028,P05,NONE,AdaBoost regressor,ADABOOST_REGRESSION,PROJECT-ADAPTATION,price_regression,COMMON_CLOSE_REGRESSION,COMMON_CLOSE_REGRESSION,EXTERNAL_MARKET,10,after the published official close for session t,close_t,close[t+h],close[t+h],price_point_forecast,absolute_error_index_points,predict close[t],TO_BE_FROZEN_AFTER_PPR4_SOURCE_ELIGIBILITY,false,NONE,3,PROPOSED_NOT_AUTHORIZED,PPR4_DATA_GATE_THEN_PPR5_CODE_GATE_THEN_PPR6_EXACT_SNAPSHOT_PASS
R028_FLOWS_OPTIONS_10S,R028,P05,NONE,AdaBoost regressor,ADABOOST_REGRESSION,PROJECT-ADAPTATION,price_regression,COMMON_CLOSE_REGRESSION,COMMON_CLOSE_REGRESSION,FLOWS_OPTIONS,10,after the published official close for session t,close_t,close[t+h],close[t+h],price_point_forecast,absolute_error_index_points,predict close[t],TO_BE_FROZEN_AFTER_PPR4_SOURCE_ELIGIBILITY,false,NONE,3,PROPOSED_NOT_AUTHORIZED,PPR4_DATA_GATE_THEN_PPR5_CODE_GATE_THEN_PPR6_EXACT_SNAPSHOT_PASS
R028_TIMESTAMPED_SENTIMENT_FUSION_10S,R028,P05,NONE,AdaBoost regressor,ADABOOST_REGRESSION,PROJECT-ADAPTATION,price_regression,COMMON_CLOSE_REGRESSION,COMMON_CLOSE_REGRESSION,TIMESTAMPED_SENTIMENT_FUSION,10,after the published official close for session t,close_t,close[t+h],close[t+h],price_point_forecast,absolute_error_index_points,predict close[t],TO_BE_FROZEN_AFTER_PPR4_SOURCE_ELIGIBILITY,false,NONE,3,PROPOSED_NOT_AUTHORIZED,PPR4_DATA_GATE_THEN_PPR5_CODE_GATE_THEN_PPR6_EXACT_SNAPSHOT_PASS
R029_CORE_OHLCV_TECH_1S,R029,P05,NONE,XGBoost regressor,XGBOOST_REGRESSION,PROJECT-ADAPTATION,price_regression,COMMON_CLOSE_REGRESSION,COMMON_CLOSE_REGRESSION,CORE_OHLCV_TECH,1,after the published official close for session t,close_t,close[t+h],close[t+h],price_point_forecast,absolute_error_index_points,predict close[t],TO_BE_FROZEN_AFTER_PPR4_SOURCE_ELIGIBILITY,true,XGBOOST_REGRESSION_8,3,PROPOSED_NOT_AUTHORIZED,PPR4_DATA_GATE_THEN_PPR5_CODE_GATE_THEN_PPR6_EXACT_SNAPSHOT_PASS
R029_EXTERNAL_MARKET_1S,R029,P05,NONE,XGBoost regressor,XGBOOST_REGRESSION,PROJECT-ADAPTATION,price_regression,COMMON_CLOSE_REGRESSION,COMMON_CLOSE_REGRESSION,EXTERNAL_MARKET,1,after the published official close for session t,close_t,close[t+h],close[t+h],price_point_forecast,absolute_error_index_points,predict close[t],TO_BE_FROZEN_AFTER_PPR4_SOURCE_ELIGIBILITY,false,NONE,3,PROPOSED_NOT_AUTHORIZED,PPR4_DATA_GATE_THEN_PPR5_CODE_GATE_THEN_PPR6_EXACT_SNAPSHOT_PASS
R029_FLOWS_OPTIONS_1S,R029,P05,NONE,XGBoost regressor,XGBOOST_REGRESSION,PROJECT-ADAPTATION,price_regression,COMMON_CLOSE_REGRESSION,COMMON_CLOSE_REGRESSION,FLOWS_OPTIONS,1,after the published official close for session t,close_t,close[t+h],close[t+h],price_point_forecast,absolute_error_index_points,predict close[t],TO_BE_FROZEN_AFTER_PPR4_SOURCE_ELIGIBILITY,false,NONE,3,PROPOSED_NOT_AUTHORIZED,PPR4_DATA_GATE_THEN_PPR5_CODE_GATE_THEN_PPR6_EXACT_SNAPSHOT_PASS
R029_TIMESTAMPED_SENTIMENT_FUSION_1S,R029,P05,NONE,XGBoost regressor,XGBOOST_REGRESSION,PROJECT-ADAPTATION,price_regression,COMMON_CLOSE_REGRESSION,COMMON_CLOSE_REGRESSION,TIMESTAMPED_SENTIMENT_FUSION,1,after the published official close for session t,close_t,close[t+h],close[t+h],price_point_forecast,absolute_error_index_points,predict close[t],TO_BE_FROZEN_AFTER_PPR4_SOURCE_ELIGIBILITY,false,NONE,3,PROPOSED_NOT_AUTHORIZED,PPR4_DATA_GATE_THEN_PPR5_CODE_GATE_THEN_PPR6_EXACT_SNAPSHOT_PASS
R029_CORE_OHLCV_TECH_2S,R029,P05,NONE,XGBoost regressor,XGBOOST_REGRESSION,PROJECT-ADAPTATION,price_regression,COMMON_CLOSE_REGRESSION,COMMON_CLOSE_REGRESSION,CORE_OHLCV_TECH,2,after the published official close for session t,close_t,close[t+h],close[t+h],price_point_forecast,absolute_error_index_points,predict close[t],TO_BE_FROZEN_AFTER_PPR4_SOURCE_ELIGIBILITY,true,XGBOOST_REGRESSION_8,3,PROPOSED_NOT_AUTHORIZED,PPR4_DATA_GATE_THEN_PPR5_CODE_GATE_THEN_PPR6_EXACT_SNAPSHOT_PASS
R029_EXTERNAL_MARKET_2S,R029,P05,NONE,XGBoost regressor,XGBOOST_REGRESSION,PROJECT-ADAPTATION,price_regression,COMMON_CLOSE_REGRESSION,COMMON_CLOSE_REGRESSION,EXTERNAL_MARKET,2,after the published official close for session t,close_t,close[t+h],close[t+h],price_point_forecast,absolute_error_index_points,predict close[t],TO_BE_FROZEN_AFTER_PPR4_SOURCE_ELIGIBILITY,false,NONE,3,PROPOSED_NOT_AUTHORIZED,PPR4_DATA_GATE_THEN_PPR5_CODE_GATE_THEN_PPR6_EXACT_SNAPSHOT_PASS
R029_FLOWS_OPTIONS_2S,R029,P05,NONE,XGBoost regressor,XGBOOST_REGRESSION,PROJECT-ADAPTATION,price_regression,COMMON_CLOSE_REGRESSION,COMMON_CLOSE_REGRESSION,FLOWS_OPTIONS,2,after the published official close for session t,close_t,close[t+h],close[t+h],price_point_forecast,absolute_error_index_points,predict close[t],TO_BE_FROZEN_AFTER_PPR4_SOURCE_ELIGIBILITY,false,NONE,3,PROPOSED_NOT_AUTHORIZED,PPR4_DATA_GATE_THEN_PPR5_CODE_GATE_THEN_PPR6_EXACT_SNAPSHOT_PASS
R029_TIMESTAMPED_SENTIMENT_FUSION_2S,R029,P05,NONE,XGBoost regressor,XGBOOST_REGRESSION,PROJECT-ADAPTATION,price_regression,COMMON_CLOSE_REGRESSION,COMMON_CLOSE_REGRESSION,TIMESTAMPED_SENTIMENT_FUSION,2,after the published official close for session t,close_t,close[t+h],close[t+h],price_point_forecast,absolute_error_index_points,predict close[t],TO_BE_FROZEN_AFTER_PPR4_SOURCE_ELIGIBILITY,false,NONE,3,PROPOSED_NOT_AUTHORIZED,PPR4_DATA_GATE_THEN_PPR5_CODE_GATE_THEN_PPR6_EXACT_SNAPSHOT_PASS
R029_CORE_OHLCV_TECH_3S,R029,P05,NONE,XGBoost regressor,XGBOOST_REGRESSION,PROJECT-ADAPTATION,price_regression,COMMON_CLOSE_REGRESSION,COMMON_CLOSE_REGRESSION,CORE_OHLCV_TECH,3,after the published official close for session t,close_t,close[t+h],close[t+h],price_point_forecast,absolute_error_index_points,predict close[t],TO_BE_FROZEN_AFTER_PPR4_SOURCE_ELIGIBILITY,true,XGBOOST_REGRESSION_8,3,PROPOSED_NOT_AUTHORIZED,PPR4_DATA_GATE_THEN_PPR5_CODE_GATE_THEN_PPR6_EXACT_SNAPSHOT_PASS
R029_EXTERNAL_MARKET_3S,R029,P05,NONE,XGBoost regressor,XGBOOST_REGRESSION,PROJECT-ADAPTATION,price_regression,COMMON_CLOSE_REGRESSION,COMMON_CLOSE_REGRESSION,EXTERNAL_MARKET,3,after the published official close for session t,close_t,close[t+h],close[t+h],price_point_forecast,absolute_error_index_points,predict close[t],TO_BE_FROZEN_AFTER_PPR4_SOURCE_ELIGIBILITY,false,NONE,3,PROPOSED_NOT_AUTHORIZED,PPR4_DATA_GATE_THEN_PPR5_CODE_GATE_THEN_PPR6_EXACT_SNAPSHOT_PASS
R029_FLOWS_OPTIONS_3S,R029,P05,NONE,XGBoost regressor,XGBOOST_REGRESSION,PROJECT-ADAPTATION,price_regression,COMMON_CLOSE_REGRESSION,COMMON_CLOSE_REGRESSION,FLOWS_OPTIONS,3,after the published official close for session t,close_t,close[t+h],close[t+h],price_point_forecast,absolute_error_index_points,predict close[t],TO_BE_FROZEN_AFTER_PPR4_SOURCE_ELIGIBILITY,false,NONE,3,PROPOSED_NOT_AUTHORIZED,PPR4_DATA_GATE_THEN_PPR5_CODE_GATE_THEN_PPR6_EXACT_SNAPSHOT_PASS
R029_TIMESTAMPED_SENTIMENT_FUSION_3S,R029,P05,NONE,XGBoost regressor,XGBOOST_REGRESSION,PROJECT-ADAPTATION,price_regression,COMMON_CLOSE_REGRESSION,COMMON_CLOSE_REGRESSION,TIMESTAMPED_SENTIMENT_FUSION,3,after the published official close for session t,close_t,close[t+h],close[t+h],price_point_forecast,absolute_error_index_points,predict close[t],TO_BE_FROZEN_AFTER_PPR4_SOURCE_ELIGIBILITY,false,NONE,3,PROPOSED_NOT_AUTHORIZED,PPR4_DATA_GATE_THEN_PPR5_CODE_GATE_THEN_PPR6_EXACT_SNAPSHOT_PASS
R029_CORE_OHLCV_TECH_5S,R029,P05,NONE,XGBoost regressor,XGBOOST_REGRESSION,PROJECT-ADAPTATION,price_regression,COMMON_CLOSE_REGRESSION,COMMON_CLOSE_REGRESSION,CORE_OHLCV_TECH,5,after the published official close for session t,close_t,close[t+h],close[t+h],price_point_forecast,absolute_error_index_points,predict close[t],TO_BE_FROZEN_AFTER_PPR4_SOURCE_ELIGIBILITY,true,XGBOOST_REGRESSION_8,3,PROPOSED_NOT_AUTHORIZED,PPR4_DATA_GATE_THEN_PPR5_CODE_GATE_THEN_PPR6_EXACT_SNAPSHOT_PASS
R029_EXTERNAL_MARKET_5S,R029,P05,NONE,XGBoost regressor,XGBOOST_REGRESSION,PROJECT-ADAPTATION,price_regression,COMMON_CLOSE_REGRESSION,COMMON_CLOSE_REGRESSION,EXTERNAL_MARKET,5,after the published official close for session t,close_t,close[t+h],close[t+h],price_point_forecast,absolute_error_index_points,predict close[t],TO_BE_FROZEN_AFTER_PPR4_SOURCE_ELIGIBILITY,false,NONE,3,PROPOSED_NOT_AUTHORIZED,PPR4_DATA_GATE_THEN_PPR5_CODE_GATE_THEN_PPR6_EXACT_SNAPSHOT_PASS
R029_FLOWS_OPTIONS_5S,R029,P05,NONE,XGBoost regressor,XGBOOST_REGRESSION,PROJECT-ADAPTATION,price_regression,COMMON_CLOSE_REGRESSION,COMMON_CLOSE_REGRESSION,FLOWS_OPTIONS,5,after the published official close for session t,close_t,close[t+h],close[t+h],price_point_forecast,absolute_error_index_points,predict close[t],TO_BE_FROZEN_AFTER_PPR4_SOURCE_ELIGIBILITY,false,NONE,3,PROPOSED_NOT_AUTHORIZED,PPR4_DATA_GATE_THEN_PPR5_CODE_GATE_THEN_PPR6_EXACT_SNAPSHOT_PASS
R029_TIMESTAMPED_SENTIMENT_FUSION_5S,R029,P05,NONE,XGBoost regressor,XGBOOST_REGRESSION,PROJECT-ADAPTATION,price_regression,COMMON_CLOSE_REGRESSION,COMMON_CLOSE_REGRESSION,TIMESTAMPED_SENTIMENT_FUSION,5,after the published official close for session t,close_t,close[t+h],close[t+h],price_point_forecast,absolute_error_index_points,predict close[t],TO_BE_FROZEN_AFTER_PPR4_SOURCE_ELIGIBILITY,false,NONE,3,PROPOSED_NOT_AUTHORIZED,PPR4_DATA_GATE_THEN_PPR5_CODE_GATE_THEN_PPR6_EXACT_SNAPSHOT_PASS
R029_CORE_OHLCV_TECH_10S,R029,P05,NONE,XGBoost regressor,XGBOOST_REGRESSION,PROJECT-ADAPTATION,price_regression,COMMON_CLOSE_REGRESSION,COMMON_CLOSE_REGRESSION,CORE_OHLCV_TECH,10,after the published official close for session t,close_t,close[t+h],close[t+h],price_point_forecast,absolute_error_index_points,predict close[t],TO_BE_FROZEN_AFTER_PPR4_SOURCE_ELIGIBILITY,true,XGBOOST_REGRESSION_8,3,PROPOSED_NOT_AUTHORIZED,PPR4_DATA_GATE_THEN_PPR5_CODE_GATE_THEN_PPR6_EXACT_SNAPSHOT_PASS
R029_EXTERNAL_MARKET_10S,R029,P05,NONE,XGBoost regressor,XGBOOST_REGRESSION,PROJECT-ADAPTATION,price_regression,COMMON_CLOSE_REGRESSION,COMMON_CLOSE_REGRESSION,EXTERNAL_MARKET,10,after the published official close for session t,close_t,close[t+h],close[t+h],price_point_forecast,absolute_error_index_points,predict close[t],TO_BE_FROZEN_AFTER_PPR4_SOURCE_ELIGIBILITY,false,NONE,3,PROPOSED_NOT_AUTHORIZED,PPR4_DATA_GATE_THEN_PPR5_CODE_GATE_THEN_PPR6_EXACT_SNAPSHOT_PASS
R029_FLOWS_OPTIONS_10S,R029,P05,NONE,XGBoost regressor,XGBOOST_REGRESSION,PROJECT-ADAPTATION,price_regression,COMMON_CLOSE_REGRESSION,COMMON_CLOSE_REGRESSION,FLOWS_OPTIONS,10,after the published official close for session t,close_t,close[t+h],close[t+h],price_point_forecast,absolute_error_index_points,predict close[t],TO_BE_FROZEN_AFTER_PPR4_SOURCE_ELIGIBILITY,false,NONE,3,PROPOSED_NOT_AUTHORIZED,PPR4_DATA_GATE_THEN_PPR5_CODE_GATE_THEN_PPR6_EXACT_SNAPSHOT_PASS
R029_TIMESTAMPED_SENTIMENT_FUSION_10S,R029,P05,NONE,XGBoost regressor,XGBOOST_REGRESSION,PROJECT-ADAPTATION,price_regression,COMMON_CLOSE_REGRESSION,COMMON_CLOSE_REGRESSION,TIMESTAMPED_SENTIMENT_FUSION,10,after the published official close for session t,close_t,close[t+h],close[t+h],price_point_forecast,absolute_error_index_points,predict close[t],TO_BE_FROZEN_AFTER_PPR4_SOURCE_ELIGIBILITY,false,NONE,3,PROPOSED_NOT_AUTHORIZED,PPR4_DATA_GATE_THEN_PPR5_CODE_GATE_THEN_PPR6_EXACT_SNAPSHOT_PASS
R030_CORE_OHLCV_TECH_1S,R030,P05,NONE,Linear Regression,LINEAR_REGRESSION_NEXT_OPEN,PROJECT-ADAPTATION,price_regression,NEXT_OPEN_REGRESSION,NEXT_OPEN_REGRESSION,CORE_OHLCV_TECH,1,after the published official close for session t,close_t,open[t+1],close[t+h],price_point_forecast,absolute_error_index_points,predict open[t+1] = close[t],TO_BE_FROZEN_AFTER_PPR4_SOURCE_ELIGIBILITY,false,NONE,3,PROPOSED_NOT_AUTHORIZED,PPR4_DATA_GATE_THEN_PPR5_CODE_GATE_THEN_PPR6_EXACT_SNAPSHOT_PASS
R030_EXTERNAL_MARKET_1S,R030,P05,NONE,Linear Regression,LINEAR_REGRESSION_NEXT_OPEN,PROJECT-ADAPTATION,price_regression,NEXT_OPEN_REGRESSION,NEXT_OPEN_REGRESSION,EXTERNAL_MARKET,1,after the published official close for session t,close_t,open[t+1],close[t+h],price_point_forecast,absolute_error_index_points,predict open[t+1] = close[t],TO_BE_FROZEN_AFTER_PPR4_SOURCE_ELIGIBILITY,false,NONE,3,PROPOSED_NOT_AUTHORIZED,PPR4_DATA_GATE_THEN_PPR5_CODE_GATE_THEN_PPR6_EXACT_SNAPSHOT_PASS
R030_FLOWS_OPTIONS_1S,R030,P05,NONE,Linear Regression,LINEAR_REGRESSION_NEXT_OPEN,PROJECT-ADAPTATION,price_regression,NEXT_OPEN_REGRESSION,NEXT_OPEN_REGRESSION,FLOWS_OPTIONS,1,after the published official close for session t,close_t,open[t+1],close[t+h],price_point_forecast,absolute_error_index_points,predict open[t+1] = close[t],TO_BE_FROZEN_AFTER_PPR4_SOURCE_ELIGIBILITY,false,NONE,3,PROPOSED_NOT_AUTHORIZED,PPR4_DATA_GATE_THEN_PPR5_CODE_GATE_THEN_PPR6_EXACT_SNAPSHOT_PASS
R030_TIMESTAMPED_SENTIMENT_FUSION_1S,R030,P05,NONE,Linear Regression,LINEAR_REGRESSION_NEXT_OPEN,PROJECT-ADAPTATION,price_regression,NEXT_OPEN_REGRESSION,NEXT_OPEN_REGRESSION,TIMESTAMPED_SENTIMENT_FUSION,1,after the published official close for session t,close_t,open[t+1],close[t+h],price_point_forecast,absolute_error_index_points,predict open[t+1] = close[t],TO_BE_FROZEN_AFTER_PPR4_SOURCE_ELIGIBILITY,false,NONE,3,PROPOSED_NOT_AUTHORIZED,PPR4_DATA_GATE_THEN_PPR5_CODE_GATE_THEN_PPR6_EXACT_SNAPSHOT_PASS
R031_CORE_OHLCV_TECH_1S,R031,P05,NONE,Lasso regression,LASSO_REGRESSION_NEXT_OPEN,PROJECT-ADAPTATION,price_regression,NEXT_OPEN_REGRESSION,NEXT_OPEN_REGRESSION,CORE_OHLCV_TECH,1,after the published official close for session t,close_t,open[t+1],close[t+h],price_point_forecast,absolute_error_index_points,predict open[t+1] = close[t],TO_BE_FROZEN_AFTER_PPR4_SOURCE_ELIGIBILITY,false,NONE,3,PROPOSED_NOT_AUTHORIZED,PPR4_DATA_GATE_THEN_PPR5_CODE_GATE_THEN_PPR6_EXACT_SNAPSHOT_PASS
R031_EXTERNAL_MARKET_1S,R031,P05,NONE,Lasso regression,LASSO_REGRESSION_NEXT_OPEN,PROJECT-ADAPTATION,price_regression,NEXT_OPEN_REGRESSION,NEXT_OPEN_REGRESSION,EXTERNAL_MARKET,1,after the published official close for session t,close_t,open[t+1],close[t+h],price_point_forecast,absolute_error_index_points,predict open[t+1] = close[t],TO_BE_FROZEN_AFTER_PPR4_SOURCE_ELIGIBILITY,false,NONE,3,PROPOSED_NOT_AUTHORIZED,PPR4_DATA_GATE_THEN_PPR5_CODE_GATE_THEN_PPR6_EXACT_SNAPSHOT_PASS
R031_FLOWS_OPTIONS_1S,R031,P05,NONE,Lasso regression,LASSO_REGRESSION_NEXT_OPEN,PROJECT-ADAPTATION,price_regression,NEXT_OPEN_REGRESSION,NEXT_OPEN_REGRESSION,FLOWS_OPTIONS,1,after the published official close for session t,close_t,open[t+1],close[t+h],price_point_forecast,absolute_error_index_points,predict open[t+1] = close[t],TO_BE_FROZEN_AFTER_PPR4_SOURCE_ELIGIBILITY,false,NONE,3,PROPOSED_NOT_AUTHORIZED,PPR4_DATA_GATE_THEN_PPR5_CODE_GATE_THEN_PPR6_EXACT_SNAPSHOT_PASS
R031_TIMESTAMPED_SENTIMENT_FUSION_1S,R031,P05,NONE,Lasso regression,LASSO_REGRESSION_NEXT_OPEN,PROJECT-ADAPTATION,price_regression,NEXT_OPEN_REGRESSION,NEXT_OPEN_REGRESSION,TIMESTAMPED_SENTIMENT_FUSION,1,after the published official close for session t,close_t,open[t+1],close[t+h],price_point_forecast,absolute_error_index_points,predict open[t+1] = close[t],TO_BE_FROZEN_AFTER_PPR4_SOURCE_ELIGIBILITY,false,NONE,3,PROPOSED_NOT_AUTHORIZED,PPR4_DATA_GATE_THEN_PPR5_CODE_GATE_THEN_PPR6_EXACT_SNAPSHOT_PASS
R032_CORE_OHLCV_TECH_1S,R032,P05,NONE,Ridge regression,RIDGE_REGRESSION_NEXT_OPEN,PROJECT-ADAPTATION,price_regression,NEXT_OPEN_REGRESSION,NEXT_OPEN_REGRESSION,CORE_OHLCV_TECH,1,after the published official close for session t,close_t,open[t+1],close[t+h],price_point_forecast,absolute_error_index_points,predict open[t+1] = close[t],TO_BE_FROZEN_AFTER_PPR4_SOURCE_ELIGIBILITY,false,NONE,3,PROPOSED_NOT_AUTHORIZED,PPR4_DATA_GATE_THEN_PPR5_CODE_GATE_THEN_PPR6_EXACT_SNAPSHOT_PASS
R032_EXTERNAL_MARKET_1S,R032,P05,NONE,Ridge regression,RIDGE_REGRESSION_NEXT_OPEN,PROJECT-ADAPTATION,price_regression,NEXT_OPEN_REGRESSION,NEXT_OPEN_REGRESSION,EXTERNAL_MARKET,1,after the published official close for session t,close_t,open[t+1],close[t+h],price_point_forecast,absolute_error_index_points,predict open[t+1] = close[t],TO_BE_FROZEN_AFTER_PPR4_SOURCE_ELIGIBILITY,false,NONE,3,PROPOSED_NOT_AUTHORIZED,PPR4_DATA_GATE_THEN_PPR5_CODE_GATE_THEN_PPR6_EXACT_SNAPSHOT_PASS
R032_FLOWS_OPTIONS_1S,R032,P05,NONE,Ridge regression,RIDGE_REGRESSION_NEXT_OPEN,PROJECT-ADAPTATION,price_regression,NEXT_OPEN_REGRESSION,NEXT_OPEN_REGRESSION,FLOWS_OPTIONS,1,after the published official close for session t,close_t,open[t+1],close[t+h],price_point_forecast,absolute_error_index_points,predict open[t+1] = close[t],TO_BE_FROZEN_AFTER_PPR4_SOURCE_ELIGIBILITY,false,NONE,3,PROPOSED_NOT_AUTHORIZED,PPR4_DATA_GATE_THEN_PPR5_CODE_GATE_THEN_PPR6_EXACT_SNAPSHOT_PASS
R032_TIMESTAMPED_SENTIMENT_FUSION_1S,R032,P05,NONE,Ridge regression,RIDGE_REGRESSION_NEXT_OPEN,PROJECT-ADAPTATION,price_regression,NEXT_OPEN_REGRESSION,NEXT_OPEN_REGRESSION,TIMESTAMPED_SENTIMENT_FUSION,1,after the published official close for session t,close_t,open[t+1],close[t+h],price_point_forecast,absolute_error_index_points,predict open[t+1] = close[t],TO_BE_FROZEN_AFTER_PPR4_SOURCE_ELIGIBILITY,false,NONE,3,PROPOSED_NOT_AUTHORIZED,PPR4_DATA_GATE_THEN_PPR5_CODE_GATE_THEN_PPR6_EXACT_SNAPSHOT_PASS
R033_CORE_OHLCV_TECH_1S,R033,P05,NONE,Elastic Net regression,ELASTIC_NET_REGRESSION_NEXT_OPEN,PROJECT-ADAPTATION,price_regression,NEXT_OPEN_REGRESSION,NEXT_OPEN_REGRESSION,CORE_OHLCV_TECH,1,after the published official close for session t,close_t,open[t+1],close[t+h],price_point_forecast,absolute_error_index_points,predict open[t+1] = close[t],TO_BE_FROZEN_AFTER_PPR4_SOURCE_ELIGIBILITY,false,NONE,3,PROPOSED_NOT_AUTHORIZED,PPR4_DATA_GATE_THEN_PPR5_CODE_GATE_THEN_PPR6_EXACT_SNAPSHOT_PASS
R033_EXTERNAL_MARKET_1S,R033,P05,NONE,Elastic Net regression,ELASTIC_NET_REGRESSION_NEXT_OPEN,PROJECT-ADAPTATION,price_regression,NEXT_OPEN_REGRESSION,NEXT_OPEN_REGRESSION,EXTERNAL_MARKET,1,after the published official close for session t,close_t,open[t+1],close[t+h],price_point_forecast,absolute_error_index_points,predict open[t+1] = close[t],TO_BE_FROZEN_AFTER_PPR4_SOURCE_ELIGIBILITY,false,NONE,3,PROPOSED_NOT_AUTHORIZED,PPR4_DATA_GATE_THEN_PPR5_CODE_GATE_THEN_PPR6_EXACT_SNAPSHOT_PASS
R033_FLOWS_OPTIONS_1S,R033,P05,NONE,Elastic Net regression,ELASTIC_NET_REGRESSION_NEXT_OPEN,PROJECT-ADAPTATION,price_regression,NEXT_OPEN_REGRESSION,NEXT_OPEN_REGRESSION,FLOWS_OPTIONS,1,after the published official close for session t,close_t,open[t+1],close[t+h],price_point_forecast,absolute_error_index_points,predict open[t+1] = close[t],TO_BE_FROZEN_AFTER_PPR4_SOURCE_ELIGIBILITY,false,NONE,3,PROPOSED_NOT_AUTHORIZED,PPR4_DATA_GATE_THEN_PPR5_CODE_GATE_THEN_PPR6_EXACT_SNAPSHOT_PASS
R033_TIMESTAMPED_SENTIMENT_FUSION_1S,R033,P05,NONE,Elastic Net regression,ELASTIC_NET_REGRESSION_NEXT_OPEN,PROJECT-ADAPTATION,price_regression,NEXT_OPEN_REGRESSION,NEXT_OPEN_REGRESSION,TIMESTAMPED_SENTIMENT_FUSION,1,after the published official close for session t,close_t,open[t+1],close[t+h],price_point_forecast,absolute_error_index_points,predict open[t+1] = close[t],TO_BE_FROZEN_AFTER_PPR4_SOURCE_ELIGIBILITY,false,NONE,3,PROPOSED_NOT_AUTHORIZED,PPR4_DATA_GATE_THEN_PPR5_CODE_GATE_THEN_PPR6_EXACT_SNAPSHOT_PASS
R034_CORE_OHLCV_TECH_1S,R034,P05,NONE,SGD Regressor,SGD_REGRESSION_NEXT_OPEN,PROJECT-ADAPTATION,price_regression,NEXT_OPEN_REGRESSION,NEXT_OPEN_REGRESSION,CORE_OHLCV_TECH,1,after the published official close for session t,close_t,open[t+1],close[t+h],price_point_forecast,absolute_error_index_points,predict open[t+1] = close[t],TO_BE_FROZEN_AFTER_PPR4_SOURCE_ELIGIBILITY,false,NONE,3,PROPOSED_NOT_AUTHORIZED,PPR4_DATA_GATE_THEN_PPR5_CODE_GATE_THEN_PPR6_EXACT_SNAPSHOT_PASS
R034_EXTERNAL_MARKET_1S,R034,P05,NONE,SGD Regressor,SGD_REGRESSION_NEXT_OPEN,PROJECT-ADAPTATION,price_regression,NEXT_OPEN_REGRESSION,NEXT_OPEN_REGRESSION,EXTERNAL_MARKET,1,after the published official close for session t,close_t,open[t+1],close[t+h],price_point_forecast,absolute_error_index_points,predict open[t+1] = close[t],TO_BE_FROZEN_AFTER_PPR4_SOURCE_ELIGIBILITY,false,NONE,3,PROPOSED_NOT_AUTHORIZED,PPR4_DATA_GATE_THEN_PPR5_CODE_GATE_THEN_PPR6_EXACT_SNAPSHOT_PASS
R034_FLOWS_OPTIONS_1S,R034,P05,NONE,SGD Regressor,SGD_REGRESSION_NEXT_OPEN,PROJECT-ADAPTATION,price_regression,NEXT_OPEN_REGRESSION,NEXT_OPEN_REGRESSION,FLOWS_OPTIONS,1,after the published official close for session t,close_t,open[t+1],close[t+h],price_point_forecast,absolute_error_index_points,predict open[t+1] = close[t],TO_BE_FROZEN_AFTER_PPR4_SOURCE_ELIGIBILITY,false,NONE,3,PROPOSED_NOT_AUTHORIZED,PPR4_DATA_GATE_THEN_PPR5_CODE_GATE_THEN_PPR6_EXACT_SNAPSHOT_PASS
R034_TIMESTAMPED_SENTIMENT_FUSION_1S,R034,P05,NONE,SGD Regressor,SGD_REGRESSION_NEXT_OPEN,PROJECT-ADAPTATION,price_regression,NEXT_OPEN_REGRESSION,NEXT_OPEN_REGRESSION,TIMESTAMPED_SENTIMENT_FUSION,1,after the published official close for session t,close_t,open[t+1],close[t+h],price_point_forecast,absolute_error_index_points,predict open[t+1] = close[t],TO_BE_FROZEN_AFTER_PPR4_SOURCE_ELIGIBILITY,false,NONE,3,PROPOSED_NOT_AUTHORIZED,PPR4_DATA_GATE_THEN_PPR5_CODE_GATE_THEN_PPR6_EXACT_SNAPSHOT_PASS
R035_CORE_OHLCV_TECH_1S,R035,P05,NONE,SVR,SVR_REGRESSION_NEXT_OPEN,PROJECT-ADAPTATION,price_regression,NEXT_OPEN_REGRESSION,NEXT_OPEN_REGRESSION,CORE_OHLCV_TECH,1,after the published official close for session t,close_t,open[t+1],close[t+h],price_point_forecast,absolute_error_index_points,predict open[t+1] = close[t],TO_BE_FROZEN_AFTER_PPR4_SOURCE_ELIGIBILITY,false,NONE,3,PROPOSED_NOT_AUTHORIZED,PPR4_DATA_GATE_THEN_PPR5_CODE_GATE_THEN_PPR6_EXACT_SNAPSHOT_PASS
R035_EXTERNAL_MARKET_1S,R035,P05,NONE,SVR,SVR_REGRESSION_NEXT_OPEN,PROJECT-ADAPTATION,price_regression,NEXT_OPEN_REGRESSION,NEXT_OPEN_REGRESSION,EXTERNAL_MARKET,1,after the published official close for session t,close_t,open[t+1],close[t+h],price_point_forecast,absolute_error_index_points,predict open[t+1] = close[t],TO_BE_FROZEN_AFTER_PPR4_SOURCE_ELIGIBILITY,false,NONE,3,PROPOSED_NOT_AUTHORIZED,PPR4_DATA_GATE_THEN_PPR5_CODE_GATE_THEN_PPR6_EXACT_SNAPSHOT_PASS
R035_FLOWS_OPTIONS_1S,R035,P05,NONE,SVR,SVR_REGRESSION_NEXT_OPEN,PROJECT-ADAPTATION,price_regression,NEXT_OPEN_REGRESSION,NEXT_OPEN_REGRESSION,FLOWS_OPTIONS,1,after the published official close for session t,close_t,open[t+1],close[t+h],price_point_forecast,absolute_error_index_points,predict open[t+1] = close[t],TO_BE_FROZEN_AFTER_PPR4_SOURCE_ELIGIBILITY,false,NONE,3,PROPOSED_NOT_AUTHORIZED,PPR4_DATA_GATE_THEN_PPR5_CODE_GATE_THEN_PPR6_EXACT_SNAPSHOT_PASS
R035_TIMESTAMPED_SENTIMENT_FUSION_1S,R035,P05,NONE,SVR,SVR_REGRESSION_NEXT_OPEN,PROJECT-ADAPTATION,price_regression,NEXT_OPEN_REGRESSION,NEXT_OPEN_REGRESSION,TIMESTAMPED_SENTIMENT_FUSION,1,after the published official close for session t,close_t,open[t+1],close[t+h],price_point_forecast,absolute_error_index_points,predict open[t+1] = close[t],TO_BE_FROZEN_AFTER_PPR4_SOURCE_ELIGIBILITY,false,NONE,3,PROPOSED_NOT_AUTHORIZED,PPR4_DATA_GATE_THEN_PPR5_CODE_GATE_THEN_PPR6_EXACT_SNAPSHOT_PASS
R036_CORE_OHLCV_TECH_1S,R036,P05,NONE,KNN regressor,KNN_REGRESSION_NEXT_OPEN,PROJECT-ADAPTATION,price_regression,NEXT_OPEN_REGRESSION,NEXT_OPEN_REGRESSION,CORE_OHLCV_TECH,1,after the published official close for session t,close_t,open[t+1],close[t+h],price_point_forecast,absolute_error_index_points,predict open[t+1] = close[t],TO_BE_FROZEN_AFTER_PPR4_SOURCE_ELIGIBILITY,false,NONE,3,PROPOSED_NOT_AUTHORIZED,PPR4_DATA_GATE_THEN_PPR5_CODE_GATE_THEN_PPR6_EXACT_SNAPSHOT_PASS
R036_EXTERNAL_MARKET_1S,R036,P05,NONE,KNN regressor,KNN_REGRESSION_NEXT_OPEN,PROJECT-ADAPTATION,price_regression,NEXT_OPEN_REGRESSION,NEXT_OPEN_REGRESSION,EXTERNAL_MARKET,1,after the published official close for session t,close_t,open[t+1],close[t+h],price_point_forecast,absolute_error_index_points,predict open[t+1] = close[t],TO_BE_FROZEN_AFTER_PPR4_SOURCE_ELIGIBILITY,false,NONE,3,PROPOSED_NOT_AUTHORIZED,PPR4_DATA_GATE_THEN_PPR5_CODE_GATE_THEN_PPR6_EXACT_SNAPSHOT_PASS
R036_FLOWS_OPTIONS_1S,R036,P05,NONE,KNN regressor,KNN_REGRESSION_NEXT_OPEN,PROJECT-ADAPTATION,price_regression,NEXT_OPEN_REGRESSION,NEXT_OPEN_REGRESSION,FLOWS_OPTIONS,1,after the published official close for session t,close_t,open[t+1],close[t+h],price_point_forecast,absolute_error_index_points,predict open[t+1] = close[t],TO_BE_FROZEN_AFTER_PPR4_SOURCE_ELIGIBILITY,false,NONE,3,PROPOSED_NOT_AUTHORIZED,PPR4_DATA_GATE_THEN_PPR5_CODE_GATE_THEN_PPR6_EXACT_SNAPSHOT_PASS
R036_TIMESTAMPED_SENTIMENT_FUSION_1S,R036,P05,NONE,KNN regressor,KNN_REGRESSION_NEXT_OPEN,PROJECT-ADAPTATION,price_regression,NEXT_OPEN_REGRESSION,NEXT_OPEN_REGRESSION,TIMESTAMPED_SENTIMENT_FUSION,1,after the published official close for session t,close_t,open[t+1],close[t+h],price_point_forecast,absolute_error_index_points,predict open[t+1] = close[t],TO_BE_FROZEN_AFTER_PPR4_SOURCE_ELIGIBILITY,false,NONE,3,PROPOSED_NOT_AUTHORIZED,PPR4_DATA_GATE_THEN_PPR5_CODE_GATE_THEN_PPR6_EXACT_SNAPSHOT_PASS
R037_CORE_OHLCV_TECH_1S,R037,P05,NONE,Decision Tree regressor,TREE_REGRESSION_NEXT_OPEN,PROJECT-ADAPTATION,price_regression,NEXT_OPEN_REGRESSION,NEXT_OPEN_REGRESSION,CORE_OHLCV_TECH,1,after the published official close for session t,close_t,open[t+1],close[t+h],price_point_forecast,absolute_error_index_points,predict open[t+1] = close[t],TO_BE_FROZEN_AFTER_PPR4_SOURCE_ELIGIBILITY,false,NONE,3,PROPOSED_NOT_AUTHORIZED,PPR4_DATA_GATE_THEN_PPR5_CODE_GATE_THEN_PPR6_EXACT_SNAPSHOT_PASS
R037_EXTERNAL_MARKET_1S,R037,P05,NONE,Decision Tree regressor,TREE_REGRESSION_NEXT_OPEN,PROJECT-ADAPTATION,price_regression,NEXT_OPEN_REGRESSION,NEXT_OPEN_REGRESSION,EXTERNAL_MARKET,1,after the published official close for session t,close_t,open[t+1],close[t+h],price_point_forecast,absolute_error_index_points,predict open[t+1] = close[t],TO_BE_FROZEN_AFTER_PPR4_SOURCE_ELIGIBILITY,false,NONE,3,PROPOSED_NOT_AUTHORIZED,PPR4_DATA_GATE_THEN_PPR5_CODE_GATE_THEN_PPR6_EXACT_SNAPSHOT_PASS
R037_FLOWS_OPTIONS_1S,R037,P05,NONE,Decision Tree regressor,TREE_REGRESSION_NEXT_OPEN,PROJECT-ADAPTATION,price_regression,NEXT_OPEN_REGRESSION,NEXT_OPEN_REGRESSION,FLOWS_OPTIONS,1,after the published official close for session t,close_t,open[t+1],close[t+h],price_point_forecast,absolute_error_index_points,predict open[t+1] = close[t],TO_BE_FROZEN_AFTER_PPR4_SOURCE_ELIGIBILITY,false,NONE,3,PROPOSED_NOT_AUTHORIZED,PPR4_DATA_GATE_THEN_PPR5_CODE_GATE_THEN_PPR6_EXACT_SNAPSHOT_PASS
R037_TIMESTAMPED_SENTIMENT_FUSION_1S,R037,P05,NONE,Decision Tree regressor,TREE_REGRESSION_NEXT_OPEN,PROJECT-ADAPTATION,price_regression,NEXT_OPEN_REGRESSION,NEXT_OPEN_REGRESSION,TIMESTAMPED_SENTIMENT_FUSION,1,after the published official close for session t,close_t,open[t+1],close[t+h],price_point_forecast,absolute_error_index_points,predict open[t+1] = close[t],TO_BE_FROZEN_AFTER_PPR4_SOURCE_ELIGIBILITY,false,NONE,3,PROPOSED_NOT_AUTHORIZED,PPR4_DATA_GATE_THEN_PPR5_CODE_GATE_THEN_PPR6_EXACT_SNAPSHOT_PASS
R038_CORE_OHLCV_TECH_1S,R038,P05,NONE,Random Forest regressor,RANDOM_FOREST_REGRESSION_NEXT_OPEN,PROJECT-ADAPTATION,price_regression,NEXT_OPEN_REGRESSION,NEXT_OPEN_REGRESSION,CORE_OHLCV_TECH,1,after the published official close for session t,close_t,open[t+1],close[t+h],price_point_forecast,absolute_error_index_points,predict open[t+1] = close[t],TO_BE_FROZEN_AFTER_PPR4_SOURCE_ELIGIBILITY,true,RF_REGRESSION_18,3,PROPOSED_NOT_AUTHORIZED,PPR4_DATA_GATE_THEN_PPR5_CODE_GATE_THEN_PPR6_EXACT_SNAPSHOT_PASS
R038_EXTERNAL_MARKET_1S,R038,P05,NONE,Random Forest regressor,RANDOM_FOREST_REGRESSION_NEXT_OPEN,PROJECT-ADAPTATION,price_regression,NEXT_OPEN_REGRESSION,NEXT_OPEN_REGRESSION,EXTERNAL_MARKET,1,after the published official close for session t,close_t,open[t+1],close[t+h],price_point_forecast,absolute_error_index_points,predict open[t+1] = close[t],TO_BE_FROZEN_AFTER_PPR4_SOURCE_ELIGIBILITY,false,NONE,3,PROPOSED_NOT_AUTHORIZED,PPR4_DATA_GATE_THEN_PPR5_CODE_GATE_THEN_PPR6_EXACT_SNAPSHOT_PASS
R038_FLOWS_OPTIONS_1S,R038,P05,NONE,Random Forest regressor,RANDOM_FOREST_REGRESSION_NEXT_OPEN,PROJECT-ADAPTATION,price_regression,NEXT_OPEN_REGRESSION,NEXT_OPEN_REGRESSION,FLOWS_OPTIONS,1,after the published official close for session t,close_t,open[t+1],close[t+h],price_point_forecast,absolute_error_index_points,predict open[t+1] = close[t],TO_BE_FROZEN_AFTER_PPR4_SOURCE_ELIGIBILITY,false,NONE,3,PROPOSED_NOT_AUTHORIZED,PPR4_DATA_GATE_THEN_PPR5_CODE_GATE_THEN_PPR6_EXACT_SNAPSHOT_PASS
R038_TIMESTAMPED_SENTIMENT_FUSION_1S,R038,P05,NONE,Random Forest regressor,RANDOM_FOREST_REGRESSION_NEXT_OPEN,PROJECT-ADAPTATION,price_regression,NEXT_OPEN_REGRESSION,NEXT_OPEN_REGRESSION,TIMESTAMPED_SENTIMENT_FUSION,1,after the published official close for session t,close_t,open[t+1],close[t+h],price_point_forecast,absolute_error_index_points,predict open[t+1] = close[t],TO_BE_FROZEN_AFTER_PPR4_SOURCE_ELIGIBILITY,false,NONE,3,PROPOSED_NOT_AUTHORIZED,PPR4_DATA_GATE_THEN_PPR5_CODE_GATE_THEN_PPR6_EXACT_SNAPSHOT_PASS
R039_CORE_OHLCV_TECH_1S,R039,P05,NONE,Gradient Boosting regressor,GRADIENT_BOOSTING_REGRESSION_NEXT_OPEN,PROJECT-ADAPTATION,price_regression,NEXT_OPEN_REGRESSION,NEXT_OPEN_REGRESSION,CORE_OHLCV_TECH,1,after the published official close for session t,close_t,open[t+1],close[t+h],price_point_forecast,absolute_error_index_points,predict open[t+1] = close[t],TO_BE_FROZEN_AFTER_PPR4_SOURCE_ELIGIBILITY,false,NONE,3,PROPOSED_NOT_AUTHORIZED,PPR4_DATA_GATE_THEN_PPR5_CODE_GATE_THEN_PPR6_EXACT_SNAPSHOT_PASS
R039_EXTERNAL_MARKET_1S,R039,P05,NONE,Gradient Boosting regressor,GRADIENT_BOOSTING_REGRESSION_NEXT_OPEN,PROJECT-ADAPTATION,price_regression,NEXT_OPEN_REGRESSION,NEXT_OPEN_REGRESSION,EXTERNAL_MARKET,1,after the published official close for session t,close_t,open[t+1],close[t+h],price_point_forecast,absolute_error_index_points,predict open[t+1] = close[t],TO_BE_FROZEN_AFTER_PPR4_SOURCE_ELIGIBILITY,false,NONE,3,PROPOSED_NOT_AUTHORIZED,PPR4_DATA_GATE_THEN_PPR5_CODE_GATE_THEN_PPR6_EXACT_SNAPSHOT_PASS
R039_FLOWS_OPTIONS_1S,R039,P05,NONE,Gradient Boosting regressor,GRADIENT_BOOSTING_REGRESSION_NEXT_OPEN,PROJECT-ADAPTATION,price_regression,NEXT_OPEN_REGRESSION,NEXT_OPEN_REGRESSION,FLOWS_OPTIONS,1,after the published official close for session t,close_t,open[t+1],close[t+h],price_point_forecast,absolute_error_index_points,predict open[t+1] = close[t],TO_BE_FROZEN_AFTER_PPR4_SOURCE_ELIGIBILITY,false,NONE,3,PROPOSED_NOT_AUTHORIZED,PPR4_DATA_GATE_THEN_PPR5_CODE_GATE_THEN_PPR6_EXACT_SNAPSHOT_PASS
R039_TIMESTAMPED_SENTIMENT_FUSION_1S,R039,P05,NONE,Gradient Boosting regressor,GRADIENT_BOOSTING_REGRESSION_NEXT_OPEN,PROJECT-ADAPTATION,price_regression,NEXT_OPEN_REGRESSION,NEXT_OPEN_REGRESSION,TIMESTAMPED_SENTIMENT_FUSION,1,after the published official close for session t,close_t,open[t+1],close[t+h],price_point_forecast,absolute_error_index_points,predict open[t+1] = close[t],TO_BE_FROZEN_AFTER_PPR4_SOURCE_ELIGIBILITY,false,NONE,3,PROPOSED_NOT_AUTHORIZED,PPR4_DATA_GATE_THEN_PPR5_CODE_GATE_THEN_PPR6_EXACT_SNAPSHOT_PASS
R040_CORE_OHLCV_TECH_1S,R040,P05,NONE,AdaBoost regressor,ADABOOST_REGRESSION_NEXT_OPEN,PROJECT-ADAPTATION,price_regression,NEXT_OPEN_REGRESSION,NEXT_OPEN_REGRESSION,CORE_OHLCV_TECH,1,after the published official close for session t,close_t,open[t+1],close[t+h],price_point_forecast,absolute_error_index_points,predict open[t+1] = close[t],TO_BE_FROZEN_AFTER_PPR4_SOURCE_ELIGIBILITY,false,NONE,3,PROPOSED_NOT_AUTHORIZED,PPR4_DATA_GATE_THEN_PPR5_CODE_GATE_THEN_PPR6_EXACT_SNAPSHOT_PASS
R040_EXTERNAL_MARKET_1S,R040,P05,NONE,AdaBoost regressor,ADABOOST_REGRESSION_NEXT_OPEN,PROJECT-ADAPTATION,price_regression,NEXT_OPEN_REGRESSION,NEXT_OPEN_REGRESSION,EXTERNAL_MARKET,1,after the published official close for session t,close_t,open[t+1],close[t+h],price_point_forecast,absolute_error_index_points,predict open[t+1] = close[t],TO_BE_FROZEN_AFTER_PPR4_SOURCE_ELIGIBILITY,false,NONE,3,PROPOSED_NOT_AUTHORIZED,PPR4_DATA_GATE_THEN_PPR5_CODE_GATE_THEN_PPR6_EXACT_SNAPSHOT_PASS
R040_FLOWS_OPTIONS_1S,R040,P05,NONE,AdaBoost regressor,ADABOOST_REGRESSION_NEXT_OPEN,PROJECT-ADAPTATION,price_regression,NEXT_OPEN_REGRESSION,NEXT_OPEN_REGRESSION,FLOWS_OPTIONS,1,after the published official close for session t,close_t,open[t+1],close[t+h],price_point_forecast,absolute_error_index_points,predict open[t+1] = close[t],TO_BE_FROZEN_AFTER_PPR4_SOURCE_ELIGIBILITY,false,NONE,3,PROPOSED_NOT_AUTHORIZED,PPR4_DATA_GATE_THEN_PPR5_CODE_GATE_THEN_PPR6_EXACT_SNAPSHOT_PASS
R040_TIMESTAMPED_SENTIMENT_FUSION_1S,R040,P05,NONE,AdaBoost regressor,ADABOOST_REGRESSION_NEXT_OPEN,PROJECT-ADAPTATION,price_regression,NEXT_OPEN_REGRESSION,NEXT_OPEN_REGRESSION,TIMESTAMPED_SENTIMENT_FUSION,1,after the published official close for session t,close_t,open[t+1],close[t+h],price_point_forecast,absolute_error_index_points,predict open[t+1] = close[t],TO_BE_FROZEN_AFTER_PPR4_SOURCE_ELIGIBILITY,false,NONE,3,PROPOSED_NOT_AUTHORIZED,PPR4_DATA_GATE_THEN_PPR5_CODE_GATE_THEN_PPR6_EXACT_SNAPSHOT_PASS
R041_CORE_OHLCV_TECH_1S,R041,P05,NONE,XGBoost regressor,XGBOOST_REGRESSION_NEXT_OPEN,PROJECT-ADAPTATION,price_regression,NEXT_OPEN_REGRESSION,NEXT_OPEN_REGRESSION,CORE_OHLCV_TECH,1,after the published official close for session t,close_t,open[t+1],close[t+h],price_point_forecast,absolute_error_index_points,predict open[t+1] = close[t],TO_BE_FROZEN_AFTER_PPR4_SOURCE_ELIGIBILITY,true,XGBOOST_REGRESSION_8,3,PROPOSED_NOT_AUTHORIZED,PPR4_DATA_GATE_THEN_PPR5_CODE_GATE_THEN_PPR6_EXACT_SNAPSHOT_PASS
R041_EXTERNAL_MARKET_1S,R041,P05,NONE,XGBoost regressor,XGBOOST_REGRESSION_NEXT_OPEN,PROJECT-ADAPTATION,price_regression,NEXT_OPEN_REGRESSION,NEXT_OPEN_REGRESSION,EXTERNAL_MARKET,1,after the published official close for session t,close_t,open[t+1],close[t+h],price_point_forecast,absolute_error_index_points,predict open[t+1] = close[t],TO_BE_FROZEN_AFTER_PPR4_SOURCE_ELIGIBILITY,false,NONE,3,PROPOSED_NOT_AUTHORIZED,PPR4_DATA_GATE_THEN_PPR5_CODE_GATE_THEN_PPR6_EXACT_SNAPSHOT_PASS
R041_FLOWS_OPTIONS_1S,R041,P05,NONE,XGBoost regressor,XGBOOST_REGRESSION_NEXT_OPEN,PROJECT-ADAPTATION,price_regression,NEXT_OPEN_REGRESSION,NEXT_OPEN_REGRESSION,FLOWS_OPTIONS,1,after the published official close for session t,close_t,open[t+1],close[t+h],price_point_forecast,absolute_error_index_points,predict open[t+1] = close[t],TO_BE_FROZEN_AFTER_PPR4_SOURCE_ELIGIBILITY,false,NONE,3,PROPOSED_NOT_AUTHORIZED,PPR4_DATA_GATE_THEN_PPR5_CODE_GATE_THEN_PPR6_EXACT_SNAPSHOT_PASS
R041_TIMESTAMPED_SENTIMENT_FUSION_1S,R041,P05,NONE,XGBoost regressor,XGBOOST_REGRESSION_NEXT_OPEN,PROJECT-ADAPTATION,price_regression,NEXT_OPEN_REGRESSION,NEXT_OPEN_REGRESSION,TIMESTAMPED_SENTIMENT_FUSION,1,after the published official close for session t,close_t,open[t+1],close[t+h],price_point_forecast,absolute_error_index_points,predict open[t+1] = close[t],TO_BE_FROZEN_AFTER_PPR4_SOURCE_ELIGIBILITY,false,NONE,3,PROPOSED_NOT_AUTHORIZED,PPR4_DATA_GATE_THEN_PPR5_CODE_GATE_THEN_PPR6_EXACT_SNAPSHOT_PASS
R044_CORE_OHLCV_TECH_1S,R044,P10,NONE,GRU,GRU_REGRESSION,PROJECT-ADAPTATION,price_regression,COMMON_CLOSE_REGRESSION,COMMON_CLOSE_REGRESSION,CORE_OHLCV_TECH,1,after the published official close for session t,close_t,close[t+h],close[t+h],price_point_forecast,absolute_error_index_points,predict close[t],TO_BE_FROZEN_AFTER_PPR4_SOURCE_ELIGIBILITY,false,NONE,3,PROPOSED_NOT_AUTHORIZED,PPR4_DATA_GATE_THEN_PPR5_CODE_GATE_THEN_PPR6_EXACT_SNAPSHOT_PASS
R044_EXTERNAL_MARKET_1S,R044,P10,NONE,GRU,GRU_REGRESSION,PROJECT-ADAPTATION,price_regression,COMMON_CLOSE_REGRESSION,COMMON_CLOSE_REGRESSION,EXTERNAL_MARKET,1,after the published official close for session t,close_t,close[t+h],close[t+h],price_point_forecast,absolute_error_index_points,predict close[t],TO_BE_FROZEN_AFTER_PPR4_SOURCE_ELIGIBILITY,false,NONE,3,PROPOSED_NOT_AUTHORIZED,PPR4_DATA_GATE_THEN_PPR5_CODE_GATE_THEN_PPR6_EXACT_SNAPSHOT_PASS
R044_FLOWS_OPTIONS_1S,R044,P10,NONE,GRU,GRU_REGRESSION,PROJECT-ADAPTATION,price_regression,COMMON_CLOSE_REGRESSION,COMMON_CLOSE_REGRESSION,FLOWS_OPTIONS,1,after the published official close for session t,close_t,close[t+h],close[t+h],price_point_forecast,absolute_error_index_points,predict close[t],TO_BE_FROZEN_AFTER_PPR4_SOURCE_ELIGIBILITY,false,NONE,3,PROPOSED_NOT_AUTHORIZED,PPR4_DATA_GATE_THEN_PPR5_CODE_GATE_THEN_PPR6_EXACT_SNAPSHOT_PASS
R044_TIMESTAMPED_SENTIMENT_FUSION_1S,R044,P10,NONE,GRU,GRU_REGRESSION,PROJECT-ADAPTATION,price_regression,COMMON_CLOSE_REGRESSION,COMMON_CLOSE_REGRESSION,TIMESTAMPED_SENTIMENT_FUSION,1,after the published official close for session t,close_t,close[t+h],close[t+h],price_point_forecast,absolute_error_index_points,predict close[t],TO_BE_FROZEN_AFTER_PPR4_SOURCE_ELIGIBILITY,false,NONE,3,PROPOSED_NOT_AUTHORIZED,PPR4_DATA_GATE_THEN_PPR5_CODE_GATE_THEN_PPR6_EXACT_SNAPSHOT_PASS
R044_CORE_OHLCV_TECH_2S,R044,P10,NONE,GRU,GRU_REGRESSION,PROJECT-ADAPTATION,price_regression,COMMON_CLOSE_REGRESSION,COMMON_CLOSE_REGRESSION,CORE_OHLCV_TECH,2,after the published official close for session t,close_t,close[t+h],close[t+h],price_point_forecast,absolute_error_index_points,predict close[t],TO_BE_FROZEN_AFTER_PPR4_SOURCE_ELIGIBILITY,false,NONE,3,PROPOSED_NOT_AUTHORIZED,PPR4_DATA_GATE_THEN_PPR5_CODE_GATE_THEN_PPR6_EXACT_SNAPSHOT_PASS
R044_EXTERNAL_MARKET_2S,R044,P10,NONE,GRU,GRU_REGRESSION,PROJECT-ADAPTATION,price_regression,COMMON_CLOSE_REGRESSION,COMMON_CLOSE_REGRESSION,EXTERNAL_MARKET,2,after the published official close for session t,close_t,close[t+h],close[t+h],price_point_forecast,absolute_error_index_points,predict close[t],TO_BE_FROZEN_AFTER_PPR4_SOURCE_ELIGIBILITY,false,NONE,3,PROPOSED_NOT_AUTHORIZED,PPR4_DATA_GATE_THEN_PPR5_CODE_GATE_THEN_PPR6_EXACT_SNAPSHOT_PASS
R044_FLOWS_OPTIONS_2S,R044,P10,NONE,GRU,GRU_REGRESSION,PROJECT-ADAPTATION,price_regression,COMMON_CLOSE_REGRESSION,COMMON_CLOSE_REGRESSION,FLOWS_OPTIONS,2,after the published official close for session t,close_t,close[t+h],close[t+h],price_point_forecast,absolute_error_index_points,predict close[t],TO_BE_FROZEN_AFTER_PPR4_SOURCE_ELIGIBILITY,false,NONE,3,PROPOSED_NOT_AUTHORIZED,PPR4_DATA_GATE_THEN_PPR5_CODE_GATE_THEN_PPR6_EXACT_SNAPSHOT_PASS
R044_TIMESTAMPED_SENTIMENT_FUSION_2S,R044,P10,NONE,GRU,GRU_REGRESSION,PROJECT-ADAPTATION,price_regression,COMMON_CLOSE_REGRESSION,COMMON_CLOSE_REGRESSION,TIMESTAMPED_SENTIMENT_FUSION,2,after the published official close for session t,close_t,close[t+h],close[t+h],price_point_forecast,absolute_error_index_points,predict close[t],TO_BE_FROZEN_AFTER_PPR4_SOURCE_ELIGIBILITY,false,NONE,3,PROPOSED_NOT_AUTHORIZED,PPR4_DATA_GATE_THEN_PPR5_CODE_GATE_THEN_PPR6_EXACT_SNAPSHOT_PASS
R044_CORE_OHLCV_TECH_3S,R044,P10,NONE,GRU,GRU_REGRESSION,PROJECT-ADAPTATION,price_regression,COMMON_CLOSE_REGRESSION,COMMON_CLOSE_REGRESSION,CORE_OHLCV_TECH,3,after the published official close for session t,close_t,close[t+h],close[t+h],price_point_forecast,absolute_error_index_points,predict close[t],TO_BE_FROZEN_AFTER_PPR4_SOURCE_ELIGIBILITY,false,NONE,3,PROPOSED_NOT_AUTHORIZED,PPR4_DATA_GATE_THEN_PPR5_CODE_GATE_THEN_PPR6_EXACT_SNAPSHOT_PASS
R044_EXTERNAL_MARKET_3S,R044,P10,NONE,GRU,GRU_REGRESSION,PROJECT-ADAPTATION,price_regression,COMMON_CLOSE_REGRESSION,COMMON_CLOSE_REGRESSION,EXTERNAL_MARKET,3,after the published official close for session t,close_t,close[t+h],close[t+h],price_point_forecast,absolute_error_index_points,predict close[t],TO_BE_FROZEN_AFTER_PPR4_SOURCE_ELIGIBILITY,false,NONE,3,PROPOSED_NOT_AUTHORIZED,PPR4_DATA_GATE_THEN_PPR5_CODE_GATE_THEN_PPR6_EXACT_SNAPSHOT_PASS
R044_FLOWS_OPTIONS_3S,R044,P10,NONE,GRU,GRU_REGRESSION,PROJECT-ADAPTATION,price_regression,COMMON_CLOSE_REGRESSION,COMMON_CLOSE_REGRESSION,FLOWS_OPTIONS,3,after the published official close for session t,close_t,close[t+h],close[t+h],price_point_forecast,absolute_error_index_points,predict close[t],TO_BE_FROZEN_AFTER_PPR4_SOURCE_ELIGIBILITY,false,NONE,3,PROPOSED_NOT_AUTHORIZED,PPR4_DATA_GATE_THEN_PPR5_CODE_GATE_THEN_PPR6_EXACT_SNAPSHOT_PASS
R044_TIMESTAMPED_SENTIMENT_FUSION_3S,R044,P10,NONE,GRU,GRU_REGRESSION,PROJECT-ADAPTATION,price_regression,COMMON_CLOSE_REGRESSION,COMMON_CLOSE_REGRESSION,TIMESTAMPED_SENTIMENT_FUSION,3,after the published official close for session t,close_t,close[t+h],close[t+h],price_point_forecast,absolute_error_index_points,predict close[t],TO_BE_FROZEN_AFTER_PPR4_SOURCE_ELIGIBILITY,false,NONE,3,PROPOSED_NOT_AUTHORIZED,PPR4_DATA_GATE_THEN_PPR5_CODE_GATE_THEN_PPR6_EXACT_SNAPSHOT_PASS
R044_CORE_OHLCV_TECH_5S,R044,P10,NONE,GRU,GRU_REGRESSION,PROJECT-ADAPTATION,price_regression,COMMON_CLOSE_REGRESSION,COMMON_CLOSE_REGRESSION,CORE_OHLCV_TECH,5,after the published official close for session t,close_t,close[t+h],close[t+h],price_point_forecast,absolute_error_index_points,predict close[t],TO_BE_FROZEN_AFTER_PPR4_SOURCE_ELIGIBILITY,false,NONE,3,PROPOSED_NOT_AUTHORIZED,PPR4_DATA_GATE_THEN_PPR5_CODE_GATE_THEN_PPR6_EXACT_SNAPSHOT_PASS
R044_EXTERNAL_MARKET_5S,R044,P10,NONE,GRU,GRU_REGRESSION,PROJECT-ADAPTATION,price_regression,COMMON_CLOSE_REGRESSION,COMMON_CLOSE_REGRESSION,EXTERNAL_MARKET,5,after the published official close for session t,close_t,close[t+h],close[t+h],price_point_forecast,absolute_error_index_points,predict close[t],TO_BE_FROZEN_AFTER_PPR4_SOURCE_ELIGIBILITY,false,NONE,3,PROPOSED_NOT_AUTHORIZED,PPR4_DATA_GATE_THEN_PPR5_CODE_GATE_THEN_PPR6_EXACT_SNAPSHOT_PASS
R044_FLOWS_OPTIONS_5S,R044,P10,NONE,GRU,GRU_REGRESSION,PROJECT-ADAPTATION,price_regression,COMMON_CLOSE_REGRESSION,COMMON_CLOSE_REGRESSION,FLOWS_OPTIONS,5,after the published official close for session t,close_t,close[t+h],close[t+h],price_point_forecast,absolute_error_index_points,predict close[t],TO_BE_FROZEN_AFTER_PPR4_SOURCE_ELIGIBILITY,false,NONE,3,PROPOSED_NOT_AUTHORIZED,PPR4_DATA_GATE_THEN_PPR5_CODE_GATE_THEN_PPR6_EXACT_SNAPSHOT_PASS
R044_TIMESTAMPED_SENTIMENT_FUSION_5S,R044,P10,NONE,GRU,GRU_REGRESSION,PROJECT-ADAPTATION,price_regression,COMMON_CLOSE_REGRESSION,COMMON_CLOSE_REGRESSION,TIMESTAMPED_SENTIMENT_FUSION,5,after the published official close for session t,close_t,close[t+h],close[t+h],price_point_forecast,absolute_error_index_points,predict close[t],TO_BE_FROZEN_AFTER_PPR4_SOURCE_ELIGIBILITY,false,NONE,3,PROPOSED_NOT_AUTHORIZED,PPR4_DATA_GATE_THEN_PPR5_CODE_GATE_THEN_PPR6_EXACT_SNAPSHOT_PASS
R044_CORE_OHLCV_TECH_10S,R044,P10,NONE,GRU,GRU_REGRESSION,PROJECT-ADAPTATION,price_regression,COMMON_CLOSE_REGRESSION,COMMON_CLOSE_REGRESSION,CORE_OHLCV_TECH,10,after the published official close for session t,close_t,close[t+h],close[t+h],price_point_forecast,absolute_error_index_points,predict close[t],TO_BE_FROZEN_AFTER_PPR4_SOURCE_ELIGIBILITY,false,NONE,3,PROPOSED_NOT_AUTHORIZED,PPR4_DATA_GATE_THEN_PPR5_CODE_GATE_THEN_PPR6_EXACT_SNAPSHOT_PASS
R044_EXTERNAL_MARKET_10S,R044,P10,NONE,GRU,GRU_REGRESSION,PROJECT-ADAPTATION,price_regression,COMMON_CLOSE_REGRESSION,COMMON_CLOSE_REGRESSION,EXTERNAL_MARKET,10,after the published official close for session t,close_t,close[t+h],close[t+h],price_point_forecast,absolute_error_index_points,predict close[t],TO_BE_FROZEN_AFTER_PPR4_SOURCE_ELIGIBILITY,false,NONE,3,PROPOSED_NOT_AUTHORIZED,PPR4_DATA_GATE_THEN_PPR5_CODE_GATE_THEN_PPR6_EXACT_SNAPSHOT_PASS
R044_FLOWS_OPTIONS_10S,R044,P10,NONE,GRU,GRU_REGRESSION,PROJECT-ADAPTATION,price_regression,COMMON_CLOSE_REGRESSION,COMMON_CLOSE_REGRESSION,FLOWS_OPTIONS,10,after the published official close for session t,close_t,close[t+h],close[t+h],price_point_forecast,absolute_error_index_points,predict close[t],TO_BE_FROZEN_AFTER_PPR4_SOURCE_ELIGIBILITY,false,NONE,3,PROPOSED_NOT_AUTHORIZED,PPR4_DATA_GATE_THEN_PPR5_CODE_GATE_THEN_PPR6_EXACT_SNAPSHOT_PASS
R044_TIMESTAMPED_SENTIMENT_FUSION_10S,R044,P10,NONE,GRU,GRU_REGRESSION,PROJECT-ADAPTATION,price_regression,COMMON_CLOSE_REGRESSION,COMMON_CLOSE_REGRESSION,TIMESTAMPED_SENTIMENT_FUSION,10,after the published official close for session t,close_t,close[t+h],close[t+h],price_point_forecast,absolute_error_index_points,predict close[t],TO_BE_FROZEN_AFTER_PPR4_SOURCE_ELIGIBILITY,false,NONE,3,PROPOSED_NOT_AUTHORIZED,PPR4_DATA_GATE_THEN_PPR5_CODE_GATE_THEN_PPR6_EXACT_SNAPSHOT_PASS
R045_CORE_OHLCV_TECH_1S,R045,P10 | P12,NONE,CNN,CNN_REG_RELU,PROJECT-ADAPTATION,price_regression,COMMON_CLOSE_REGRESSION,COMMON_CLOSE_REGRESSION,CORE_OHLCV_TECH,1,after the published official close for session t,close_t,close[t+h],close[t+h],price_point_forecast,absolute_error_index_points,predict close[t],TO_BE_FROZEN_AFTER_PPR4_SOURCE_ELIGIBILITY,false,NONE,3,PROPOSED_NOT_AUTHORIZED,PPR4_DATA_GATE_THEN_PPR5_CODE_GATE_THEN_PPR6_EXACT_SNAPSHOT_PASS
R045_EXTERNAL_MARKET_1S,R045,P10 | P12,NONE,CNN,CNN_REG_RELU,PROJECT-ADAPTATION,price_regression,COMMON_CLOSE_REGRESSION,COMMON_CLOSE_REGRESSION,EXTERNAL_MARKET,1,after the published official close for session t,close_t,close[t+h],close[t+h],price_point_forecast,absolute_error_index_points,predict close[t],TO_BE_FROZEN_AFTER_PPR4_SOURCE_ELIGIBILITY,false,NONE,3,PROPOSED_NOT_AUTHORIZED,PPR4_DATA_GATE_THEN_PPR5_CODE_GATE_THEN_PPR6_EXACT_SNAPSHOT_PASS
R045_FLOWS_OPTIONS_1S,R045,P10 | P12,NONE,CNN,CNN_REG_RELU,PROJECT-ADAPTATION,price_regression,COMMON_CLOSE_REGRESSION,COMMON_CLOSE_REGRESSION,FLOWS_OPTIONS,1,after the published official close for session t,close_t,close[t+h],close[t+h],price_point_forecast,absolute_error_index_points,predict close[t],TO_BE_FROZEN_AFTER_PPR4_SOURCE_ELIGIBILITY,false,NONE,3,PROPOSED_NOT_AUTHORIZED,PPR4_DATA_GATE_THEN_PPR5_CODE_GATE_THEN_PPR6_EXACT_SNAPSHOT_PASS
R045_TIMESTAMPED_SENTIMENT_FUSION_1S,R045,P10 | P12,NONE,CNN,CNN_REG_RELU,PROJECT-ADAPTATION,price_regression,COMMON_CLOSE_REGRESSION,COMMON_CLOSE_REGRESSION,TIMESTAMPED_SENTIMENT_FUSION,1,after the published official close for session t,close_t,close[t+h],close[t+h],price_point_forecast,absolute_error_index_points,predict close[t],TO_BE_FROZEN_AFTER_PPR4_SOURCE_ELIGIBILITY,false,NONE,3,PROPOSED_NOT_AUTHORIZED,PPR4_DATA_GATE_THEN_PPR5_CODE_GATE_THEN_PPR6_EXACT_SNAPSHOT_PASS
R045_CORE_OHLCV_TECH_2S,R045,P10 | P12,NONE,CNN,CNN_REG_RELU,PROJECT-ADAPTATION,price_regression,COMMON_CLOSE_REGRESSION,COMMON_CLOSE_REGRESSION,CORE_OHLCV_TECH,2,after the published official close for session t,close_t,close[t+h],close[t+h],price_point_forecast,absolute_error_index_points,predict close[t],TO_BE_FROZEN_AFTER_PPR4_SOURCE_ELIGIBILITY,false,NONE,3,PROPOSED_NOT_AUTHORIZED,PPR4_DATA_GATE_THEN_PPR5_CODE_GATE_THEN_PPR6_EXACT_SNAPSHOT_PASS
R045_EXTERNAL_MARKET_2S,R045,P10 | P12,NONE,CNN,CNN_REG_RELU,PROJECT-ADAPTATION,price_regression,COMMON_CLOSE_REGRESSION,COMMON_CLOSE_REGRESSION,EXTERNAL_MARKET,2,after the published official close for session t,close_t,close[t+h],close[t+h],price_point_forecast,absolute_error_index_points,predict close[t],TO_BE_FROZEN_AFTER_PPR4_SOURCE_ELIGIBILITY,false,NONE,3,PROPOSED_NOT_AUTHORIZED,PPR4_DATA_GATE_THEN_PPR5_CODE_GATE_THEN_PPR6_EXACT_SNAPSHOT_PASS
R045_FLOWS_OPTIONS_2S,R045,P10 | P12,NONE,CNN,CNN_REG_RELU,PROJECT-ADAPTATION,price_regression,COMMON_CLOSE_REGRESSION,COMMON_CLOSE_REGRESSION,FLOWS_OPTIONS,2,after the published official close for session t,close_t,close[t+h],close[t+h],price_point_forecast,absolute_error_index_points,predict close[t],TO_BE_FROZEN_AFTER_PPR4_SOURCE_ELIGIBILITY,false,NONE,3,PROPOSED_NOT_AUTHORIZED,PPR4_DATA_GATE_THEN_PPR5_CODE_GATE_THEN_PPR6_EXACT_SNAPSHOT_PASS
R045_TIMESTAMPED_SENTIMENT_FUSION_2S,R045,P10 | P12,NONE,CNN,CNN_REG_RELU,PROJECT-ADAPTATION,price_regression,COMMON_CLOSE_REGRESSION,COMMON_CLOSE_REGRESSION,TIMESTAMPED_SENTIMENT_FUSION,2,after the published official close for session t,close_t,close[t+h],close[t+h],price_point_forecast,absolute_error_index_points,predict close[t],TO_BE_FROZEN_AFTER_PPR4_SOURCE_ELIGIBILITY,false,NONE,3,PROPOSED_NOT_AUTHORIZED,PPR4_DATA_GATE_THEN_PPR5_CODE_GATE_THEN_PPR6_EXACT_SNAPSHOT_PASS
R045_CORE_OHLCV_TECH_3S,R045,P10 | P12,NONE,CNN,CNN_REG_RELU,PROJECT-ADAPTATION,price_regression,COMMON_CLOSE_REGRESSION,COMMON_CLOSE_REGRESSION,CORE_OHLCV_TECH,3,after the published official close for session t,close_t,close[t+h],close[t+h],price_point_forecast,absolute_error_index_points,predict close[t],TO_BE_FROZEN_AFTER_PPR4_SOURCE_ELIGIBILITY,false,NONE,3,PROPOSED_NOT_AUTHORIZED,PPR4_DATA_GATE_THEN_PPR5_CODE_GATE_THEN_PPR6_EXACT_SNAPSHOT_PASS
R045_EXTERNAL_MARKET_3S,R045,P10 | P12,NONE,CNN,CNN_REG_RELU,PROJECT-ADAPTATION,price_regression,COMMON_CLOSE_REGRESSION,COMMON_CLOSE_REGRESSION,EXTERNAL_MARKET,3,after the published official close for session t,close_t,close[t+h],close[t+h],price_point_forecast,absolute_error_index_points,predict close[t],TO_BE_FROZEN_AFTER_PPR4_SOURCE_ELIGIBILITY,false,NONE,3,PROPOSED_NOT_AUTHORIZED,PPR4_DATA_GATE_THEN_PPR5_CODE_GATE_THEN_PPR6_EXACT_SNAPSHOT_PASS
R045_FLOWS_OPTIONS_3S,R045,P10 | P12,NONE,CNN,CNN_REG_RELU,PROJECT-ADAPTATION,price_regression,COMMON_CLOSE_REGRESSION,COMMON_CLOSE_REGRESSION,FLOWS_OPTIONS,3,after the published official close for session t,close_t,close[t+h],close[t+h],price_point_forecast,absolute_error_index_points,predict close[t],TO_BE_FROZEN_AFTER_PPR4_SOURCE_ELIGIBILITY,false,NONE,3,PROPOSED_NOT_AUTHORIZED,PPR4_DATA_GATE_THEN_PPR5_CODE_GATE_THEN_PPR6_EXACT_SNAPSHOT_PASS
R045_TIMESTAMPED_SENTIMENT_FUSION_3S,R045,P10 | P12,NONE,CNN,CNN_REG_RELU,PROJECT-ADAPTATION,price_regression,COMMON_CLOSE_REGRESSION,COMMON_CLOSE_REGRESSION,TIMESTAMPED_SENTIMENT_FUSION,3,after the published official close for session t,close_t,close[t+h],close[t+h],price_point_forecast,absolute_error_index_points,predict close[t],TO_BE_FROZEN_AFTER_PPR4_SOURCE_ELIGIBILITY,false,NONE,3,PROPOSED_NOT_AUTHORIZED,PPR4_DATA_GATE_THEN_PPR5_CODE_GATE_THEN_PPR6_EXACT_SNAPSHOT_PASS
R045_CORE_OHLCV_TECH_5S,R045,P10 | P12,NONE,CNN,CNN_REG_RELU,PROJECT-ADAPTATION,price_regression,COMMON_CLOSE_REGRESSION,COMMON_CLOSE_REGRESSION,CORE_OHLCV_TECH,5,after the published official close for session t,close_t,close[t+h],close[t+h],price_point_forecast,absolute_error_index_points,predict close[t],TO_BE_FROZEN_AFTER_PPR4_SOURCE_ELIGIBILITY,false,NONE,3,PROPOSED_NOT_AUTHORIZED,PPR4_DATA_GATE_THEN_PPR5_CODE_GATE_THEN_PPR6_EXACT_SNAPSHOT_PASS
R045_EXTERNAL_MARKET_5S,R045,P10 | P12,NONE,CNN,CNN_REG_RELU,PROJECT-ADAPTATION,price_regression,COMMON_CLOSE_REGRESSION,COMMON_CLOSE_REGRESSION,EXTERNAL_MARKET,5,after the published official close for session t,close_t,close[t+h],close[t+h],price_point_forecast,absolute_error_index_points,predict close[t],TO_BE_FROZEN_AFTER_PPR4_SOURCE_ELIGIBILITY,false,NONE,3,PROPOSED_NOT_AUTHORIZED,PPR4_DATA_GATE_THEN_PPR5_CODE_GATE_THEN_PPR6_EXACT_SNAPSHOT_PASS
R045_FLOWS_OPTIONS_5S,R045,P10 | P12,NONE,CNN,CNN_REG_RELU,PROJECT-ADAPTATION,price_regression,COMMON_CLOSE_REGRESSION,COMMON_CLOSE_REGRESSION,FLOWS_OPTIONS,5,after the published official close for session t,close_t,close[t+h],close[t+h],price_point_forecast,absolute_error_index_points,predict close[t],TO_BE_FROZEN_AFTER_PPR4_SOURCE_ELIGIBILITY,false,NONE,3,PROPOSED_NOT_AUTHORIZED,PPR4_DATA_GATE_THEN_PPR5_CODE_GATE_THEN_PPR6_EXACT_SNAPSHOT_PASS
R045_TIMESTAMPED_SENTIMENT_FUSION_5S,R045,P10 | P12,NONE,CNN,CNN_REG_RELU,PROJECT-ADAPTATION,price_regression,COMMON_CLOSE_REGRESSION,COMMON_CLOSE_REGRESSION,TIMESTAMPED_SENTIMENT_FUSION,5,after the published official close for session t,close_t,close[t+h],close[t+h],price_point_forecast,absolute_error_index_points,predict close[t],TO_BE_FROZEN_AFTER_PPR4_SOURCE_ELIGIBILITY,false,NONE,3,PROPOSED_NOT_AUTHORIZED,PPR4_DATA_GATE_THEN_PPR5_CODE_GATE_THEN_PPR6_EXACT_SNAPSHOT_PASS
R045_CORE_OHLCV_TECH_10S,R045,P10 | P12,NONE,CNN,CNN_REG_RELU,PROJECT-ADAPTATION,price_regression,COMMON_CLOSE_REGRESSION,COMMON_CLOSE_REGRESSION,CORE_OHLCV_TECH,10,after the published official close for session t,close_t,close[t+h],close[t+h],price_point_forecast,absolute_error_index_points,predict close[t],TO_BE_FROZEN_AFTER_PPR4_SOURCE_ELIGIBILITY,false,NONE,3,PROPOSED_NOT_AUTHORIZED,PPR4_DATA_GATE_THEN_PPR5_CODE_GATE_THEN_PPR6_EXACT_SNAPSHOT_PASS
R045_EXTERNAL_MARKET_10S,R045,P10 | P12,NONE,CNN,CNN_REG_RELU,PROJECT-ADAPTATION,price_regression,COMMON_CLOSE_REGRESSION,COMMON_CLOSE_REGRESSION,EXTERNAL_MARKET,10,after the published official close for session t,close_t,close[t+h],close[t+h],price_point_forecast,absolute_error_index_points,predict close[t],TO_BE_FROZEN_AFTER_PPR4_SOURCE_ELIGIBILITY,false,NONE,3,PROPOSED_NOT_AUTHORIZED,PPR4_DATA_GATE_THEN_PPR5_CODE_GATE_THEN_PPR6_EXACT_SNAPSHOT_PASS
R045_FLOWS_OPTIONS_10S,R045,P10 | P12,NONE,CNN,CNN_REG_RELU,PROJECT-ADAPTATION,price_regression,COMMON_CLOSE_REGRESSION,COMMON_CLOSE_REGRESSION,FLOWS_OPTIONS,10,after the published official close for session t,close_t,close[t+h],close[t+h],price_point_forecast,absolute_error_index_points,predict close[t],TO_BE_FROZEN_AFTER_PPR4_SOURCE_ELIGIBILITY,false,NONE,3,PROPOSED_NOT_AUTHORIZED,PPR4_DATA_GATE_THEN_PPR5_CODE_GATE_THEN_PPR6_EXACT_SNAPSHOT_PASS
R045_TIMESTAMPED_SENTIMENT_FUSION_10S,R045,P10 | P12,NONE,CNN,CNN_REG_RELU,PROJECT-ADAPTATION,price_regression,COMMON_CLOSE_REGRESSION,COMMON_CLOSE_REGRESSION,TIMESTAMPED_SENTIMENT_FUSION,10,after the published official close for session t,close_t,close[t+h],close[t+h],price_point_forecast,absolute_error_index_points,predict close[t],TO_BE_FROZEN_AFTER_PPR4_SOURCE_ELIGIBILITY,false,NONE,3,PROPOSED_NOT_AUTHORIZED,PPR4_DATA_GATE_THEN_PPR5_CODE_GATE_THEN_PPR6_EXACT_SNAPSHOT_PASS
R046_CORE_OHLCV_TECH_1S,R046,P10,NONE,RNN,RNN_REGRESSION,PROJECT-ADAPTATION,price_regression,COMMON_CLOSE_REGRESSION,COMMON_CLOSE_REGRESSION,CORE_OHLCV_TECH,1,after the published official close for session t,close_t,close[t+h],close[t+h],price_point_forecast,absolute_error_index_points,predict close[t],TO_BE_FROZEN_AFTER_PPR4_SOURCE_ELIGIBILITY,false,NONE,3,PROPOSED_NOT_AUTHORIZED,PPR4_DATA_GATE_THEN_PPR5_CODE_GATE_THEN_PPR6_EXACT_SNAPSHOT_PASS
R046_EXTERNAL_MARKET_1S,R046,P10,NONE,RNN,RNN_REGRESSION,PROJECT-ADAPTATION,price_regression,COMMON_CLOSE_REGRESSION,COMMON_CLOSE_REGRESSION,EXTERNAL_MARKET,1,after the published official close for session t,close_t,close[t+h],close[t+h],price_point_forecast,absolute_error_index_points,predict close[t],TO_BE_FROZEN_AFTER_PPR4_SOURCE_ELIGIBILITY,false,NONE,3,PROPOSED_NOT_AUTHORIZED,PPR4_DATA_GATE_THEN_PPR5_CODE_GATE_THEN_PPR6_EXACT_SNAPSHOT_PASS
R046_FLOWS_OPTIONS_1S,R046,P10,NONE,RNN,RNN_REGRESSION,PROJECT-ADAPTATION,price_regression,COMMON_CLOSE_REGRESSION,COMMON_CLOSE_REGRESSION,FLOWS_OPTIONS,1,after the published official close for session t,close_t,close[t+h],close[t+h],price_point_forecast,absolute_error_index_points,predict close[t],TO_BE_FROZEN_AFTER_PPR4_SOURCE_ELIGIBILITY,false,NONE,3,PROPOSED_NOT_AUTHORIZED,PPR4_DATA_GATE_THEN_PPR5_CODE_GATE_THEN_PPR6_EXACT_SNAPSHOT_PASS
R046_TIMESTAMPED_SENTIMENT_FUSION_1S,R046,P10,NONE,RNN,RNN_REGRESSION,PROJECT-ADAPTATION,price_regression,COMMON_CLOSE_REGRESSION,COMMON_CLOSE_REGRESSION,TIMESTAMPED_SENTIMENT_FUSION,1,after the published official close for session t,close_t,close[t+h],close[t+h],price_point_forecast,absolute_error_index_points,predict close[t],TO_BE_FROZEN_AFTER_PPR4_SOURCE_ELIGIBILITY,false,NONE,3,PROPOSED_NOT_AUTHORIZED,PPR4_DATA_GATE_THEN_PPR5_CODE_GATE_THEN_PPR6_EXACT_SNAPSHOT_PASS
R046_CORE_OHLCV_TECH_2S,R046,P10,NONE,RNN,RNN_REGRESSION,PROJECT-ADAPTATION,price_regression,COMMON_CLOSE_REGRESSION,COMMON_CLOSE_REGRESSION,CORE_OHLCV_TECH,2,after the published official close for session t,close_t,close[t+h],close[t+h],price_point_forecast,absolute_error_index_points,predict close[t],TO_BE_FROZEN_AFTER_PPR4_SOURCE_ELIGIBILITY,false,NONE,3,PROPOSED_NOT_AUTHORIZED,PPR4_DATA_GATE_THEN_PPR5_CODE_GATE_THEN_PPR6_EXACT_SNAPSHOT_PASS
R046_EXTERNAL_MARKET_2S,R046,P10,NONE,RNN,RNN_REGRESSION,PROJECT-ADAPTATION,price_regression,COMMON_CLOSE_REGRESSION,COMMON_CLOSE_REGRESSION,EXTERNAL_MARKET,2,after the published official close for session t,close_t,close[t+h],close[t+h],price_point_forecast,absolute_error_index_points,predict close[t],TO_BE_FROZEN_AFTER_PPR4_SOURCE_ELIGIBILITY,false,NONE,3,PROPOSED_NOT_AUTHORIZED,PPR4_DATA_GATE_THEN_PPR5_CODE_GATE_THEN_PPR6_EXACT_SNAPSHOT_PASS
R046_FLOWS_OPTIONS_2S,R046,P10,NONE,RNN,RNN_REGRESSION,PROJECT-ADAPTATION,price_regression,COMMON_CLOSE_REGRESSION,COMMON_CLOSE_REGRESSION,FLOWS_OPTIONS,2,after the published official close for session t,close_t,close[t+h],close[t+h],price_point_forecast,absolute_error_index_points,predict close[t],TO_BE_FROZEN_AFTER_PPR4_SOURCE_ELIGIBILITY,false,NONE,3,PROPOSED_NOT_AUTHORIZED,PPR4_DATA_GATE_THEN_PPR5_CODE_GATE_THEN_PPR6_EXACT_SNAPSHOT_PASS
R046_TIMESTAMPED_SENTIMENT_FUSION_2S,R046,P10,NONE,RNN,RNN_REGRESSION,PROJECT-ADAPTATION,price_regression,COMMON_CLOSE_REGRESSION,COMMON_CLOSE_REGRESSION,TIMESTAMPED_SENTIMENT_FUSION,2,after the published official close for session t,close_t,close[t+h],close[t+h],price_point_forecast,absolute_error_index_points,predict close[t],TO_BE_FROZEN_AFTER_PPR4_SOURCE_ELIGIBILITY,false,NONE,3,PROPOSED_NOT_AUTHORIZED,PPR4_DATA_GATE_THEN_PPR5_CODE_GATE_THEN_PPR6_EXACT_SNAPSHOT_PASS
R046_CORE_OHLCV_TECH_3S,R046,P10,NONE,RNN,RNN_REGRESSION,PROJECT-ADAPTATION,price_regression,COMMON_CLOSE_REGRESSION,COMMON_CLOSE_REGRESSION,CORE_OHLCV_TECH,3,after the published official close for session t,close_t,close[t+h],close[t+h],price_point_forecast,absolute_error_index_points,predict close[t],TO_BE_FROZEN_AFTER_PPR4_SOURCE_ELIGIBILITY,false,NONE,3,PROPOSED_NOT_AUTHORIZED,PPR4_DATA_GATE_THEN_PPR5_CODE_GATE_THEN_PPR6_EXACT_SNAPSHOT_PASS
R046_EXTERNAL_MARKET_3S,R046,P10,NONE,RNN,RNN_REGRESSION,PROJECT-ADAPTATION,price_regression,COMMON_CLOSE_REGRESSION,COMMON_CLOSE_REGRESSION,EXTERNAL_MARKET,3,after the published official close for session t,close_t,close[t+h],close[t+h],price_point_forecast,absolute_error_index_points,predict close[t],TO_BE_FROZEN_AFTER_PPR4_SOURCE_ELIGIBILITY,false,NONE,3,PROPOSED_NOT_AUTHORIZED,PPR4_DATA_GATE_THEN_PPR5_CODE_GATE_THEN_PPR6_EXACT_SNAPSHOT_PASS
R046_FLOWS_OPTIONS_3S,R046,P10,NONE,RNN,RNN_REGRESSION,PROJECT-ADAPTATION,price_regression,COMMON_CLOSE_REGRESSION,COMMON_CLOSE_REGRESSION,FLOWS_OPTIONS,3,after the published official close for session t,close_t,close[t+h],close[t+h],price_point_forecast,absolute_error_index_points,predict close[t],TO_BE_FROZEN_AFTER_PPR4_SOURCE_ELIGIBILITY,false,NONE,3,PROPOSED_NOT_AUTHORIZED,PPR4_DATA_GATE_THEN_PPR5_CODE_GATE_THEN_PPR6_EXACT_SNAPSHOT_PASS
R046_TIMESTAMPED_SENTIMENT_FUSION_3S,R046,P10,NONE,RNN,RNN_REGRESSION,PROJECT-ADAPTATION,price_regression,COMMON_CLOSE_REGRESSION,COMMON_CLOSE_REGRESSION,TIMESTAMPED_SENTIMENT_FUSION,3,after the published official close for session t,close_t,close[t+h],close[t+h],price_point_forecast,absolute_error_index_points,predict close[t],TO_BE_FROZEN_AFTER_PPR4_SOURCE_ELIGIBILITY,false,NONE,3,PROPOSED_NOT_AUTHORIZED,PPR4_DATA_GATE_THEN_PPR5_CODE_GATE_THEN_PPR6_EXACT_SNAPSHOT_PASS
R046_CORE_OHLCV_TECH_5S,R046,P10,NONE,RNN,RNN_REGRESSION,PROJECT-ADAPTATION,price_regression,COMMON_CLOSE_REGRESSION,COMMON_CLOSE_REGRESSION,CORE_OHLCV_TECH,5,after the published official close for session t,close_t,close[t+h],close[t+h],price_point_forecast,absolute_error_index_points,predict close[t],TO_BE_FROZEN_AFTER_PPR4_SOURCE_ELIGIBILITY,false,NONE,3,PROPOSED_NOT_AUTHORIZED,PPR4_DATA_GATE_THEN_PPR5_CODE_GATE_THEN_PPR6_EXACT_SNAPSHOT_PASS
R046_EXTERNAL_MARKET_5S,R046,P10,NONE,RNN,RNN_REGRESSION,PROJECT-ADAPTATION,price_regression,COMMON_CLOSE_REGRESSION,COMMON_CLOSE_REGRESSION,EXTERNAL_MARKET,5,after the published official close for session t,close_t,close[t+h],close[t+h],price_point_forecast,absolute_error_index_points,predict close[t],TO_BE_FROZEN_AFTER_PPR4_SOURCE_ELIGIBILITY,false,NONE,3,PROPOSED_NOT_AUTHORIZED,PPR4_DATA_GATE_THEN_PPR5_CODE_GATE_THEN_PPR6_EXACT_SNAPSHOT_PASS
R046_FLOWS_OPTIONS_5S,R046,P10,NONE,RNN,RNN_REGRESSION,PROJECT-ADAPTATION,price_regression,COMMON_CLOSE_REGRESSION,COMMON_CLOSE_REGRESSION,FLOWS_OPTIONS,5,after the published official close for session t,close_t,close[t+h],close[t+h],price_point_forecast,absolute_error_index_points,predict close[t],TO_BE_FROZEN_AFTER_PPR4_SOURCE_ELIGIBILITY,false,NONE,3,PROPOSED_NOT_AUTHORIZED,PPR4_DATA_GATE_THEN_PPR5_CODE_GATE_THEN_PPR6_EXACT_SNAPSHOT_PASS
R046_TIMESTAMPED_SENTIMENT_FUSION_5S,R046,P10,NONE,RNN,RNN_REGRESSION,PROJECT-ADAPTATION,price_regression,COMMON_CLOSE_REGRESSION,COMMON_CLOSE_REGRESSION,TIMESTAMPED_SENTIMENT_FUSION,5,after the published official close for session t,close_t,close[t+h],close[t+h],price_point_forecast,absolute_error_index_points,predict close[t],TO_BE_FROZEN_AFTER_PPR4_SOURCE_ELIGIBILITY,false,NONE,3,PROPOSED_NOT_AUTHORIZED,PPR4_DATA_GATE_THEN_PPR5_CODE_GATE_THEN_PPR6_EXACT_SNAPSHOT_PASS
R046_CORE_OHLCV_TECH_10S,R046,P10,NONE,RNN,RNN_REGRESSION,PROJECT-ADAPTATION,price_regression,COMMON_CLOSE_REGRESSION,COMMON_CLOSE_REGRESSION,CORE_OHLCV_TECH,10,after the published official close for session t,close_t,close[t+h],close[t+h],price_point_forecast,absolute_error_index_points,predict close[t],TO_BE_FROZEN_AFTER_PPR4_SOURCE_ELIGIBILITY,false,NONE,3,PROPOSED_NOT_AUTHORIZED,PPR4_DATA_GATE_THEN_PPR5_CODE_GATE_THEN_PPR6_EXACT_SNAPSHOT_PASS
R046_EXTERNAL_MARKET_10S,R046,P10,NONE,RNN,RNN_REGRESSION,PROJECT-ADAPTATION,price_regression,COMMON_CLOSE_REGRESSION,COMMON_CLOSE_REGRESSION,EXTERNAL_MARKET,10,after the published official close for session t,close_t,close[t+h],close[t+h],price_point_forecast,absolute_error_index_points,predict close[t],TO_BE_FROZEN_AFTER_PPR4_SOURCE_ELIGIBILITY,false,NONE,3,PROPOSED_NOT_AUTHORIZED,PPR4_DATA_GATE_THEN_PPR5_CODE_GATE_THEN_PPR6_EXACT_SNAPSHOT_PASS
R046_FLOWS_OPTIONS_10S,R046,P10,NONE,RNN,RNN_REGRESSION,PROJECT-ADAPTATION,price_regression,COMMON_CLOSE_REGRESSION,COMMON_CLOSE_REGRESSION,FLOWS_OPTIONS,10,after the published official close for session t,close_t,close[t+h],close[t+h],price_point_forecast,absolute_error_index_points,predict close[t],TO_BE_FROZEN_AFTER_PPR4_SOURCE_ELIGIBILITY,false,NONE,3,PROPOSED_NOT_AUTHORIZED,PPR4_DATA_GATE_THEN_PPR5_CODE_GATE_THEN_PPR6_EXACT_SNAPSHOT_PASS
R046_TIMESTAMPED_SENTIMENT_FUSION_10S,R046,P10,NONE,RNN,RNN_REGRESSION,PROJECT-ADAPTATION,price_regression,COMMON_CLOSE_REGRESSION,COMMON_CLOSE_REGRESSION,TIMESTAMPED_SENTIMENT_FUSION,10,after the published official close for session t,close_t,close[t+h],close[t+h],price_point_forecast,absolute_error_index_points,predict close[t],TO_BE_FROZEN_AFTER_PPR4_SOURCE_ELIGIBILITY,false,NONE,3,PROPOSED_NOT_AUTHORIZED,PPR4_DATA_GATE_THEN_PPR5_CODE_GATE_THEN_PPR6_EXACT_SNAPSHOT_PASS
R047_CORE_OHLCV_TECH_1S,R047,P10,NONE,TCN,TCN_REGRESSION,PROJECT-ADAPTATION,price_regression,COMMON_CLOSE_REGRESSION,COMMON_CLOSE_REGRESSION,CORE_OHLCV_TECH,1,after the published official close for session t,close_t,close[t+h],close[t+h],price_point_forecast,absolute_error_index_points,predict close[t],TO_BE_FROZEN_AFTER_PPR4_SOURCE_ELIGIBILITY,false,NONE,3,PROPOSED_NOT_AUTHORIZED,PPR4_DATA_GATE_THEN_PPR5_CODE_GATE_THEN_PPR6_EXACT_SNAPSHOT_PASS
R047_EXTERNAL_MARKET_1S,R047,P10,NONE,TCN,TCN_REGRESSION,PROJECT-ADAPTATION,price_regression,COMMON_CLOSE_REGRESSION,COMMON_CLOSE_REGRESSION,EXTERNAL_MARKET,1,after the published official close for session t,close_t,close[t+h],close[t+h],price_point_forecast,absolute_error_index_points,predict close[t],TO_BE_FROZEN_AFTER_PPR4_SOURCE_ELIGIBILITY,false,NONE,3,PROPOSED_NOT_AUTHORIZED,PPR4_DATA_GATE_THEN_PPR5_CODE_GATE_THEN_PPR6_EXACT_SNAPSHOT_PASS
R047_FLOWS_OPTIONS_1S,R047,P10,NONE,TCN,TCN_REGRESSION,PROJECT-ADAPTATION,price_regression,COMMON_CLOSE_REGRESSION,COMMON_CLOSE_REGRESSION,FLOWS_OPTIONS,1,after the published official close for session t,close_t,close[t+h],close[t+h],price_point_forecast,absolute_error_index_points,predict close[t],TO_BE_FROZEN_AFTER_PPR4_SOURCE_ELIGIBILITY,false,NONE,3,PROPOSED_NOT_AUTHORIZED,PPR4_DATA_GATE_THEN_PPR5_CODE_GATE_THEN_PPR6_EXACT_SNAPSHOT_PASS
R047_TIMESTAMPED_SENTIMENT_FUSION_1S,R047,P10,NONE,TCN,TCN_REGRESSION,PROJECT-ADAPTATION,price_regression,COMMON_CLOSE_REGRESSION,COMMON_CLOSE_REGRESSION,TIMESTAMPED_SENTIMENT_FUSION,1,after the published official close for session t,close_t,close[t+h],close[t+h],price_point_forecast,absolute_error_index_points,predict close[t],TO_BE_FROZEN_AFTER_PPR4_SOURCE_ELIGIBILITY,false,NONE,3,PROPOSED_NOT_AUTHORIZED,PPR4_DATA_GATE_THEN_PPR5_CODE_GATE_THEN_PPR6_EXACT_SNAPSHOT_PASS
R047_CORE_OHLCV_TECH_2S,R047,P10,NONE,TCN,TCN_REGRESSION,PROJECT-ADAPTATION,price_regression,COMMON_CLOSE_REGRESSION,COMMON_CLOSE_REGRESSION,CORE_OHLCV_TECH,2,after the published official close for session t,close_t,close[t+h],close[t+h],price_point_forecast,absolute_error_index_points,predict close[t],TO_BE_FROZEN_AFTER_PPR4_SOURCE_ELIGIBILITY,false,NONE,3,PROPOSED_NOT_AUTHORIZED,PPR4_DATA_GATE_THEN_PPR5_CODE_GATE_THEN_PPR6_EXACT_SNAPSHOT_PASS
R047_EXTERNAL_MARKET_2S,R047,P10,NONE,TCN,TCN_REGRESSION,PROJECT-ADAPTATION,price_regression,COMMON_CLOSE_REGRESSION,COMMON_CLOSE_REGRESSION,EXTERNAL_MARKET,2,after the published official close for session t,close_t,close[t+h],close[t+h],price_point_forecast,absolute_error_index_points,predict close[t],TO_BE_FROZEN_AFTER_PPR4_SOURCE_ELIGIBILITY,false,NONE,3,PROPOSED_NOT_AUTHORIZED,PPR4_DATA_GATE_THEN_PPR5_CODE_GATE_THEN_PPR6_EXACT_SNAPSHOT_PASS
R047_FLOWS_OPTIONS_2S,R047,P10,NONE,TCN,TCN_REGRESSION,PROJECT-ADAPTATION,price_regression,COMMON_CLOSE_REGRESSION,COMMON_CLOSE_REGRESSION,FLOWS_OPTIONS,2,after the published official close for session t,close_t,close[t+h],close[t+h],price_point_forecast,absolute_error_index_points,predict close[t],TO_BE_FROZEN_AFTER_PPR4_SOURCE_ELIGIBILITY,false,NONE,3,PROPOSED_NOT_AUTHORIZED,PPR4_DATA_GATE_THEN_PPR5_CODE_GATE_THEN_PPR6_EXACT_SNAPSHOT_PASS
R047_TIMESTAMPED_SENTIMENT_FUSION_2S,R047,P10,NONE,TCN,TCN_REGRESSION,PROJECT-ADAPTATION,price_regression,COMMON_CLOSE_REGRESSION,COMMON_CLOSE_REGRESSION,TIMESTAMPED_SENTIMENT_FUSION,2,after the published official close for session t,close_t,close[t+h],close[t+h],price_point_forecast,absolute_error_index_points,predict close[t],TO_BE_FROZEN_AFTER_PPR4_SOURCE_ELIGIBILITY,false,NONE,3,PROPOSED_NOT_AUTHORIZED,PPR4_DATA_GATE_THEN_PPR5_CODE_GATE_THEN_PPR6_EXACT_SNAPSHOT_PASS
R047_CORE_OHLCV_TECH_3S,R047,P10,NONE,TCN,TCN_REGRESSION,PROJECT-ADAPTATION,price_regression,COMMON_CLOSE_REGRESSION,COMMON_CLOSE_REGRESSION,CORE_OHLCV_TECH,3,after the published official close for session t,close_t,close[t+h],close[t+h],price_point_forecast,absolute_error_index_points,predict close[t],TO_BE_FROZEN_AFTER_PPR4_SOURCE_ELIGIBILITY,false,NONE,3,PROPOSED_NOT_AUTHORIZED,PPR4_DATA_GATE_THEN_PPR5_CODE_GATE_THEN_PPR6_EXACT_SNAPSHOT_PASS
R047_EXTERNAL_MARKET_3S,R047,P10,NONE,TCN,TCN_REGRESSION,PROJECT-ADAPTATION,price_regression,COMMON_CLOSE_REGRESSION,COMMON_CLOSE_REGRESSION,EXTERNAL_MARKET,3,after the published official close for session t,close_t,close[t+h],close[t+h],price_point_forecast,absolute_error_index_points,predict close[t],TO_BE_FROZEN_AFTER_PPR4_SOURCE_ELIGIBILITY,false,NONE,3,PROPOSED_NOT_AUTHORIZED,PPR4_DATA_GATE_THEN_PPR5_CODE_GATE_THEN_PPR6_EXACT_SNAPSHOT_PASS
R047_FLOWS_OPTIONS_3S,R047,P10,NONE,TCN,TCN_REGRESSION,PROJECT-ADAPTATION,price_regression,COMMON_CLOSE_REGRESSION,COMMON_CLOSE_REGRESSION,FLOWS_OPTIONS,3,after the published official close for session t,close_t,close[t+h],close[t+h],price_point_forecast,absolute_error_index_points,predict close[t],TO_BE_FROZEN_AFTER_PPR4_SOURCE_ELIGIBILITY,false,NONE,3,PROPOSED_NOT_AUTHORIZED,PPR4_DATA_GATE_THEN_PPR5_CODE_GATE_THEN_PPR6_EXACT_SNAPSHOT_PASS
R047_TIMESTAMPED_SENTIMENT_FUSION_3S,R047,P10,NONE,TCN,TCN_REGRESSION,PROJECT-ADAPTATION,price_regression,COMMON_CLOSE_REGRESSION,COMMON_CLOSE_REGRESSION,TIMESTAMPED_SENTIMENT_FUSION,3,after the published official close for session t,close_t,close[t+h],close[t+h],price_point_forecast,absolute_error_index_points,predict close[t],TO_BE_FROZEN_AFTER_PPR4_SOURCE_ELIGIBILITY,false,NONE,3,PROPOSED_NOT_AUTHORIZED,PPR4_DATA_GATE_THEN_PPR5_CODE_GATE_THEN_PPR6_EXACT_SNAPSHOT_PASS
R047_CORE_OHLCV_TECH_5S,R047,P10,NONE,TCN,TCN_REGRESSION,PROJECT-ADAPTATION,price_regression,COMMON_CLOSE_REGRESSION,COMMON_CLOSE_REGRESSION,CORE_OHLCV_TECH,5,after the published official close for session t,close_t,close[t+h],close[t+h],price_point_forecast,absolute_error_index_points,predict close[t],TO_BE_FROZEN_AFTER_PPR4_SOURCE_ELIGIBILITY,false,NONE,3,PROPOSED_NOT_AUTHORIZED,PPR4_DATA_GATE_THEN_PPR5_CODE_GATE_THEN_PPR6_EXACT_SNAPSHOT_PASS
R047_EXTERNAL_MARKET_5S,R047,P10,NONE,TCN,TCN_REGRESSION,PROJECT-ADAPTATION,price_regression,COMMON_CLOSE_REGRESSION,COMMON_CLOSE_REGRESSION,EXTERNAL_MARKET,5,after the published official close for session t,close_t,close[t+h],close[t+h],price_point_forecast,absolute_error_index_points,predict close[t],TO_BE_FROZEN_AFTER_PPR4_SOURCE_ELIGIBILITY,false,NONE,3,PROPOSED_NOT_AUTHORIZED,PPR4_DATA_GATE_THEN_PPR5_CODE_GATE_THEN_PPR6_EXACT_SNAPSHOT_PASS
R047_FLOWS_OPTIONS_5S,R047,P10,NONE,TCN,TCN_REGRESSION,PROJECT-ADAPTATION,price_regression,COMMON_CLOSE_REGRESSION,COMMON_CLOSE_REGRESSION,FLOWS_OPTIONS,5,after the published official close for session t,close_t,close[t+h],close[t+h],price_point_forecast,absolute_error_index_points,predict close[t],TO_BE_FROZEN_AFTER_PPR4_SOURCE_ELIGIBILITY,false,NONE,3,PROPOSED_NOT_AUTHORIZED,PPR4_DATA_GATE_THEN_PPR5_CODE_GATE_THEN_PPR6_EXACT_SNAPSHOT_PASS
R047_TIMESTAMPED_SENTIMENT_FUSION_5S,R047,P10,NONE,TCN,TCN_REGRESSION,PROJECT-ADAPTATION,price_regression,COMMON_CLOSE_REGRESSION,COMMON_CLOSE_REGRESSION,TIMESTAMPED_SENTIMENT_FUSION,5,after the published official close for session t,close_t,close[t+h],close[t+h],price_point_forecast,absolute_error_index_points,predict close[t],TO_BE_FROZEN_AFTER_PPR4_SOURCE_ELIGIBILITY,false,NONE,3,PROPOSED_NOT_AUTHORIZED,PPR4_DATA_GATE_THEN_PPR5_CODE_GATE_THEN_PPR6_EXACT_SNAPSHOT_PASS
R047_CORE_OHLCV_TECH_10S,R047,P10,NONE,TCN,TCN_REGRESSION,PROJECT-ADAPTATION,price_regression,COMMON_CLOSE_REGRESSION,COMMON_CLOSE_REGRESSION,CORE_OHLCV_TECH,10,after the published official close for session t,close_t,close[t+h],close[t+h],price_point_forecast,absolute_error_index_points,predict close[t],TO_BE_FROZEN_AFTER_PPR4_SOURCE_ELIGIBILITY,false,NONE,3,PROPOSED_NOT_AUTHORIZED,PPR4_DATA_GATE_THEN_PPR5_CODE_GATE_THEN_PPR6_EXACT_SNAPSHOT_PASS
R047_EXTERNAL_MARKET_10S,R047,P10,NONE,TCN,TCN_REGRESSION,PROJECT-ADAPTATION,price_regression,COMMON_CLOSE_REGRESSION,COMMON_CLOSE_REGRESSION,EXTERNAL_MARKET,10,after the published official close for session t,close_t,close[t+h],close[t+h],price_point_forecast,absolute_error_index_points,predict close[t],TO_BE_FROZEN_AFTER_PPR4_SOURCE_ELIGIBILITY,false,NONE,3,PROPOSED_NOT_AUTHORIZED,PPR4_DATA_GATE_THEN_PPR5_CODE_GATE_THEN_PPR6_EXACT_SNAPSHOT_PASS
R047_FLOWS_OPTIONS_10S,R047,P10,NONE,TCN,TCN_REGRESSION,PROJECT-ADAPTATION,price_regression,COMMON_CLOSE_REGRESSION,COMMON_CLOSE_REGRESSION,FLOWS_OPTIONS,10,after the published official close for session t,close_t,close[t+h],close[t+h],price_point_forecast,absolute_error_index_points,predict close[t],TO_BE_FROZEN_AFTER_PPR4_SOURCE_ELIGIBILITY,false,NONE,3,PROPOSED_NOT_AUTHORIZED,PPR4_DATA_GATE_THEN_PPR5_CODE_GATE_THEN_PPR6_EXACT_SNAPSHOT_PASS
R047_TIMESTAMPED_SENTIMENT_FUSION_10S,R047,P10,NONE,TCN,TCN_REGRESSION,PROJECT-ADAPTATION,price_regression,COMMON_CLOSE_REGRESSION,COMMON_CLOSE_REGRESSION,TIMESTAMPED_SENTIMENT_FUSION,10,after the published official close for session t,close_t,close[t+h],close[t+h],price_point_forecast,absolute_error_index_points,predict close[t],TO_BE_FROZEN_AFTER_PPR4_SOURCE_ELIGIBILITY,false,NONE,3,PROPOSED_NOT_AUTHORIZED,PPR4_DATA_GATE_THEN_PPR5_CODE_GATE_THEN_PPR6_EXACT_SNAPSHOT_PASS
R048_CORE_OHLCV_TECH_1S,R048,P10,NONE,LSTM+GRU hybrid,LSTM_GRU_REGRESSION,PROJECT-ADAPTATION,price_regression,COMMON_CLOSE_REGRESSION,COMMON_CLOSE_REGRESSION,CORE_OHLCV_TECH,1,after the published official close for session t,close_t,close[t+h],close[t+h],price_point_forecast,absolute_error_index_points,predict close[t],TO_BE_FROZEN_AFTER_PPR4_SOURCE_ELIGIBILITY,false,NONE,3,PROPOSED_NOT_AUTHORIZED,PPR4_DATA_GATE_THEN_PPR5_CODE_GATE_THEN_PPR6_EXACT_SNAPSHOT_PASS
R048_EXTERNAL_MARKET_1S,R048,P10,NONE,LSTM+GRU hybrid,LSTM_GRU_REGRESSION,PROJECT-ADAPTATION,price_regression,COMMON_CLOSE_REGRESSION,COMMON_CLOSE_REGRESSION,EXTERNAL_MARKET,1,after the published official close for session t,close_t,close[t+h],close[t+h],price_point_forecast,absolute_error_index_points,predict close[t],TO_BE_FROZEN_AFTER_PPR4_SOURCE_ELIGIBILITY,false,NONE,3,PROPOSED_NOT_AUTHORIZED,PPR4_DATA_GATE_THEN_PPR5_CODE_GATE_THEN_PPR6_EXACT_SNAPSHOT_PASS
R048_FLOWS_OPTIONS_1S,R048,P10,NONE,LSTM+GRU hybrid,LSTM_GRU_REGRESSION,PROJECT-ADAPTATION,price_regression,COMMON_CLOSE_REGRESSION,COMMON_CLOSE_REGRESSION,FLOWS_OPTIONS,1,after the published official close for session t,close_t,close[t+h],close[t+h],price_point_forecast,absolute_error_index_points,predict close[t],TO_BE_FROZEN_AFTER_PPR4_SOURCE_ELIGIBILITY,false,NONE,3,PROPOSED_NOT_AUTHORIZED,PPR4_DATA_GATE_THEN_PPR5_CODE_GATE_THEN_PPR6_EXACT_SNAPSHOT_PASS
R048_TIMESTAMPED_SENTIMENT_FUSION_1S,R048,P10,NONE,LSTM+GRU hybrid,LSTM_GRU_REGRESSION,PROJECT-ADAPTATION,price_regression,COMMON_CLOSE_REGRESSION,COMMON_CLOSE_REGRESSION,TIMESTAMPED_SENTIMENT_FUSION,1,after the published official close for session t,close_t,close[t+h],close[t+h],price_point_forecast,absolute_error_index_points,predict close[t],TO_BE_FROZEN_AFTER_PPR4_SOURCE_ELIGIBILITY,false,NONE,3,PROPOSED_NOT_AUTHORIZED,PPR4_DATA_GATE_THEN_PPR5_CODE_GATE_THEN_PPR6_EXACT_SNAPSHOT_PASS
R048_CORE_OHLCV_TECH_2S,R048,P10,NONE,LSTM+GRU hybrid,LSTM_GRU_REGRESSION,PROJECT-ADAPTATION,price_regression,COMMON_CLOSE_REGRESSION,COMMON_CLOSE_REGRESSION,CORE_OHLCV_TECH,2,after the published official close for session t,close_t,close[t+h],close[t+h],price_point_forecast,absolute_error_index_points,predict close[t],TO_BE_FROZEN_AFTER_PPR4_SOURCE_ELIGIBILITY,false,NONE,3,PROPOSED_NOT_AUTHORIZED,PPR4_DATA_GATE_THEN_PPR5_CODE_GATE_THEN_PPR6_EXACT_SNAPSHOT_PASS
R048_EXTERNAL_MARKET_2S,R048,P10,NONE,LSTM+GRU hybrid,LSTM_GRU_REGRESSION,PROJECT-ADAPTATION,price_regression,COMMON_CLOSE_REGRESSION,COMMON_CLOSE_REGRESSION,EXTERNAL_MARKET,2,after the published official close for session t,close_t,close[t+h],close[t+h],price_point_forecast,absolute_error_index_points,predict close[t],TO_BE_FROZEN_AFTER_PPR4_SOURCE_ELIGIBILITY,false,NONE,3,PROPOSED_NOT_AUTHORIZED,PPR4_DATA_GATE_THEN_PPR5_CODE_GATE_THEN_PPR6_EXACT_SNAPSHOT_PASS
R048_FLOWS_OPTIONS_2S,R048,P10,NONE,LSTM+GRU hybrid,LSTM_GRU_REGRESSION,PROJECT-ADAPTATION,price_regression,COMMON_CLOSE_REGRESSION,COMMON_CLOSE_REGRESSION,FLOWS_OPTIONS,2,after the published official close for session t,close_t,close[t+h],close[t+h],price_point_forecast,absolute_error_index_points,predict close[t],TO_BE_FROZEN_AFTER_PPR4_SOURCE_ELIGIBILITY,false,NONE,3,PROPOSED_NOT_AUTHORIZED,PPR4_DATA_GATE_THEN_PPR5_CODE_GATE_THEN_PPR6_EXACT_SNAPSHOT_PASS
R048_TIMESTAMPED_SENTIMENT_FUSION_2S,R048,P10,NONE,LSTM+GRU hybrid,LSTM_GRU_REGRESSION,PROJECT-ADAPTATION,price_regression,COMMON_CLOSE_REGRESSION,COMMON_CLOSE_REGRESSION,TIMESTAMPED_SENTIMENT_FUSION,2,after the published official close for session t,close_t,close[t+h],close[t+h],price_point_forecast,absolute_error_index_points,predict close[t],TO_BE_FROZEN_AFTER_PPR4_SOURCE_ELIGIBILITY,false,NONE,3,PROPOSED_NOT_AUTHORIZED,PPR4_DATA_GATE_THEN_PPR5_CODE_GATE_THEN_PPR6_EXACT_SNAPSHOT_PASS
R048_CORE_OHLCV_TECH_3S,R048,P10,NONE,LSTM+GRU hybrid,LSTM_GRU_REGRESSION,PROJECT-ADAPTATION,price_regression,COMMON_CLOSE_REGRESSION,COMMON_CLOSE_REGRESSION,CORE_OHLCV_TECH,3,after the published official close for session t,close_t,close[t+h],close[t+h],price_point_forecast,absolute_error_index_points,predict close[t],TO_BE_FROZEN_AFTER_PPR4_SOURCE_ELIGIBILITY,false,NONE,3,PROPOSED_NOT_AUTHORIZED,PPR4_DATA_GATE_THEN_PPR5_CODE_GATE_THEN_PPR6_EXACT_SNAPSHOT_PASS
R048_EXTERNAL_MARKET_3S,R048,P10,NONE,LSTM+GRU hybrid,LSTM_GRU_REGRESSION,PROJECT-ADAPTATION,price_regression,COMMON_CLOSE_REGRESSION,COMMON_CLOSE_REGRESSION,EXTERNAL_MARKET,3,after the published official close for session t,close_t,close[t+h],close[t+h],price_point_forecast,absolute_error_index_points,predict close[t],TO_BE_FROZEN_AFTER_PPR4_SOURCE_ELIGIBILITY,false,NONE,3,PROPOSED_NOT_AUTHORIZED,PPR4_DATA_GATE_THEN_PPR5_CODE_GATE_THEN_PPR6_EXACT_SNAPSHOT_PASS
R048_FLOWS_OPTIONS_3S,R048,P10,NONE,LSTM+GRU hybrid,LSTM_GRU_REGRESSION,PROJECT-ADAPTATION,price_regression,COMMON_CLOSE_REGRESSION,COMMON_CLOSE_REGRESSION,FLOWS_OPTIONS,3,after the published official close for session t,close_t,close[t+h],close[t+h],price_point_forecast,absolute_error_index_points,predict close[t],TO_BE_FROZEN_AFTER_PPR4_SOURCE_ELIGIBILITY,false,NONE,3,PROPOSED_NOT_AUTHORIZED,PPR4_DATA_GATE_THEN_PPR5_CODE_GATE_THEN_PPR6_EXACT_SNAPSHOT_PASS
R048_TIMESTAMPED_SENTIMENT_FUSION_3S,R048,P10,NONE,LSTM+GRU hybrid,LSTM_GRU_REGRESSION,PROJECT-ADAPTATION,price_regression,COMMON_CLOSE_REGRESSION,COMMON_CLOSE_REGRESSION,TIMESTAMPED_SENTIMENT_FUSION,3,after the published official close for session t,close_t,close[t+h],close[t+h],price_point_forecast,absolute_error_index_points,predict close[t],TO_BE_FROZEN_AFTER_PPR4_SOURCE_ELIGIBILITY,false,NONE,3,PROPOSED_NOT_AUTHORIZED,PPR4_DATA_GATE_THEN_PPR5_CODE_GATE_THEN_PPR6_EXACT_SNAPSHOT_PASS
R048_CORE_OHLCV_TECH_5S,R048,P10,NONE,LSTM+GRU hybrid,LSTM_GRU_REGRESSION,PROJECT-ADAPTATION,price_regression,COMMON_CLOSE_REGRESSION,COMMON_CLOSE_REGRESSION,CORE_OHLCV_TECH,5,after the published official close for session t,close_t,close[t+h],close[t+h],price_point_forecast,absolute_error_index_points,predict close[t],TO_BE_FROZEN_AFTER_PPR4_SOURCE_ELIGIBILITY,false,NONE,3,PROPOSED_NOT_AUTHORIZED,PPR4_DATA_GATE_THEN_PPR5_CODE_GATE_THEN_PPR6_EXACT_SNAPSHOT_PASS
R048_EXTERNAL_MARKET_5S,R048,P10,NONE,LSTM+GRU hybrid,LSTM_GRU_REGRESSION,PROJECT-ADAPTATION,price_regression,COMMON_CLOSE_REGRESSION,COMMON_CLOSE_REGRESSION,EXTERNAL_MARKET,5,after the published official close for session t,close_t,close[t+h],close[t+h],price_point_forecast,absolute_error_index_points,predict close[t],TO_BE_FROZEN_AFTER_PPR4_SOURCE_ELIGIBILITY,false,NONE,3,PROPOSED_NOT_AUTHORIZED,PPR4_DATA_GATE_THEN_PPR5_CODE_GATE_THEN_PPR6_EXACT_SNAPSHOT_PASS
R048_FLOWS_OPTIONS_5S,R048,P10,NONE,LSTM+GRU hybrid,LSTM_GRU_REGRESSION,PROJECT-ADAPTATION,price_regression,COMMON_CLOSE_REGRESSION,COMMON_CLOSE_REGRESSION,FLOWS_OPTIONS,5,after the published official close for session t,close_t,close[t+h],close[t+h],price_point_forecast,absolute_error_index_points,predict close[t],TO_BE_FROZEN_AFTER_PPR4_SOURCE_ELIGIBILITY,false,NONE,3,PROPOSED_NOT_AUTHORIZED,PPR4_DATA_GATE_THEN_PPR5_CODE_GATE_THEN_PPR6_EXACT_SNAPSHOT_PASS
R048_TIMESTAMPED_SENTIMENT_FUSION_5S,R048,P10,NONE,LSTM+GRU hybrid,LSTM_GRU_REGRESSION,PROJECT-ADAPTATION,price_regression,COMMON_CLOSE_REGRESSION,COMMON_CLOSE_REGRESSION,TIMESTAMPED_SENTIMENT_FUSION,5,after the published official close for session t,close_t,close[t+h],close[t+h],price_point_forecast,absolute_error_index_points,predict close[t],TO_BE_FROZEN_AFTER_PPR4_SOURCE_ELIGIBILITY,false,NONE,3,PROPOSED_NOT_AUTHORIZED,PPR4_DATA_GATE_THEN_PPR5_CODE_GATE_THEN_PPR6_EXACT_SNAPSHOT_PASS
R048_CORE_OHLCV_TECH_10S,R048,P10,NONE,LSTM+GRU hybrid,LSTM_GRU_REGRESSION,PROJECT-ADAPTATION,price_regression,COMMON_CLOSE_REGRESSION,COMMON_CLOSE_REGRESSION,CORE_OHLCV_TECH,10,after the published official close for session t,close_t,close[t+h],close[t+h],price_point_forecast,absolute_error_index_points,predict close[t],TO_BE_FROZEN_AFTER_PPR4_SOURCE_ELIGIBILITY,false,NONE,3,PROPOSED_NOT_AUTHORIZED,PPR4_DATA_GATE_THEN_PPR5_CODE_GATE_THEN_PPR6_EXACT_SNAPSHOT_PASS
R048_EXTERNAL_MARKET_10S,R048,P10,NONE,LSTM+GRU hybrid,LSTM_GRU_REGRESSION,PROJECT-ADAPTATION,price_regression,COMMON_CLOSE_REGRESSION,COMMON_CLOSE_REGRESSION,EXTERNAL_MARKET,10,after the published official close for session t,close_t,close[t+h],close[t+h],price_point_forecast,absolute_error_index_points,predict close[t],TO_BE_FROZEN_AFTER_PPR4_SOURCE_ELIGIBILITY,false,NONE,3,PROPOSED_NOT_AUTHORIZED,PPR4_DATA_GATE_THEN_PPR5_CODE_GATE_THEN_PPR6_EXACT_SNAPSHOT_PASS
R048_FLOWS_OPTIONS_10S,R048,P10,NONE,LSTM+GRU hybrid,LSTM_GRU_REGRESSION,PROJECT-ADAPTATION,price_regression,COMMON_CLOSE_REGRESSION,COMMON_CLOSE_REGRESSION,FLOWS_OPTIONS,10,after the published official close for session t,close_t,close[t+h],close[t+h],price_point_forecast,absolute_error_index_points,predict close[t],TO_BE_FROZEN_AFTER_PPR4_SOURCE_ELIGIBILITY,false,NONE,3,PROPOSED_NOT_AUTHORIZED,PPR4_DATA_GATE_THEN_PPR5_CODE_GATE_THEN_PPR6_EXACT_SNAPSHOT_PASS
R048_TIMESTAMPED_SENTIMENT_FUSION_10S,R048,P10,NONE,LSTM+GRU hybrid,LSTM_GRU_REGRESSION,PROJECT-ADAPTATION,price_regression,COMMON_CLOSE_REGRESSION,COMMON_CLOSE_REGRESSION,TIMESTAMPED_SENTIMENT_FUSION,10,after the published official close for session t,close_t,close[t+h],close[t+h],price_point_forecast,absolute_error_index_points,predict close[t],TO_BE_FROZEN_AFTER_PPR4_SOURCE_ELIGIBILITY,false,NONE,3,PROPOSED_NOT_AUTHORIZED,PPR4_DATA_GATE_THEN_PPR5_CODE_GATE_THEN_PPR6_EXACT_SNAPSHOT_PASS
R049_CORE_OHLCV_TECH_1S,R049,P10,NONE,CNN+RNN hybrid,CNN_RNN_REGRESSION,PROJECT-ADAPTATION,price_regression,COMMON_CLOSE_REGRESSION,COMMON_CLOSE_REGRESSION,CORE_OHLCV_TECH,1,after the published official close for session t,close_t,close[t+h],close[t+h],price_point_forecast,absolute_error_index_points,predict close[t],TO_BE_FROZEN_AFTER_PPR4_SOURCE_ELIGIBILITY,false,NONE,3,PROPOSED_NOT_AUTHORIZED,PPR4_DATA_GATE_THEN_PPR5_CODE_GATE_THEN_PPR6_EXACT_SNAPSHOT_PASS
R049_EXTERNAL_MARKET_1S,R049,P10,NONE,CNN+RNN hybrid,CNN_RNN_REGRESSION,PROJECT-ADAPTATION,price_regression,COMMON_CLOSE_REGRESSION,COMMON_CLOSE_REGRESSION,EXTERNAL_MARKET,1,after the published official close for session t,close_t,close[t+h],close[t+h],price_point_forecast,absolute_error_index_points,predict close[t],TO_BE_FROZEN_AFTER_PPR4_SOURCE_ELIGIBILITY,false,NONE,3,PROPOSED_NOT_AUTHORIZED,PPR4_DATA_GATE_THEN_PPR5_CODE_GATE_THEN_PPR6_EXACT_SNAPSHOT_PASS
R049_FLOWS_OPTIONS_1S,R049,P10,NONE,CNN+RNN hybrid,CNN_RNN_REGRESSION,PROJECT-ADAPTATION,price_regression,COMMON_CLOSE_REGRESSION,COMMON_CLOSE_REGRESSION,FLOWS_OPTIONS,1,after the published official close for session t,close_t,close[t+h],close[t+h],price_point_forecast,absolute_error_index_points,predict close[t],TO_BE_FROZEN_AFTER_PPR4_SOURCE_ELIGIBILITY,false,NONE,3,PROPOSED_NOT_AUTHORIZED,PPR4_DATA_GATE_THEN_PPR5_CODE_GATE_THEN_PPR6_EXACT_SNAPSHOT_PASS
R049_TIMESTAMPED_SENTIMENT_FUSION_1S,R049,P10,NONE,CNN+RNN hybrid,CNN_RNN_REGRESSION,PROJECT-ADAPTATION,price_regression,COMMON_CLOSE_REGRESSION,COMMON_CLOSE_REGRESSION,TIMESTAMPED_SENTIMENT_FUSION,1,after the published official close for session t,close_t,close[t+h],close[t+h],price_point_forecast,absolute_error_index_points,predict close[t],TO_BE_FROZEN_AFTER_PPR4_SOURCE_ELIGIBILITY,false,NONE,3,PROPOSED_NOT_AUTHORIZED,PPR4_DATA_GATE_THEN_PPR5_CODE_GATE_THEN_PPR6_EXACT_SNAPSHOT_PASS
R049_CORE_OHLCV_TECH_2S,R049,P10,NONE,CNN+RNN hybrid,CNN_RNN_REGRESSION,PROJECT-ADAPTATION,price_regression,COMMON_CLOSE_REGRESSION,COMMON_CLOSE_REGRESSION,CORE_OHLCV_TECH,2,after the published official close for session t,close_t,close[t+h],close[t+h],price_point_forecast,absolute_error_index_points,predict close[t],TO_BE_FROZEN_AFTER_PPR4_SOURCE_ELIGIBILITY,false,NONE,3,PROPOSED_NOT_AUTHORIZED,PPR4_DATA_GATE_THEN_PPR5_CODE_GATE_THEN_PPR6_EXACT_SNAPSHOT_PASS
R049_EXTERNAL_MARKET_2S,R049,P10,NONE,CNN+RNN hybrid,CNN_RNN_REGRESSION,PROJECT-ADAPTATION,price_regression,COMMON_CLOSE_REGRESSION,COMMON_CLOSE_REGRESSION,EXTERNAL_MARKET,2,after the published official close for session t,close_t,close[t+h],close[t+h],price_point_forecast,absolute_error_index_points,predict close[t],TO_BE_FROZEN_AFTER_PPR4_SOURCE_ELIGIBILITY,false,NONE,3,PROPOSED_NOT_AUTHORIZED,PPR4_DATA_GATE_THEN_PPR5_CODE_GATE_THEN_PPR6_EXACT_SNAPSHOT_PASS
R049_FLOWS_OPTIONS_2S,R049,P10,NONE,CNN+RNN hybrid,CNN_RNN_REGRESSION,PROJECT-ADAPTATION,price_regression,COMMON_CLOSE_REGRESSION,COMMON_CLOSE_REGRESSION,FLOWS_OPTIONS,2,after the published official close for session t,close_t,close[t+h],close[t+h],price_point_forecast,absolute_error_index_points,predict close[t],TO_BE_FROZEN_AFTER_PPR4_SOURCE_ELIGIBILITY,false,NONE,3,PROPOSED_NOT_AUTHORIZED,PPR4_DATA_GATE_THEN_PPR5_CODE_GATE_THEN_PPR6_EXACT_SNAPSHOT_PASS
R049_TIMESTAMPED_SENTIMENT_FUSION_2S,R049,P10,NONE,CNN+RNN hybrid,CNN_RNN_REGRESSION,PROJECT-ADAPTATION,price_regression,COMMON_CLOSE_REGRESSION,COMMON_CLOSE_REGRESSION,TIMESTAMPED_SENTIMENT_FUSION,2,after the published official close for session t,close_t,close[t+h],close[t+h],price_point_forecast,absolute_error_index_points,predict close[t],TO_BE_FROZEN_AFTER_PPR4_SOURCE_ELIGIBILITY,false,NONE,3,PROPOSED_NOT_AUTHORIZED,PPR4_DATA_GATE_THEN_PPR5_CODE_GATE_THEN_PPR6_EXACT_SNAPSHOT_PASS
R049_CORE_OHLCV_TECH_3S,R049,P10,NONE,CNN+RNN hybrid,CNN_RNN_REGRESSION,PROJECT-ADAPTATION,price_regression,COMMON_CLOSE_REGRESSION,COMMON_CLOSE_REGRESSION,CORE_OHLCV_TECH,3,after the published official close for session t,close_t,close[t+h],close[t+h],price_point_forecast,absolute_error_index_points,predict close[t],TO_BE_FROZEN_AFTER_PPR4_SOURCE_ELIGIBILITY,false,NONE,3,PROPOSED_NOT_AUTHORIZED,PPR4_DATA_GATE_THEN_PPR5_CODE_GATE_THEN_PPR6_EXACT_SNAPSHOT_PASS
R049_EXTERNAL_MARKET_3S,R049,P10,NONE,CNN+RNN hybrid,CNN_RNN_REGRESSION,PROJECT-ADAPTATION,price_regression,COMMON_CLOSE_REGRESSION,COMMON_CLOSE_REGRESSION,EXTERNAL_MARKET,3,after the published official close for session t,close_t,close[t+h],close[t+h],price_point_forecast,absolute_error_index_points,predict close[t],TO_BE_FROZEN_AFTER_PPR4_SOURCE_ELIGIBILITY,false,NONE,3,PROPOSED_NOT_AUTHORIZED,PPR4_DATA_GATE_THEN_PPR5_CODE_GATE_THEN_PPR6_EXACT_SNAPSHOT_PASS
R049_FLOWS_OPTIONS_3S,R049,P10,NONE,CNN+RNN hybrid,CNN_RNN_REGRESSION,PROJECT-ADAPTATION,price_regression,COMMON_CLOSE_REGRESSION,COMMON_CLOSE_REGRESSION,FLOWS_OPTIONS,3,after the published official close for session t,close_t,close[t+h],close[t+h],price_point_forecast,absolute_error_index_points,predict close[t],TO_BE_FROZEN_AFTER_PPR4_SOURCE_ELIGIBILITY,false,NONE,3,PROPOSED_NOT_AUTHORIZED,PPR4_DATA_GATE_THEN_PPR5_CODE_GATE_THEN_PPR6_EXACT_SNAPSHOT_PASS
R049_TIMESTAMPED_SENTIMENT_FUSION_3S,R049,P10,NONE,CNN+RNN hybrid,CNN_RNN_REGRESSION,PROJECT-ADAPTATION,price_regression,COMMON_CLOSE_REGRESSION,COMMON_CLOSE_REGRESSION,TIMESTAMPED_SENTIMENT_FUSION,3,after the published official close for session t,close_t,close[t+h],close[t+h],price_point_forecast,absolute_error_index_points,predict close[t],TO_BE_FROZEN_AFTER_PPR4_SOURCE_ELIGIBILITY,false,NONE,3,PROPOSED_NOT_AUTHORIZED,PPR4_DATA_GATE_THEN_PPR5_CODE_GATE_THEN_PPR6_EXACT_SNAPSHOT_PASS
R049_CORE_OHLCV_TECH_5S,R049,P10,NONE,CNN+RNN hybrid,CNN_RNN_REGRESSION,PROJECT-ADAPTATION,price_regression,COMMON_CLOSE_REGRESSION,COMMON_CLOSE_REGRESSION,CORE_OHLCV_TECH,5,after the published official close for session t,close_t,close[t+h],close[t+h],price_point_forecast,absolute_error_index_points,predict close[t],TO_BE_FROZEN_AFTER_PPR4_SOURCE_ELIGIBILITY,false,NONE,3,PROPOSED_NOT_AUTHORIZED,PPR4_DATA_GATE_THEN_PPR5_CODE_GATE_THEN_PPR6_EXACT_SNAPSHOT_PASS
R049_EXTERNAL_MARKET_5S,R049,P10,NONE,CNN+RNN hybrid,CNN_RNN_REGRESSION,PROJECT-ADAPTATION,price_regression,COMMON_CLOSE_REGRESSION,COMMON_CLOSE_REGRESSION,EXTERNAL_MARKET,5,after the published official close for session t,close_t,close[t+h],close[t+h],price_point_forecast,absolute_error_index_points,predict close[t],TO_BE_FROZEN_AFTER_PPR4_SOURCE_ELIGIBILITY,false,NONE,3,PROPOSED_NOT_AUTHORIZED,PPR4_DATA_GATE_THEN_PPR5_CODE_GATE_THEN_PPR6_EXACT_SNAPSHOT_PASS
R049_FLOWS_OPTIONS_5S,R049,P10,NONE,CNN+RNN hybrid,CNN_RNN_REGRESSION,PROJECT-ADAPTATION,price_regression,COMMON_CLOSE_REGRESSION,COMMON_CLOSE_REGRESSION,FLOWS_OPTIONS,5,after the published official close for session t,close_t,close[t+h],close[t+h],price_point_forecast,absolute_error_index_points,predict close[t],TO_BE_FROZEN_AFTER_PPR4_SOURCE_ELIGIBILITY,false,NONE,3,PROPOSED_NOT_AUTHORIZED,PPR4_DATA_GATE_THEN_PPR5_CODE_GATE_THEN_PPR6_EXACT_SNAPSHOT_PASS
R049_TIMESTAMPED_SENTIMENT_FUSION_5S,R049,P10,NONE,CNN+RNN hybrid,CNN_RNN_REGRESSION,PROJECT-ADAPTATION,price_regression,COMMON_CLOSE_REGRESSION,COMMON_CLOSE_REGRESSION,TIMESTAMPED_SENTIMENT_FUSION,5,after the published official close for session t,close_t,close[t+h],close[t+h],price_point_forecast,absolute_error_index_points,predict close[t],TO_BE_FROZEN_AFTER_PPR4_SOURCE_ELIGIBILITY,false,NONE,3,PROPOSED_NOT_AUTHORIZED,PPR4_DATA_GATE_THEN_PPR5_CODE_GATE_THEN_PPR6_EXACT_SNAPSHOT_PASS
R049_CORE_OHLCV_TECH_10S,R049,P10,NONE,CNN+RNN hybrid,CNN_RNN_REGRESSION,PROJECT-ADAPTATION,price_regression,COMMON_CLOSE_REGRESSION,COMMON_CLOSE_REGRESSION,CORE_OHLCV_TECH,10,after the published official close for session t,close_t,close[t+h],close[t+h],price_point_forecast,absolute_error_index_points,predict close[t],TO_BE_FROZEN_AFTER_PPR4_SOURCE_ELIGIBILITY,false,NONE,3,PROPOSED_NOT_AUTHORIZED,PPR4_DATA_GATE_THEN_PPR5_CODE_GATE_THEN_PPR6_EXACT_SNAPSHOT_PASS
R049_EXTERNAL_MARKET_10S,R049,P10,NONE,CNN+RNN hybrid,CNN_RNN_REGRESSION,PROJECT-ADAPTATION,price_regression,COMMON_CLOSE_REGRESSION,COMMON_CLOSE_REGRESSION,EXTERNAL_MARKET,10,after the published official close for session t,close_t,close[t+h],close[t+h],price_point_forecast,absolute_error_index_points,predict close[t],TO_BE_FROZEN_AFTER_PPR4_SOURCE_ELIGIBILITY,false,NONE,3,PROPOSED_NOT_AUTHORIZED,PPR4_DATA_GATE_THEN_PPR5_CODE_GATE_THEN_PPR6_EXACT_SNAPSHOT_PASS
R049_FLOWS_OPTIONS_10S,R049,P10,NONE,CNN+RNN hybrid,CNN_RNN_REGRESSION,PROJECT-ADAPTATION,price_regression,COMMON_CLOSE_REGRESSION,COMMON_CLOSE_REGRESSION,FLOWS_OPTIONS,10,after the published official close for session t,close_t,close[t+h],close[t+h],price_point_forecast,absolute_error_index_points,predict close[t],TO_BE_FROZEN_AFTER_PPR4_SOURCE_ELIGIBILITY,false,NONE,3,PROPOSED_NOT_AUTHORIZED,PPR4_DATA_GATE_THEN_PPR5_CODE_GATE_THEN_PPR6_EXACT_SNAPSHOT_PASS
R049_TIMESTAMPED_SENTIMENT_FUSION_10S,R049,P10,NONE,CNN+RNN hybrid,CNN_RNN_REGRESSION,PROJECT-ADAPTATION,price_regression,COMMON_CLOSE_REGRESSION,COMMON_CLOSE_REGRESSION,TIMESTAMPED_SENTIMENT_FUSION,10,after the published official close for session t,close_t,close[t+h],close[t+h],price_point_forecast,absolute_error_index_points,predict close[t],TO_BE_FROZEN_AFTER_PPR4_SOURCE_ELIGIBILITY,false,NONE,3,PROPOSED_NOT_AUTHORIZED,PPR4_DATA_GATE_THEN_PPR5_CODE_GATE_THEN_PPR6_EXACT_SNAPSHOT_PASS
R050_CORE_OHLCV_TECH_1S,R050,P10,NONE,CNN+TCN hybrid,CNN_TCN_REGRESSION,PROJECT-ADAPTATION,price_regression,COMMON_CLOSE_REGRESSION,COMMON_CLOSE_REGRESSION,CORE_OHLCV_TECH,1,after the published official close for session t,close_t,close[t+h],close[t+h],price_point_forecast,absolute_error_index_points,predict close[t],TO_BE_FROZEN_AFTER_PPR4_SOURCE_ELIGIBILITY,false,NONE,3,PROPOSED_NOT_AUTHORIZED,PPR4_DATA_GATE_THEN_PPR5_CODE_GATE_THEN_PPR6_EXACT_SNAPSHOT_PASS
R050_EXTERNAL_MARKET_1S,R050,P10,NONE,CNN+TCN hybrid,CNN_TCN_REGRESSION,PROJECT-ADAPTATION,price_regression,COMMON_CLOSE_REGRESSION,COMMON_CLOSE_REGRESSION,EXTERNAL_MARKET,1,after the published official close for session t,close_t,close[t+h],close[t+h],price_point_forecast,absolute_error_index_points,predict close[t],TO_BE_FROZEN_AFTER_PPR4_SOURCE_ELIGIBILITY,false,NONE,3,PROPOSED_NOT_AUTHORIZED,PPR4_DATA_GATE_THEN_PPR5_CODE_GATE_THEN_PPR6_EXACT_SNAPSHOT_PASS
R050_FLOWS_OPTIONS_1S,R050,P10,NONE,CNN+TCN hybrid,CNN_TCN_REGRESSION,PROJECT-ADAPTATION,price_regression,COMMON_CLOSE_REGRESSION,COMMON_CLOSE_REGRESSION,FLOWS_OPTIONS,1,after the published official close for session t,close_t,close[t+h],close[t+h],price_point_forecast,absolute_error_index_points,predict close[t],TO_BE_FROZEN_AFTER_PPR4_SOURCE_ELIGIBILITY,false,NONE,3,PROPOSED_NOT_AUTHORIZED,PPR4_DATA_GATE_THEN_PPR5_CODE_GATE_THEN_PPR6_EXACT_SNAPSHOT_PASS
R050_TIMESTAMPED_SENTIMENT_FUSION_1S,R050,P10,NONE,CNN+TCN hybrid,CNN_TCN_REGRESSION,PROJECT-ADAPTATION,price_regression,COMMON_CLOSE_REGRESSION,COMMON_CLOSE_REGRESSION,TIMESTAMPED_SENTIMENT_FUSION,1,after the published official close for session t,close_t,close[t+h],close[t+h],price_point_forecast,absolute_error_index_points,predict close[t],TO_BE_FROZEN_AFTER_PPR4_SOURCE_ELIGIBILITY,false,NONE,3,PROPOSED_NOT_AUTHORIZED,PPR4_DATA_GATE_THEN_PPR5_CODE_GATE_THEN_PPR6_EXACT_SNAPSHOT_PASS
R050_CORE_OHLCV_TECH_2S,R050,P10,NONE,CNN+TCN hybrid,CNN_TCN_REGRESSION,PROJECT-ADAPTATION,price_regression,COMMON_CLOSE_REGRESSION,COMMON_CLOSE_REGRESSION,CORE_OHLCV_TECH,2,after the published official close for session t,close_t,close[t+h],close[t+h],price_point_forecast,absolute_error_index_points,predict close[t],TO_BE_FROZEN_AFTER_PPR4_SOURCE_ELIGIBILITY,false,NONE,3,PROPOSED_NOT_AUTHORIZED,PPR4_DATA_GATE_THEN_PPR5_CODE_GATE_THEN_PPR6_EXACT_SNAPSHOT_PASS
R050_EXTERNAL_MARKET_2S,R050,P10,NONE,CNN+TCN hybrid,CNN_TCN_REGRESSION,PROJECT-ADAPTATION,price_regression,COMMON_CLOSE_REGRESSION,COMMON_CLOSE_REGRESSION,EXTERNAL_MARKET,2,after the published official close for session t,close_t,close[t+h],close[t+h],price_point_forecast,absolute_error_index_points,predict close[t],TO_BE_FROZEN_AFTER_PPR4_SOURCE_ELIGIBILITY,false,NONE,3,PROPOSED_NOT_AUTHORIZED,PPR4_DATA_GATE_THEN_PPR5_CODE_GATE_THEN_PPR6_EXACT_SNAPSHOT_PASS
R050_FLOWS_OPTIONS_2S,R050,P10,NONE,CNN+TCN hybrid,CNN_TCN_REGRESSION,PROJECT-ADAPTATION,price_regression,COMMON_CLOSE_REGRESSION,COMMON_CLOSE_REGRESSION,FLOWS_OPTIONS,2,after the published official close for session t,close_t,close[t+h],close[t+h],price_point_forecast,absolute_error_index_points,predict close[t],TO_BE_FROZEN_AFTER_PPR4_SOURCE_ELIGIBILITY,false,NONE,3,PROPOSED_NOT_AUTHORIZED,PPR4_DATA_GATE_THEN_PPR5_CODE_GATE_THEN_PPR6_EXACT_SNAPSHOT_PASS
R050_TIMESTAMPED_SENTIMENT_FUSION_2S,R050,P10,NONE,CNN+TCN hybrid,CNN_TCN_REGRESSION,PROJECT-ADAPTATION,price_regression,COMMON_CLOSE_REGRESSION,COMMON_CLOSE_REGRESSION,TIMESTAMPED_SENTIMENT_FUSION,2,after the published official close for session t,close_t,close[t+h],close[t+h],price_point_forecast,absolute_error_index_points,predict close[t],TO_BE_FROZEN_AFTER_PPR4_SOURCE_ELIGIBILITY,false,NONE,3,PROPOSED_NOT_AUTHORIZED,PPR4_DATA_GATE_THEN_PPR5_CODE_GATE_THEN_PPR6_EXACT_SNAPSHOT_PASS
R050_CORE_OHLCV_TECH_3S,R050,P10,NONE,CNN+TCN hybrid,CNN_TCN_REGRESSION,PROJECT-ADAPTATION,price_regression,COMMON_CLOSE_REGRESSION,COMMON_CLOSE_REGRESSION,CORE_OHLCV_TECH,3,after the published official close for session t,close_t,close[t+h],close[t+h],price_point_forecast,absolute_error_index_points,predict close[t],TO_BE_FROZEN_AFTER_PPR4_SOURCE_ELIGIBILITY,false,NONE,3,PROPOSED_NOT_AUTHORIZED,PPR4_DATA_GATE_THEN_PPR5_CODE_GATE_THEN_PPR6_EXACT_SNAPSHOT_PASS
R050_EXTERNAL_MARKET_3S,R050,P10,NONE,CNN+TCN hybrid,CNN_TCN_REGRESSION,PROJECT-ADAPTATION,price_regression,COMMON_CLOSE_REGRESSION,COMMON_CLOSE_REGRESSION,EXTERNAL_MARKET,3,after the published official close for session t,close_t,close[t+h],close[t+h],price_point_forecast,absolute_error_index_points,predict close[t],TO_BE_FROZEN_AFTER_PPR4_SOURCE_ELIGIBILITY,false,NONE,3,PROPOSED_NOT_AUTHORIZED,PPR4_DATA_GATE_THEN_PPR5_CODE_GATE_THEN_PPR6_EXACT_SNAPSHOT_PASS
R050_FLOWS_OPTIONS_3S,R050,P10,NONE,CNN+TCN hybrid,CNN_TCN_REGRESSION,PROJECT-ADAPTATION,price_regression,COMMON_CLOSE_REGRESSION,COMMON_CLOSE_REGRESSION,FLOWS_OPTIONS,3,after the published official close for session t,close_t,close[t+h],close[t+h],price_point_forecast,absolute_error_index_points,predict close[t],TO_BE_FROZEN_AFTER_PPR4_SOURCE_ELIGIBILITY,false,NONE,3,PROPOSED_NOT_AUTHORIZED,PPR4_DATA_GATE_THEN_PPR5_CODE_GATE_THEN_PPR6_EXACT_SNAPSHOT_PASS
R050_TIMESTAMPED_SENTIMENT_FUSION_3S,R050,P10,NONE,CNN+TCN hybrid,CNN_TCN_REGRESSION,PROJECT-ADAPTATION,price_regression,COMMON_CLOSE_REGRESSION,COMMON_CLOSE_REGRESSION,TIMESTAMPED_SENTIMENT_FUSION,3,after the published official close for session t,close_t,close[t+h],close[t+h],price_point_forecast,absolute_error_index_points,predict close[t],TO_BE_FROZEN_AFTER_PPR4_SOURCE_ELIGIBILITY,false,NONE,3,PROPOSED_NOT_AUTHORIZED,PPR4_DATA_GATE_THEN_PPR5_CODE_GATE_THEN_PPR6_EXACT_SNAPSHOT_PASS
R050_CORE_OHLCV_TECH_5S,R050,P10,NONE,CNN+TCN hybrid,CNN_TCN_REGRESSION,PROJECT-ADAPTATION,price_regression,COMMON_CLOSE_REGRESSION,COMMON_CLOSE_REGRESSION,CORE_OHLCV_TECH,5,after the published official close for session t,close_t,close[t+h],close[t+h],price_point_forecast,absolute_error_index_points,predict close[t],TO_BE_FROZEN_AFTER_PPR4_SOURCE_ELIGIBILITY,false,NONE,3,PROPOSED_NOT_AUTHORIZED,PPR4_DATA_GATE_THEN_PPR5_CODE_GATE_THEN_PPR6_EXACT_SNAPSHOT_PASS
R050_EXTERNAL_MARKET_5S,R050,P10,NONE,CNN+TCN hybrid,CNN_TCN_REGRESSION,PROJECT-ADAPTATION,price_regression,COMMON_CLOSE_REGRESSION,COMMON_CLOSE_REGRESSION,EXTERNAL_MARKET,5,after the published official close for session t,close_t,close[t+h],close[t+h],price_point_forecast,absolute_error_index_points,predict close[t],TO_BE_FROZEN_AFTER_PPR4_SOURCE_ELIGIBILITY,false,NONE,3,PROPOSED_NOT_AUTHORIZED,PPR4_DATA_GATE_THEN_PPR5_CODE_GATE_THEN_PPR6_EXACT_SNAPSHOT_PASS
R050_FLOWS_OPTIONS_5S,R050,P10,NONE,CNN+TCN hybrid,CNN_TCN_REGRESSION,PROJECT-ADAPTATION,price_regression,COMMON_CLOSE_REGRESSION,COMMON_CLOSE_REGRESSION,FLOWS_OPTIONS,5,after the published official close for session t,close_t,close[t+h],close[t+h],price_point_forecast,absolute_error_index_points,predict close[t],TO_BE_FROZEN_AFTER_PPR4_SOURCE_ELIGIBILITY,false,NONE,3,PROPOSED_NOT_AUTHORIZED,PPR4_DATA_GATE_THEN_PPR5_CODE_GATE_THEN_PPR6_EXACT_SNAPSHOT_PASS
R050_TIMESTAMPED_SENTIMENT_FUSION_5S,R050,P10,NONE,CNN+TCN hybrid,CNN_TCN_REGRESSION,PROJECT-ADAPTATION,price_regression,COMMON_CLOSE_REGRESSION,COMMON_CLOSE_REGRESSION,TIMESTAMPED_SENTIMENT_FUSION,5,after the published official close for session t,close_t,close[t+h],close[t+h],price_point_forecast,absolute_error_index_points,predict close[t],TO_BE_FROZEN_AFTER_PPR4_SOURCE_ELIGIBILITY,false,NONE,3,PROPOSED_NOT_AUTHORIZED,PPR4_DATA_GATE_THEN_PPR5_CODE_GATE_THEN_PPR6_EXACT_SNAPSHOT_PASS
R050_CORE_OHLCV_TECH_10S,R050,P10,NONE,CNN+TCN hybrid,CNN_TCN_REGRESSION,PROJECT-ADAPTATION,price_regression,COMMON_CLOSE_REGRESSION,COMMON_CLOSE_REGRESSION,CORE_OHLCV_TECH,10,after the published official close for session t,close_t,close[t+h],close[t+h],price_point_forecast,absolute_error_index_points,predict close[t],TO_BE_FROZEN_AFTER_PPR4_SOURCE_ELIGIBILITY,false,NONE,3,PROPOSED_NOT_AUTHORIZED,PPR4_DATA_GATE_THEN_PPR5_CODE_GATE_THEN_PPR6_EXACT_SNAPSHOT_PASS
R050_EXTERNAL_MARKET_10S,R050,P10,NONE,CNN+TCN hybrid,CNN_TCN_REGRESSION,PROJECT-ADAPTATION,price_regression,COMMON_CLOSE_REGRESSION,COMMON_CLOSE_REGRESSION,EXTERNAL_MARKET,10,after the published official close for session t,close_t,close[t+h],close[t+h],price_point_forecast,absolute_error_index_points,predict close[t],TO_BE_FROZEN_AFTER_PPR4_SOURCE_ELIGIBILITY,false,NONE,3,PROPOSED_NOT_AUTHORIZED,PPR4_DATA_GATE_THEN_PPR5_CODE_GATE_THEN_PPR6_EXACT_SNAPSHOT_PASS
R050_FLOWS_OPTIONS_10S,R050,P10,NONE,CNN+TCN hybrid,CNN_TCN_REGRESSION,PROJECT-ADAPTATION,price_regression,COMMON_CLOSE_REGRESSION,COMMON_CLOSE_REGRESSION,FLOWS_OPTIONS,10,after the published official close for session t,close_t,close[t+h],close[t+h],price_point_forecast,absolute_error_index_points,predict close[t],TO_BE_FROZEN_AFTER_PPR4_SOURCE_ELIGIBILITY,false,NONE,3,PROPOSED_NOT_AUTHORIZED,PPR4_DATA_GATE_THEN_PPR5_CODE_GATE_THEN_PPR6_EXACT_SNAPSHOT_PASS
R050_TIMESTAMPED_SENTIMENT_FUSION_10S,R050,P10,NONE,CNN+TCN hybrid,CNN_TCN_REGRESSION,PROJECT-ADAPTATION,price_regression,COMMON_CLOSE_REGRESSION,COMMON_CLOSE_REGRESSION,TIMESTAMPED_SENTIMENT_FUSION,10,after the published official close for session t,close_t,close[t+h],close[t+h],price_point_forecast,absolute_error_index_points,predict close[t],TO_BE_FROZEN_AFTER_PPR4_SOURCE_ELIGIBILITY,false,NONE,3,PROPOSED_NOT_AUTHORIZED,PPR4_DATA_GATE_THEN_PPR5_CODE_GATE_THEN_PPR6_EXACT_SNAPSHOT_PASS
R051_CORE_OHLCV_TECH_1S,R051,P10,NONE,LSTM+TCN hybrid,LSTM_TCN_REGRESSION,PROJECT-ADAPTATION,price_regression,COMMON_CLOSE_REGRESSION,COMMON_CLOSE_REGRESSION,CORE_OHLCV_TECH,1,after the published official close for session t,close_t,close[t+h],close[t+h],price_point_forecast,absolute_error_index_points,predict close[t],TO_BE_FROZEN_AFTER_PPR4_SOURCE_ELIGIBILITY,false,NONE,3,PROPOSED_NOT_AUTHORIZED,PPR4_DATA_GATE_THEN_PPR5_CODE_GATE_THEN_PPR6_EXACT_SNAPSHOT_PASS
R051_EXTERNAL_MARKET_1S,R051,P10,NONE,LSTM+TCN hybrid,LSTM_TCN_REGRESSION,PROJECT-ADAPTATION,price_regression,COMMON_CLOSE_REGRESSION,COMMON_CLOSE_REGRESSION,EXTERNAL_MARKET,1,after the published official close for session t,close_t,close[t+h],close[t+h],price_point_forecast,absolute_error_index_points,predict close[t],TO_BE_FROZEN_AFTER_PPR4_SOURCE_ELIGIBILITY,false,NONE,3,PROPOSED_NOT_AUTHORIZED,PPR4_DATA_GATE_THEN_PPR5_CODE_GATE_THEN_PPR6_EXACT_SNAPSHOT_PASS
R051_FLOWS_OPTIONS_1S,R051,P10,NONE,LSTM+TCN hybrid,LSTM_TCN_REGRESSION,PROJECT-ADAPTATION,price_regression,COMMON_CLOSE_REGRESSION,COMMON_CLOSE_REGRESSION,FLOWS_OPTIONS,1,after the published official close for session t,close_t,close[t+h],close[t+h],price_point_forecast,absolute_error_index_points,predict close[t],TO_BE_FROZEN_AFTER_PPR4_SOURCE_ELIGIBILITY,false,NONE,3,PROPOSED_NOT_AUTHORIZED,PPR4_DATA_GATE_THEN_PPR5_CODE_GATE_THEN_PPR6_EXACT_SNAPSHOT_PASS
R051_TIMESTAMPED_SENTIMENT_FUSION_1S,R051,P10,NONE,LSTM+TCN hybrid,LSTM_TCN_REGRESSION,PROJECT-ADAPTATION,price_regression,COMMON_CLOSE_REGRESSION,COMMON_CLOSE_REGRESSION,TIMESTAMPED_SENTIMENT_FUSION,1,after the published official close for session t,close_t,close[t+h],close[t+h],price_point_forecast,absolute_error_index_points,predict close[t],TO_BE_FROZEN_AFTER_PPR4_SOURCE_ELIGIBILITY,false,NONE,3,PROPOSED_NOT_AUTHORIZED,PPR4_DATA_GATE_THEN_PPR5_CODE_GATE_THEN_PPR6_EXACT_SNAPSHOT_PASS
R051_CORE_OHLCV_TECH_2S,R051,P10,NONE,LSTM+TCN hybrid,LSTM_TCN_REGRESSION,PROJECT-ADAPTATION,price_regression,COMMON_CLOSE_REGRESSION,COMMON_CLOSE_REGRESSION,CORE_OHLCV_TECH,2,after the published official close for session t,close_t,close[t+h],close[t+h],price_point_forecast,absolute_error_index_points,predict close[t],TO_BE_FROZEN_AFTER_PPR4_SOURCE_ELIGIBILITY,false,NONE,3,PROPOSED_NOT_AUTHORIZED,PPR4_DATA_GATE_THEN_PPR5_CODE_GATE_THEN_PPR6_EXACT_SNAPSHOT_PASS
R051_EXTERNAL_MARKET_2S,R051,P10,NONE,LSTM+TCN hybrid,LSTM_TCN_REGRESSION,PROJECT-ADAPTATION,price_regression,COMMON_CLOSE_REGRESSION,COMMON_CLOSE_REGRESSION,EXTERNAL_MARKET,2,after the published official close for session t,close_t,close[t+h],close[t+h],price_point_forecast,absolute_error_index_points,predict close[t],TO_BE_FROZEN_AFTER_PPR4_SOURCE_ELIGIBILITY,false,NONE,3,PROPOSED_NOT_AUTHORIZED,PPR4_DATA_GATE_THEN_PPR5_CODE_GATE_THEN_PPR6_EXACT_SNAPSHOT_PASS
R051_FLOWS_OPTIONS_2S,R051,P10,NONE,LSTM+TCN hybrid,LSTM_TCN_REGRESSION,PROJECT-ADAPTATION,price_regression,COMMON_CLOSE_REGRESSION,COMMON_CLOSE_REGRESSION,FLOWS_OPTIONS,2,after the published official close for session t,close_t,close[t+h],close[t+h],price_point_forecast,absolute_error_index_points,predict close[t],TO_BE_FROZEN_AFTER_PPR4_SOURCE_ELIGIBILITY,false,NONE,3,PROPOSED_NOT_AUTHORIZED,PPR4_DATA_GATE_THEN_PPR5_CODE_GATE_THEN_PPR6_EXACT_SNAPSHOT_PASS
R051_TIMESTAMPED_SENTIMENT_FUSION_2S,R051,P10,NONE,LSTM+TCN hybrid,LSTM_TCN_REGRESSION,PROJECT-ADAPTATION,price_regression,COMMON_CLOSE_REGRESSION,COMMON_CLOSE_REGRESSION,TIMESTAMPED_SENTIMENT_FUSION,2,after the published official close for session t,close_t,close[t+h],close[t+h],price_point_forecast,absolute_error_index_points,predict close[t],TO_BE_FROZEN_AFTER_PPR4_SOURCE_ELIGIBILITY,false,NONE,3,PROPOSED_NOT_AUTHORIZED,PPR4_DATA_GATE_THEN_PPR5_CODE_GATE_THEN_PPR6_EXACT_SNAPSHOT_PASS
R051_CORE_OHLCV_TECH_3S,R051,P10,NONE,LSTM+TCN hybrid,LSTM_TCN_REGRESSION,PROJECT-ADAPTATION,price_regression,COMMON_CLOSE_REGRESSION,COMMON_CLOSE_REGRESSION,CORE_OHLCV_TECH,3,after the published official close for session t,close_t,close[t+h],close[t+h],price_point_forecast,absolute_error_index_points,predict close[t],TO_BE_FROZEN_AFTER_PPR4_SOURCE_ELIGIBILITY,false,NONE,3,PROPOSED_NOT_AUTHORIZED,PPR4_DATA_GATE_THEN_PPR5_CODE_GATE_THEN_PPR6_EXACT_SNAPSHOT_PASS
R051_EXTERNAL_MARKET_3S,R051,P10,NONE,LSTM+TCN hybrid,LSTM_TCN_REGRESSION,PROJECT-ADAPTATION,price_regression,COMMON_CLOSE_REGRESSION,COMMON_CLOSE_REGRESSION,EXTERNAL_MARKET,3,after the published official close for session t,close_t,close[t+h],close[t+h],price_point_forecast,absolute_error_index_points,predict close[t],TO_BE_FROZEN_AFTER_PPR4_SOURCE_ELIGIBILITY,false,NONE,3,PROPOSED_NOT_AUTHORIZED,PPR4_DATA_GATE_THEN_PPR5_CODE_GATE_THEN_PPR6_EXACT_SNAPSHOT_PASS
R051_FLOWS_OPTIONS_3S,R051,P10,NONE,LSTM+TCN hybrid,LSTM_TCN_REGRESSION,PROJECT-ADAPTATION,price_regression,COMMON_CLOSE_REGRESSION,COMMON_CLOSE_REGRESSION,FLOWS_OPTIONS,3,after the published official close for session t,close_t,close[t+h],close[t+h],price_point_forecast,absolute_error_index_points,predict close[t],TO_BE_FROZEN_AFTER_PPR4_SOURCE_ELIGIBILITY,false,NONE,3,PROPOSED_NOT_AUTHORIZED,PPR4_DATA_GATE_THEN_PPR5_CODE_GATE_THEN_PPR6_EXACT_SNAPSHOT_PASS
R051_TIMESTAMPED_SENTIMENT_FUSION_3S,R051,P10,NONE,LSTM+TCN hybrid,LSTM_TCN_REGRESSION,PROJECT-ADAPTATION,price_regression,COMMON_CLOSE_REGRESSION,COMMON_CLOSE_REGRESSION,TIMESTAMPED_SENTIMENT_FUSION,3,after the published official close for session t,close_t,close[t+h],close[t+h],price_point_forecast,absolute_error_index_points,predict close[t],TO_BE_FROZEN_AFTER_PPR4_SOURCE_ELIGIBILITY,false,NONE,3,PROPOSED_NOT_AUTHORIZED,PPR4_DATA_GATE_THEN_PPR5_CODE_GATE_THEN_PPR6_EXACT_SNAPSHOT_PASS
R051_CORE_OHLCV_TECH_5S,R051,P10,NONE,LSTM+TCN hybrid,LSTM_TCN_REGRESSION,PROJECT-ADAPTATION,price_regression,COMMON_CLOSE_REGRESSION,COMMON_CLOSE_REGRESSION,CORE_OHLCV_TECH,5,after the published official close for session t,close_t,close[t+h],close[t+h],price_point_forecast,absolute_error_index_points,predict close[t],TO_BE_FROZEN_AFTER_PPR4_SOURCE_ELIGIBILITY,false,NONE,3,PROPOSED_NOT_AUTHORIZED,PPR4_DATA_GATE_THEN_PPR5_CODE_GATE_THEN_PPR6_EXACT_SNAPSHOT_PASS
R051_EXTERNAL_MARKET_5S,R051,P10,NONE,LSTM+TCN hybrid,LSTM_TCN_REGRESSION,PROJECT-ADAPTATION,price_regression,COMMON_CLOSE_REGRESSION,COMMON_CLOSE_REGRESSION,EXTERNAL_MARKET,5,after the published official close for session t,close_t,close[t+h],close[t+h],price_point_forecast,absolute_error_index_points,predict close[t],TO_BE_FROZEN_AFTER_PPR4_SOURCE_ELIGIBILITY,false,NONE,3,PROPOSED_NOT_AUTHORIZED,PPR4_DATA_GATE_THEN_PPR5_CODE_GATE_THEN_PPR6_EXACT_SNAPSHOT_PASS
R051_FLOWS_OPTIONS_5S,R051,P10,NONE,LSTM+TCN hybrid,LSTM_TCN_REGRESSION,PROJECT-ADAPTATION,price_regression,COMMON_CLOSE_REGRESSION,COMMON_CLOSE_REGRESSION,FLOWS_OPTIONS,5,after the published official close for session t,close_t,close[t+h],close[t+h],price_point_forecast,absolute_error_index_points,predict close[t],TO_BE_FROZEN_AFTER_PPR4_SOURCE_ELIGIBILITY,false,NONE,3,PROPOSED_NOT_AUTHORIZED,PPR4_DATA_GATE_THEN_PPR5_CODE_GATE_THEN_PPR6_EXACT_SNAPSHOT_PASS
R051_TIMESTAMPED_SENTIMENT_FUSION_5S,R051,P10,NONE,LSTM+TCN hybrid,LSTM_TCN_REGRESSION,PROJECT-ADAPTATION,price_regression,COMMON_CLOSE_REGRESSION,COMMON_CLOSE_REGRESSION,TIMESTAMPED_SENTIMENT_FUSION,5,after the published official close for session t,close_t,close[t+h],close[t+h],price_point_forecast,absolute_error_index_points,predict close[t],TO_BE_FROZEN_AFTER_PPR4_SOURCE_ELIGIBILITY,false,NONE,3,PROPOSED_NOT_AUTHORIZED,PPR4_DATA_GATE_THEN_PPR5_CODE_GATE_THEN_PPR6_EXACT_SNAPSHOT_PASS
R051_CORE_OHLCV_TECH_10S,R051,P10,NONE,LSTM+TCN hybrid,LSTM_TCN_REGRESSION,PROJECT-ADAPTATION,price_regression,COMMON_CLOSE_REGRESSION,COMMON_CLOSE_REGRESSION,CORE_OHLCV_TECH,10,after the published official close for session t,close_t,close[t+h],close[t+h],price_point_forecast,absolute_error_index_points,predict close[t],TO_BE_FROZEN_AFTER_PPR4_SOURCE_ELIGIBILITY,false,NONE,3,PROPOSED_NOT_AUTHORIZED,PPR4_DATA_GATE_THEN_PPR5_CODE_GATE_THEN_PPR6_EXACT_SNAPSHOT_PASS
R051_EXTERNAL_MARKET_10S,R051,P10,NONE,LSTM+TCN hybrid,LSTM_TCN_REGRESSION,PROJECT-ADAPTATION,price_regression,COMMON_CLOSE_REGRESSION,COMMON_CLOSE_REGRESSION,EXTERNAL_MARKET,10,after the published official close for session t,close_t,close[t+h],close[t+h],price_point_forecast,absolute_error_index_points,predict close[t],TO_BE_FROZEN_AFTER_PPR4_SOURCE_ELIGIBILITY,false,NONE,3,PROPOSED_NOT_AUTHORIZED,PPR4_DATA_GATE_THEN_PPR5_CODE_GATE_THEN_PPR6_EXACT_SNAPSHOT_PASS
R051_FLOWS_OPTIONS_10S,R051,P10,NONE,LSTM+TCN hybrid,LSTM_TCN_REGRESSION,PROJECT-ADAPTATION,price_regression,COMMON_CLOSE_REGRESSION,COMMON_CLOSE_REGRESSION,FLOWS_OPTIONS,10,after the published official close for session t,close_t,close[t+h],close[t+h],price_point_forecast,absolute_error_index_points,predict close[t],TO_BE_FROZEN_AFTER_PPR4_SOURCE_ELIGIBILITY,false,NONE,3,PROPOSED_NOT_AUTHORIZED,PPR4_DATA_GATE_THEN_PPR5_CODE_GATE_THEN_PPR6_EXACT_SNAPSHOT_PASS
R051_TIMESTAMPED_SENTIMENT_FUSION_10S,R051,P10,NONE,LSTM+TCN hybrid,LSTM_TCN_REGRESSION,PROJECT-ADAPTATION,price_regression,COMMON_CLOSE_REGRESSION,COMMON_CLOSE_REGRESSION,TIMESTAMPED_SENTIMENT_FUSION,10,after the published official close for session t,close_t,close[t+h],close[t+h],price_point_forecast,absolute_error_index_points,predict close[t],TO_BE_FROZEN_AFTER_PPR4_SOURCE_ELIGIBILITY,false,NONE,3,PROPOSED_NOT_AUTHORIZED,PPR4_DATA_GATE_THEN_PPR5_CODE_GATE_THEN_PPR6_EXACT_SNAPSHOT_PASS
R052_CORE_OHLCV_TECH_1S,R052,P12,NONE,RNN price regressor,RNN_REG_SIGMOID,PROJECT-ADAPTATION,price_regression,COMMON_CLOSE_REGRESSION,COMMON_CLOSE_REGRESSION,CORE_OHLCV_TECH,1,after the published official close for session t,close_t,close[t+h],close[t+h],price_point_forecast,absolute_error_index_points,predict close[t],TO_BE_FROZEN_AFTER_PPR4_SOURCE_ELIGIBILITY,false,NONE,3,PROPOSED_NOT_AUTHORIZED,PPR4_DATA_GATE_THEN_PPR5_CODE_GATE_THEN_PPR6_EXACT_SNAPSHOT_PASS
R052_EXTERNAL_MARKET_1S,R052,P12,NONE,RNN price regressor,RNN_REG_SIGMOID,PROJECT-ADAPTATION,price_regression,COMMON_CLOSE_REGRESSION,COMMON_CLOSE_REGRESSION,EXTERNAL_MARKET,1,after the published official close for session t,close_t,close[t+h],close[t+h],price_point_forecast,absolute_error_index_points,predict close[t],TO_BE_FROZEN_AFTER_PPR4_SOURCE_ELIGIBILITY,false,NONE,3,PROPOSED_NOT_AUTHORIZED,PPR4_DATA_GATE_THEN_PPR5_CODE_GATE_THEN_PPR6_EXACT_SNAPSHOT_PASS
R052_FLOWS_OPTIONS_1S,R052,P12,NONE,RNN price regressor,RNN_REG_SIGMOID,PROJECT-ADAPTATION,price_regression,COMMON_CLOSE_REGRESSION,COMMON_CLOSE_REGRESSION,FLOWS_OPTIONS,1,after the published official close for session t,close_t,close[t+h],close[t+h],price_point_forecast,absolute_error_index_points,predict close[t],TO_BE_FROZEN_AFTER_PPR4_SOURCE_ELIGIBILITY,false,NONE,3,PROPOSED_NOT_AUTHORIZED,PPR4_DATA_GATE_THEN_PPR5_CODE_GATE_THEN_PPR6_EXACT_SNAPSHOT_PASS
R052_TIMESTAMPED_SENTIMENT_FUSION_1S,R052,P12,NONE,RNN price regressor,RNN_REG_SIGMOID,PROJECT-ADAPTATION,price_regression,COMMON_CLOSE_REGRESSION,COMMON_CLOSE_REGRESSION,TIMESTAMPED_SENTIMENT_FUSION,1,after the published official close for session t,close_t,close[t+h],close[t+h],price_point_forecast,absolute_error_index_points,predict close[t],TO_BE_FROZEN_AFTER_PPR4_SOURCE_ELIGIBILITY,false,NONE,3,PROPOSED_NOT_AUTHORIZED,PPR4_DATA_GATE_THEN_PPR5_CODE_GATE_THEN_PPR6_EXACT_SNAPSHOT_PASS
R052_CORE_OHLCV_TECH_2S,R052,P12,NONE,RNN price regressor,RNN_REG_SIGMOID,PROJECT-ADAPTATION,price_regression,COMMON_CLOSE_REGRESSION,COMMON_CLOSE_REGRESSION,CORE_OHLCV_TECH,2,after the published official close for session t,close_t,close[t+h],close[t+h],price_point_forecast,absolute_error_index_points,predict close[t],TO_BE_FROZEN_AFTER_PPR4_SOURCE_ELIGIBILITY,false,NONE,3,PROPOSED_NOT_AUTHORIZED,PPR4_DATA_GATE_THEN_PPR5_CODE_GATE_THEN_PPR6_EXACT_SNAPSHOT_PASS
R052_EXTERNAL_MARKET_2S,R052,P12,NONE,RNN price regressor,RNN_REG_SIGMOID,PROJECT-ADAPTATION,price_regression,COMMON_CLOSE_REGRESSION,COMMON_CLOSE_REGRESSION,EXTERNAL_MARKET,2,after the published official close for session t,close_t,close[t+h],close[t+h],price_point_forecast,absolute_error_index_points,predict close[t],TO_BE_FROZEN_AFTER_PPR4_SOURCE_ELIGIBILITY,false,NONE,3,PROPOSED_NOT_AUTHORIZED,PPR4_DATA_GATE_THEN_PPR5_CODE_GATE_THEN_PPR6_EXACT_SNAPSHOT_PASS
R052_FLOWS_OPTIONS_2S,R052,P12,NONE,RNN price regressor,RNN_REG_SIGMOID,PROJECT-ADAPTATION,price_regression,COMMON_CLOSE_REGRESSION,COMMON_CLOSE_REGRESSION,FLOWS_OPTIONS,2,after the published official close for session t,close_t,close[t+h],close[t+h],price_point_forecast,absolute_error_index_points,predict close[t],TO_BE_FROZEN_AFTER_PPR4_SOURCE_ELIGIBILITY,false,NONE,3,PROPOSED_NOT_AUTHORIZED,PPR4_DATA_GATE_THEN_PPR5_CODE_GATE_THEN_PPR6_EXACT_SNAPSHOT_PASS
R052_TIMESTAMPED_SENTIMENT_FUSION_2S,R052,P12,NONE,RNN price regressor,RNN_REG_SIGMOID,PROJECT-ADAPTATION,price_regression,COMMON_CLOSE_REGRESSION,COMMON_CLOSE_REGRESSION,TIMESTAMPED_SENTIMENT_FUSION,2,after the published official close for session t,close_t,close[t+h],close[t+h],price_point_forecast,absolute_error_index_points,predict close[t],TO_BE_FROZEN_AFTER_PPR4_SOURCE_ELIGIBILITY,false,NONE,3,PROPOSED_NOT_AUTHORIZED,PPR4_DATA_GATE_THEN_PPR5_CODE_GATE_THEN_PPR6_EXACT_SNAPSHOT_PASS
R052_CORE_OHLCV_TECH_3S,R052,P12,NONE,RNN price regressor,RNN_REG_SIGMOID,PROJECT-ADAPTATION,price_regression,COMMON_CLOSE_REGRESSION,COMMON_CLOSE_REGRESSION,CORE_OHLCV_TECH,3,after the published official close for session t,close_t,close[t+h],close[t+h],price_point_forecast,absolute_error_index_points,predict close[t],TO_BE_FROZEN_AFTER_PPR4_SOURCE_ELIGIBILITY,false,NONE,3,PROPOSED_NOT_AUTHORIZED,PPR4_DATA_GATE_THEN_PPR5_CODE_GATE_THEN_PPR6_EXACT_SNAPSHOT_PASS
R052_EXTERNAL_MARKET_3S,R052,P12,NONE,RNN price regressor,RNN_REG_SIGMOID,PROJECT-ADAPTATION,price_regression,COMMON_CLOSE_REGRESSION,COMMON_CLOSE_REGRESSION,EXTERNAL_MARKET,3,after the published official close for session t,close_t,close[t+h],close[t+h],price_point_forecast,absolute_error_index_points,predict close[t],TO_BE_FROZEN_AFTER_PPR4_SOURCE_ELIGIBILITY,false,NONE,3,PROPOSED_NOT_AUTHORIZED,PPR4_DATA_GATE_THEN_PPR5_CODE_GATE_THEN_PPR6_EXACT_SNAPSHOT_PASS
R052_FLOWS_OPTIONS_3S,R052,P12,NONE,RNN price regressor,RNN_REG_SIGMOID,PROJECT-ADAPTATION,price_regression,COMMON_CLOSE_REGRESSION,COMMON_CLOSE_REGRESSION,FLOWS_OPTIONS,3,after the published official close for session t,close_t,close[t+h],close[t+h],price_point_forecast,absolute_error_index_points,predict close[t],TO_BE_FROZEN_AFTER_PPR4_SOURCE_ELIGIBILITY,false,NONE,3,PROPOSED_NOT_AUTHORIZED,PPR4_DATA_GATE_THEN_PPR5_CODE_GATE_THEN_PPR6_EXACT_SNAPSHOT_PASS
R052_TIMESTAMPED_SENTIMENT_FUSION_3S,R052,P12,NONE,RNN price regressor,RNN_REG_SIGMOID,PROJECT-ADAPTATION,price_regression,COMMON_CLOSE_REGRESSION,COMMON_CLOSE_REGRESSION,TIMESTAMPED_SENTIMENT_FUSION,3,after the published official close for session t,close_t,close[t+h],close[t+h],price_point_forecast,absolute_error_index_points,predict close[t],TO_BE_FROZEN_AFTER_PPR4_SOURCE_ELIGIBILITY,false,NONE,3,PROPOSED_NOT_AUTHORIZED,PPR4_DATA_GATE_THEN_PPR5_CODE_GATE_THEN_PPR6_EXACT_SNAPSHOT_PASS
R052_CORE_OHLCV_TECH_5S,R052,P12,NONE,RNN price regressor,RNN_REG_SIGMOID,PROJECT-ADAPTATION,price_regression,COMMON_CLOSE_REGRESSION,COMMON_CLOSE_REGRESSION,CORE_OHLCV_TECH,5,after the published official close for session t,close_t,close[t+h],close[t+h],price_point_forecast,absolute_error_index_points,predict close[t],TO_BE_FROZEN_AFTER_PPR4_SOURCE_ELIGIBILITY,false,NONE,3,PROPOSED_NOT_AUTHORIZED,PPR4_DATA_GATE_THEN_PPR5_CODE_GATE_THEN_PPR6_EXACT_SNAPSHOT_PASS
R052_EXTERNAL_MARKET_5S,R052,P12,NONE,RNN price regressor,RNN_REG_SIGMOID,PROJECT-ADAPTATION,price_regression,COMMON_CLOSE_REGRESSION,COMMON_CLOSE_REGRESSION,EXTERNAL_MARKET,5,after the published official close for session t,close_t,close[t+h],close[t+h],price_point_forecast,absolute_error_index_points,predict close[t],TO_BE_FROZEN_AFTER_PPR4_SOURCE_ELIGIBILITY,false,NONE,3,PROPOSED_NOT_AUTHORIZED,PPR4_DATA_GATE_THEN_PPR5_CODE_GATE_THEN_PPR6_EXACT_SNAPSHOT_PASS
R052_FLOWS_OPTIONS_5S,R052,P12,NONE,RNN price regressor,RNN_REG_SIGMOID,PROJECT-ADAPTATION,price_regression,COMMON_CLOSE_REGRESSION,COMMON_CLOSE_REGRESSION,FLOWS_OPTIONS,5,after the published official close for session t,close_t,close[t+h],close[t+h],price_point_forecast,absolute_error_index_points,predict close[t],TO_BE_FROZEN_AFTER_PPR4_SOURCE_ELIGIBILITY,false,NONE,3,PROPOSED_NOT_AUTHORIZED,PPR4_DATA_GATE_THEN_PPR5_CODE_GATE_THEN_PPR6_EXACT_SNAPSHOT_PASS
R052_TIMESTAMPED_SENTIMENT_FUSION_5S,R052,P12,NONE,RNN price regressor,RNN_REG_SIGMOID,PROJECT-ADAPTATION,price_regression,COMMON_CLOSE_REGRESSION,COMMON_CLOSE_REGRESSION,TIMESTAMPED_SENTIMENT_FUSION,5,after the published official close for session t,close_t,close[t+h],close[t+h],price_point_forecast,absolute_error_index_points,predict close[t],TO_BE_FROZEN_AFTER_PPR4_SOURCE_ELIGIBILITY,false,NONE,3,PROPOSED_NOT_AUTHORIZED,PPR4_DATA_GATE_THEN_PPR5_CODE_GATE_THEN_PPR6_EXACT_SNAPSHOT_PASS
R052_CORE_OHLCV_TECH_10S,R052,P12,NONE,RNN price regressor,RNN_REG_SIGMOID,PROJECT-ADAPTATION,price_regression,COMMON_CLOSE_REGRESSION,COMMON_CLOSE_REGRESSION,CORE_OHLCV_TECH,10,after the published official close for session t,close_t,close[t+h],close[t+h],price_point_forecast,absolute_error_index_points,predict close[t],TO_BE_FROZEN_AFTER_PPR4_SOURCE_ELIGIBILITY,false,NONE,3,PROPOSED_NOT_AUTHORIZED,PPR4_DATA_GATE_THEN_PPR5_CODE_GATE_THEN_PPR6_EXACT_SNAPSHOT_PASS
R052_EXTERNAL_MARKET_10S,R052,P12,NONE,RNN price regressor,RNN_REG_SIGMOID,PROJECT-ADAPTATION,price_regression,COMMON_CLOSE_REGRESSION,COMMON_CLOSE_REGRESSION,EXTERNAL_MARKET,10,after the published official close for session t,close_t,close[t+h],close[t+h],price_point_forecast,absolute_error_index_points,predict close[t],TO_BE_FROZEN_AFTER_PPR4_SOURCE_ELIGIBILITY,false,NONE,3,PROPOSED_NOT_AUTHORIZED,PPR4_DATA_GATE_THEN_PPR5_CODE_GATE_THEN_PPR6_EXACT_SNAPSHOT_PASS
R052_FLOWS_OPTIONS_10S,R052,P12,NONE,RNN price regressor,RNN_REG_SIGMOID,PROJECT-ADAPTATION,price_regression,COMMON_CLOSE_REGRESSION,COMMON_CLOSE_REGRESSION,FLOWS_OPTIONS,10,after the published official close for session t,close_t,close[t+h],close[t+h],price_point_forecast,absolute_error_index_points,predict close[t],TO_BE_FROZEN_AFTER_PPR4_SOURCE_ELIGIBILITY,false,NONE,3,PROPOSED_NOT_AUTHORIZED,PPR4_DATA_GATE_THEN_PPR5_CODE_GATE_THEN_PPR6_EXACT_SNAPSHOT_PASS
R052_TIMESTAMPED_SENTIMENT_FUSION_10S,R052,P12,NONE,RNN price regressor,RNN_REG_SIGMOID,PROJECT-ADAPTATION,price_regression,COMMON_CLOSE_REGRESSION,COMMON_CLOSE_REGRESSION,TIMESTAMPED_SENTIMENT_FUSION,10,after the published official close for session t,close_t,close[t+h],close[t+h],price_point_forecast,absolute_error_index_points,predict close[t],TO_BE_FROZEN_AFTER_PPR4_SOURCE_ELIGIBILITY,false,NONE,3,PROPOSED_NOT_AUTHORIZED,PPR4_DATA_GATE_THEN_PPR5_CODE_GATE_THEN_PPR6_EXACT_SNAPSHOT_PASS
R053_CORE_OHLCV_TECH_1S,R053,P12,NONE,RNN price regressor,RNN_REG_RELU,PROJECT-ADAPTATION,price_regression,COMMON_CLOSE_REGRESSION,COMMON_CLOSE_REGRESSION,CORE_OHLCV_TECH,1,after the published official close for session t,close_t,close[t+h],close[t+h],price_point_forecast,absolute_error_index_points,predict close[t],TO_BE_FROZEN_AFTER_PPR4_SOURCE_ELIGIBILITY,false,NONE,3,PROPOSED_NOT_AUTHORIZED,PPR4_DATA_GATE_THEN_PPR5_CODE_GATE_THEN_PPR6_EXACT_SNAPSHOT_PASS
R053_EXTERNAL_MARKET_1S,R053,P12,NONE,RNN price regressor,RNN_REG_RELU,PROJECT-ADAPTATION,price_regression,COMMON_CLOSE_REGRESSION,COMMON_CLOSE_REGRESSION,EXTERNAL_MARKET,1,after the published official close for session t,close_t,close[t+h],close[t+h],price_point_forecast,absolute_error_index_points,predict close[t],TO_BE_FROZEN_AFTER_PPR4_SOURCE_ELIGIBILITY,false,NONE,3,PROPOSED_NOT_AUTHORIZED,PPR4_DATA_GATE_THEN_PPR5_CODE_GATE_THEN_PPR6_EXACT_SNAPSHOT_PASS
R053_FLOWS_OPTIONS_1S,R053,P12,NONE,RNN price regressor,RNN_REG_RELU,PROJECT-ADAPTATION,price_regression,COMMON_CLOSE_REGRESSION,COMMON_CLOSE_REGRESSION,FLOWS_OPTIONS,1,after the published official close for session t,close_t,close[t+h],close[t+h],price_point_forecast,absolute_error_index_points,predict close[t],TO_BE_FROZEN_AFTER_PPR4_SOURCE_ELIGIBILITY,false,NONE,3,PROPOSED_NOT_AUTHORIZED,PPR4_DATA_GATE_THEN_PPR5_CODE_GATE_THEN_PPR6_EXACT_SNAPSHOT_PASS
R053_TIMESTAMPED_SENTIMENT_FUSION_1S,R053,P12,NONE,RNN price regressor,RNN_REG_RELU,PROJECT-ADAPTATION,price_regression,COMMON_CLOSE_REGRESSION,COMMON_CLOSE_REGRESSION,TIMESTAMPED_SENTIMENT_FUSION,1,after the published official close for session t,close_t,close[t+h],close[t+h],price_point_forecast,absolute_error_index_points,predict close[t],TO_BE_FROZEN_AFTER_PPR4_SOURCE_ELIGIBILITY,false,NONE,3,PROPOSED_NOT_AUTHORIZED,PPR4_DATA_GATE_THEN_PPR5_CODE_GATE_THEN_PPR6_EXACT_SNAPSHOT_PASS
R053_CORE_OHLCV_TECH_2S,R053,P12,NONE,RNN price regressor,RNN_REG_RELU,PROJECT-ADAPTATION,price_regression,COMMON_CLOSE_REGRESSION,COMMON_CLOSE_REGRESSION,CORE_OHLCV_TECH,2,after the published official close for session t,close_t,close[t+h],close[t+h],price_point_forecast,absolute_error_index_points,predict close[t],TO_BE_FROZEN_AFTER_PPR4_SOURCE_ELIGIBILITY,false,NONE,3,PROPOSED_NOT_AUTHORIZED,PPR4_DATA_GATE_THEN_PPR5_CODE_GATE_THEN_PPR6_EXACT_SNAPSHOT_PASS
R053_EXTERNAL_MARKET_2S,R053,P12,NONE,RNN price regressor,RNN_REG_RELU,PROJECT-ADAPTATION,price_regression,COMMON_CLOSE_REGRESSION,COMMON_CLOSE_REGRESSION,EXTERNAL_MARKET,2,after the published official close for session t,close_t,close[t+h],close[t+h],price_point_forecast,absolute_error_index_points,predict close[t],TO_BE_FROZEN_AFTER_PPR4_SOURCE_ELIGIBILITY,false,NONE,3,PROPOSED_NOT_AUTHORIZED,PPR4_DATA_GATE_THEN_PPR5_CODE_GATE_THEN_PPR6_EXACT_SNAPSHOT_PASS
R053_FLOWS_OPTIONS_2S,R053,P12,NONE,RNN price regressor,RNN_REG_RELU,PROJECT-ADAPTATION,price_regression,COMMON_CLOSE_REGRESSION,COMMON_CLOSE_REGRESSION,FLOWS_OPTIONS,2,after the published official close for session t,close_t,close[t+h],close[t+h],price_point_forecast,absolute_error_index_points,predict close[t],TO_BE_FROZEN_AFTER_PPR4_SOURCE_ELIGIBILITY,false,NONE,3,PROPOSED_NOT_AUTHORIZED,PPR4_DATA_GATE_THEN_PPR5_CODE_GATE_THEN_PPR6_EXACT_SNAPSHOT_PASS
R053_TIMESTAMPED_SENTIMENT_FUSION_2S,R053,P12,NONE,RNN price regressor,RNN_REG_RELU,PROJECT-ADAPTATION,price_regression,COMMON_CLOSE_REGRESSION,COMMON_CLOSE_REGRESSION,TIMESTAMPED_SENTIMENT_FUSION,2,after the published official close for session t,close_t,close[t+h],close[t+h],price_point_forecast,absolute_error_index_points,predict close[t],TO_BE_FROZEN_AFTER_PPR4_SOURCE_ELIGIBILITY,false,NONE,3,PROPOSED_NOT_AUTHORIZED,PPR4_DATA_GATE_THEN_PPR5_CODE_GATE_THEN_PPR6_EXACT_SNAPSHOT_PASS
R053_CORE_OHLCV_TECH_3S,R053,P12,NONE,RNN price regressor,RNN_REG_RELU,PROJECT-ADAPTATION,price_regression,COMMON_CLOSE_REGRESSION,COMMON_CLOSE_REGRESSION,CORE_OHLCV_TECH,3,after the published official close for session t,close_t,close[t+h],close[t+h],price_point_forecast,absolute_error_index_points,predict close[t],TO_BE_FROZEN_AFTER_PPR4_SOURCE_ELIGIBILITY,false,NONE,3,PROPOSED_NOT_AUTHORIZED,PPR4_DATA_GATE_THEN_PPR5_CODE_GATE_THEN_PPR6_EXACT_SNAPSHOT_PASS
R053_EXTERNAL_MARKET_3S,R053,P12,NONE,RNN price regressor,RNN_REG_RELU,PROJECT-ADAPTATION,price_regression,COMMON_CLOSE_REGRESSION,COMMON_CLOSE_REGRESSION,EXTERNAL_MARKET,3,after the published official close for session t,close_t,close[t+h],close[t+h],price_point_forecast,absolute_error_index_points,predict close[t],TO_BE_FROZEN_AFTER_PPR4_SOURCE_ELIGIBILITY,false,NONE,3,PROPOSED_NOT_AUTHORIZED,PPR4_DATA_GATE_THEN_PPR5_CODE_GATE_THEN_PPR6_EXACT_SNAPSHOT_PASS
R053_FLOWS_OPTIONS_3S,R053,P12,NONE,RNN price regressor,RNN_REG_RELU,PROJECT-ADAPTATION,price_regression,COMMON_CLOSE_REGRESSION,COMMON_CLOSE_REGRESSION,FLOWS_OPTIONS,3,after the published official close for session t,close_t,close[t+h],close[t+h],price_point_forecast,absolute_error_index_points,predict close[t],TO_BE_FROZEN_AFTER_PPR4_SOURCE_ELIGIBILITY,false,NONE,3,PROPOSED_NOT_AUTHORIZED,PPR4_DATA_GATE_THEN_PPR5_CODE_GATE_THEN_PPR6_EXACT_SNAPSHOT_PASS
R053_TIMESTAMPED_SENTIMENT_FUSION_3S,R053,P12,NONE,RNN price regressor,RNN_REG_RELU,PROJECT-ADAPTATION,price_regression,COMMON_CLOSE_REGRESSION,COMMON_CLOSE_REGRESSION,TIMESTAMPED_SENTIMENT_FUSION,3,after the published official close for session t,close_t,close[t+h],close[t+h],price_point_forecast,absolute_error_index_points,predict close[t],TO_BE_FROZEN_AFTER_PPR4_SOURCE_ELIGIBILITY,false,NONE,3,PROPOSED_NOT_AUTHORIZED,PPR4_DATA_GATE_THEN_PPR5_CODE_GATE_THEN_PPR6_EXACT_SNAPSHOT_PASS
R053_CORE_OHLCV_TECH_5S,R053,P12,NONE,RNN price regressor,RNN_REG_RELU,PROJECT-ADAPTATION,price_regression,COMMON_CLOSE_REGRESSION,COMMON_CLOSE_REGRESSION,CORE_OHLCV_TECH,5,after the published official close for session t,close_t,close[t+h],close[t+h],price_point_forecast,absolute_error_index_points,predict close[t],TO_BE_FROZEN_AFTER_PPR4_SOURCE_ELIGIBILITY,false,NONE,3,PROPOSED_NOT_AUTHORIZED,PPR4_DATA_GATE_THEN_PPR5_CODE_GATE_THEN_PPR6_EXACT_SNAPSHOT_PASS
R053_EXTERNAL_MARKET_5S,R053,P12,NONE,RNN price regressor,RNN_REG_RELU,PROJECT-ADAPTATION,price_regression,COMMON_CLOSE_REGRESSION,COMMON_CLOSE_REGRESSION,EXTERNAL_MARKET,5,after the published official close for session t,close_t,close[t+h],close[t+h],price_point_forecast,absolute_error_index_points,predict close[t],TO_BE_FROZEN_AFTER_PPR4_SOURCE_ELIGIBILITY,false,NONE,3,PROPOSED_NOT_AUTHORIZED,PPR4_DATA_GATE_THEN_PPR5_CODE_GATE_THEN_PPR6_EXACT_SNAPSHOT_PASS
R053_FLOWS_OPTIONS_5S,R053,P12,NONE,RNN price regressor,RNN_REG_RELU,PROJECT-ADAPTATION,price_regression,COMMON_CLOSE_REGRESSION,COMMON_CLOSE_REGRESSION,FLOWS_OPTIONS,5,after the published official close for session t,close_t,close[t+h],close[t+h],price_point_forecast,absolute_error_index_points,predict close[t],TO_BE_FROZEN_AFTER_PPR4_SOURCE_ELIGIBILITY,false,NONE,3,PROPOSED_NOT_AUTHORIZED,PPR4_DATA_GATE_THEN_PPR5_CODE_GATE_THEN_PPR6_EXACT_SNAPSHOT_PASS
R053_TIMESTAMPED_SENTIMENT_FUSION_5S,R053,P12,NONE,RNN price regressor,RNN_REG_RELU,PROJECT-ADAPTATION,price_regression,COMMON_CLOSE_REGRESSION,COMMON_CLOSE_REGRESSION,TIMESTAMPED_SENTIMENT_FUSION,5,after the published official close for session t,close_t,close[t+h],close[t+h],price_point_forecast,absolute_error_index_points,predict close[t],TO_BE_FROZEN_AFTER_PPR4_SOURCE_ELIGIBILITY,false,NONE,3,PROPOSED_NOT_AUTHORIZED,PPR4_DATA_GATE_THEN_PPR5_CODE_GATE_THEN_PPR6_EXACT_SNAPSHOT_PASS
R053_CORE_OHLCV_TECH_10S,R053,P12,NONE,RNN price regressor,RNN_REG_RELU,PROJECT-ADAPTATION,price_regression,COMMON_CLOSE_REGRESSION,COMMON_CLOSE_REGRESSION,CORE_OHLCV_TECH,10,after the published official close for session t,close_t,close[t+h],close[t+h],price_point_forecast,absolute_error_index_points,predict close[t],TO_BE_FROZEN_AFTER_PPR4_SOURCE_ELIGIBILITY,false,NONE,3,PROPOSED_NOT_AUTHORIZED,PPR4_DATA_GATE_THEN_PPR5_CODE_GATE_THEN_PPR6_EXACT_SNAPSHOT_PASS
R053_EXTERNAL_MARKET_10S,R053,P12,NONE,RNN price regressor,RNN_REG_RELU,PROJECT-ADAPTATION,price_regression,COMMON_CLOSE_REGRESSION,COMMON_CLOSE_REGRESSION,EXTERNAL_MARKET,10,after the published official close for session t,close_t,close[t+h],close[t+h],price_point_forecast,absolute_error_index_points,predict close[t],TO_BE_FROZEN_AFTER_PPR4_SOURCE_ELIGIBILITY,false,NONE,3,PROPOSED_NOT_AUTHORIZED,PPR4_DATA_GATE_THEN_PPR5_CODE_GATE_THEN_PPR6_EXACT_SNAPSHOT_PASS
R053_FLOWS_OPTIONS_10S,R053,P12,NONE,RNN price regressor,RNN_REG_RELU,PROJECT-ADAPTATION,price_regression,COMMON_CLOSE_REGRESSION,COMMON_CLOSE_REGRESSION,FLOWS_OPTIONS,10,after the published official close for session t,close_t,close[t+h],close[t+h],price_point_forecast,absolute_error_index_points,predict close[t],TO_BE_FROZEN_AFTER_PPR4_SOURCE_ELIGIBILITY,false,NONE,3,PROPOSED_NOT_AUTHORIZED,PPR4_DATA_GATE_THEN_PPR5_CODE_GATE_THEN_PPR6_EXACT_SNAPSHOT_PASS
R053_TIMESTAMPED_SENTIMENT_FUSION_10S,R053,P12,NONE,RNN price regressor,RNN_REG_RELU,PROJECT-ADAPTATION,price_regression,COMMON_CLOSE_REGRESSION,COMMON_CLOSE_REGRESSION,TIMESTAMPED_SENTIMENT_FUSION,10,after the published official close for session t,close_t,close[t+h],close[t+h],price_point_forecast,absolute_error_index_points,predict close[t],TO_BE_FROZEN_AFTER_PPR4_SOURCE_ELIGIBILITY,false,NONE,3,PROPOSED_NOT_AUTHORIZED,PPR4_DATA_GATE_THEN_PPR5_CODE_GATE_THEN_PPR6_EXACT_SNAPSHOT_PASS
R054_CORE_OHLCV_TECH_1S,R054,P12,NONE,RNN price regressor,RNN_REG_SOFTMAX_HIDDEN,PROJECT-ADAPTATION,price_regression,COMMON_CLOSE_REGRESSION,COMMON_CLOSE_REGRESSION,CORE_OHLCV_TECH,1,after the published official close for session t,close_t,close[t+h],close[t+h],price_point_forecast,absolute_error_index_points,predict close[t],TO_BE_FROZEN_AFTER_PPR4_SOURCE_ELIGIBILITY,false,NONE,3,PROPOSED_NOT_AUTHORIZED,PPR4_DATA_GATE_THEN_PPR5_CODE_GATE_THEN_PPR6_EXACT_SNAPSHOT_PASS
R054_EXTERNAL_MARKET_1S,R054,P12,NONE,RNN price regressor,RNN_REG_SOFTMAX_HIDDEN,PROJECT-ADAPTATION,price_regression,COMMON_CLOSE_REGRESSION,COMMON_CLOSE_REGRESSION,EXTERNAL_MARKET,1,after the published official close for session t,close_t,close[t+h],close[t+h],price_point_forecast,absolute_error_index_points,predict close[t],TO_BE_FROZEN_AFTER_PPR4_SOURCE_ELIGIBILITY,false,NONE,3,PROPOSED_NOT_AUTHORIZED,PPR4_DATA_GATE_THEN_PPR5_CODE_GATE_THEN_PPR6_EXACT_SNAPSHOT_PASS
R054_FLOWS_OPTIONS_1S,R054,P12,NONE,RNN price regressor,RNN_REG_SOFTMAX_HIDDEN,PROJECT-ADAPTATION,price_regression,COMMON_CLOSE_REGRESSION,COMMON_CLOSE_REGRESSION,FLOWS_OPTIONS,1,after the published official close for session t,close_t,close[t+h],close[t+h],price_point_forecast,absolute_error_index_points,predict close[t],TO_BE_FROZEN_AFTER_PPR4_SOURCE_ELIGIBILITY,false,NONE,3,PROPOSED_NOT_AUTHORIZED,PPR4_DATA_GATE_THEN_PPR5_CODE_GATE_THEN_PPR6_EXACT_SNAPSHOT_PASS
R054_TIMESTAMPED_SENTIMENT_FUSION_1S,R054,P12,NONE,RNN price regressor,RNN_REG_SOFTMAX_HIDDEN,PROJECT-ADAPTATION,price_regression,COMMON_CLOSE_REGRESSION,COMMON_CLOSE_REGRESSION,TIMESTAMPED_SENTIMENT_FUSION,1,after the published official close for session t,close_t,close[t+h],close[t+h],price_point_forecast,absolute_error_index_points,predict close[t],TO_BE_FROZEN_AFTER_PPR4_SOURCE_ELIGIBILITY,false,NONE,3,PROPOSED_NOT_AUTHORIZED,PPR4_DATA_GATE_THEN_PPR5_CODE_GATE_THEN_PPR6_EXACT_SNAPSHOT_PASS
R054_CORE_OHLCV_TECH_2S,R054,P12,NONE,RNN price regressor,RNN_REG_SOFTMAX_HIDDEN,PROJECT-ADAPTATION,price_regression,COMMON_CLOSE_REGRESSION,COMMON_CLOSE_REGRESSION,CORE_OHLCV_TECH,2,after the published official close for session t,close_t,close[t+h],close[t+h],price_point_forecast,absolute_error_index_points,predict close[t],TO_BE_FROZEN_AFTER_PPR4_SOURCE_ELIGIBILITY,false,NONE,3,PROPOSED_NOT_AUTHORIZED,PPR4_DATA_GATE_THEN_PPR5_CODE_GATE_THEN_PPR6_EXACT_SNAPSHOT_PASS
R054_EXTERNAL_MARKET_2S,R054,P12,NONE,RNN price regressor,RNN_REG_SOFTMAX_HIDDEN,PROJECT-ADAPTATION,price_regression,COMMON_CLOSE_REGRESSION,COMMON_CLOSE_REGRESSION,EXTERNAL_MARKET,2,after the published official close for session t,close_t,close[t+h],close[t+h],price_point_forecast,absolute_error_index_points,predict close[t],TO_BE_FROZEN_AFTER_PPR4_SOURCE_ELIGIBILITY,false,NONE,3,PROPOSED_NOT_AUTHORIZED,PPR4_DATA_GATE_THEN_PPR5_CODE_GATE_THEN_PPR6_EXACT_SNAPSHOT_PASS
R054_FLOWS_OPTIONS_2S,R054,P12,NONE,RNN price regressor,RNN_REG_SOFTMAX_HIDDEN,PROJECT-ADAPTATION,price_regression,COMMON_CLOSE_REGRESSION,COMMON_CLOSE_REGRESSION,FLOWS_OPTIONS,2,after the published official close for session t,close_t,close[t+h],close[t+h],price_point_forecast,absolute_error_index_points,predict close[t],TO_BE_FROZEN_AFTER_PPR4_SOURCE_ELIGIBILITY,false,NONE,3,PROPOSED_NOT_AUTHORIZED,PPR4_DATA_GATE_THEN_PPR5_CODE_GATE_THEN_PPR6_EXACT_SNAPSHOT_PASS
R054_TIMESTAMPED_SENTIMENT_FUSION_2S,R054,P12,NONE,RNN price regressor,RNN_REG_SOFTMAX_HIDDEN,PROJECT-ADAPTATION,price_regression,COMMON_CLOSE_REGRESSION,COMMON_CLOSE_REGRESSION,TIMESTAMPED_SENTIMENT_FUSION,2,after the published official close for session t,close_t,close[t+h],close[t+h],price_point_forecast,absolute_error_index_points,predict close[t],TO_BE_FROZEN_AFTER_PPR4_SOURCE_ELIGIBILITY,false,NONE,3,PROPOSED_NOT_AUTHORIZED,PPR4_DATA_GATE_THEN_PPR5_CODE_GATE_THEN_PPR6_EXACT_SNAPSHOT_PASS
R054_CORE_OHLCV_TECH_3S,R054,P12,NONE,RNN price regressor,RNN_REG_SOFTMAX_HIDDEN,PROJECT-ADAPTATION,price_regression,COMMON_CLOSE_REGRESSION,COMMON_CLOSE_REGRESSION,CORE_OHLCV_TECH,3,after the published official close for session t,close_t,close[t+h],close[t+h],price_point_forecast,absolute_error_index_points,predict close[t],TO_BE_FROZEN_AFTER_PPR4_SOURCE_ELIGIBILITY,false,NONE,3,PROPOSED_NOT_AUTHORIZED,PPR4_DATA_GATE_THEN_PPR5_CODE_GATE_THEN_PPR6_EXACT_SNAPSHOT_PASS
R054_EXTERNAL_MARKET_3S,R054,P12,NONE,RNN price regressor,RNN_REG_SOFTMAX_HIDDEN,PROJECT-ADAPTATION,price_regression,COMMON_CLOSE_REGRESSION,COMMON_CLOSE_REGRESSION,EXTERNAL_MARKET,3,after the published official close for session t,close_t,close[t+h],close[t+h],price_point_forecast,absolute_error_index_points,predict close[t],TO_BE_FROZEN_AFTER_PPR4_SOURCE_ELIGIBILITY,false,NONE,3,PROPOSED_NOT_AUTHORIZED,PPR4_DATA_GATE_THEN_PPR5_CODE_GATE_THEN_PPR6_EXACT_SNAPSHOT_PASS
R054_FLOWS_OPTIONS_3S,R054,P12,NONE,RNN price regressor,RNN_REG_SOFTMAX_HIDDEN,PROJECT-ADAPTATION,price_regression,COMMON_CLOSE_REGRESSION,COMMON_CLOSE_REGRESSION,FLOWS_OPTIONS,3,after the published official close for session t,close_t,close[t+h],close[t+h],price_point_forecast,absolute_error_index_points,predict close[t],TO_BE_FROZEN_AFTER_PPR4_SOURCE_ELIGIBILITY,false,NONE,3,PROPOSED_NOT_AUTHORIZED,PPR4_DATA_GATE_THEN_PPR5_CODE_GATE_THEN_PPR6_EXACT_SNAPSHOT_PASS
R054_TIMESTAMPED_SENTIMENT_FUSION_3S,R054,P12,NONE,RNN price regressor,RNN_REG_SOFTMAX_HIDDEN,PROJECT-ADAPTATION,price_regression,COMMON_CLOSE_REGRESSION,COMMON_CLOSE_REGRESSION,TIMESTAMPED_SENTIMENT_FUSION,3,after the published official close for session t,close_t,close[t+h],close[t+h],price_point_forecast,absolute_error_index_points,predict close[t],TO_BE_FROZEN_AFTER_PPR4_SOURCE_ELIGIBILITY,false,NONE,3,PROPOSED_NOT_AUTHORIZED,PPR4_DATA_GATE_THEN_PPR5_CODE_GATE_THEN_PPR6_EXACT_SNAPSHOT_PASS
R054_CORE_OHLCV_TECH_5S,R054,P12,NONE,RNN price regressor,RNN_REG_SOFTMAX_HIDDEN,PROJECT-ADAPTATION,price_regression,COMMON_CLOSE_REGRESSION,COMMON_CLOSE_REGRESSION,CORE_OHLCV_TECH,5,after the published official close for session t,close_t,close[t+h],close[t+h],price_point_forecast,absolute_error_index_points,predict close[t],TO_BE_FROZEN_AFTER_PPR4_SOURCE_ELIGIBILITY,false,NONE,3,PROPOSED_NOT_AUTHORIZED,PPR4_DATA_GATE_THEN_PPR5_CODE_GATE_THEN_PPR6_EXACT_SNAPSHOT_PASS
R054_EXTERNAL_MARKET_5S,R054,P12,NONE,RNN price regressor,RNN_REG_SOFTMAX_HIDDEN,PROJECT-ADAPTATION,price_regression,COMMON_CLOSE_REGRESSION,COMMON_CLOSE_REGRESSION,EXTERNAL_MARKET,5,after the published official close for session t,close_t,close[t+h],close[t+h],price_point_forecast,absolute_error_index_points,predict close[t],TO_BE_FROZEN_AFTER_PPR4_SOURCE_ELIGIBILITY,false,NONE,3,PROPOSED_NOT_AUTHORIZED,PPR4_DATA_GATE_THEN_PPR5_CODE_GATE_THEN_PPR6_EXACT_SNAPSHOT_PASS
R054_FLOWS_OPTIONS_5S,R054,P12,NONE,RNN price regressor,RNN_REG_SOFTMAX_HIDDEN,PROJECT-ADAPTATION,price_regression,COMMON_CLOSE_REGRESSION,COMMON_CLOSE_REGRESSION,FLOWS_OPTIONS,5,after the published official close for session t,close_t,close[t+h],close[t+h],price_point_forecast,absolute_error_index_points,predict close[t],TO_BE_FROZEN_AFTER_PPR4_SOURCE_ELIGIBILITY,false,NONE,3,PROPOSED_NOT_AUTHORIZED,PPR4_DATA_GATE_THEN_PPR5_CODE_GATE_THEN_PPR6_EXACT_SNAPSHOT_PASS
R054_TIMESTAMPED_SENTIMENT_FUSION_5S,R054,P12,NONE,RNN price regressor,RNN_REG_SOFTMAX_HIDDEN,PROJECT-ADAPTATION,price_regression,COMMON_CLOSE_REGRESSION,COMMON_CLOSE_REGRESSION,TIMESTAMPED_SENTIMENT_FUSION,5,after the published official close for session t,close_t,close[t+h],close[t+h],price_point_forecast,absolute_error_index_points,predict close[t],TO_BE_FROZEN_AFTER_PPR4_SOURCE_ELIGIBILITY,false,NONE,3,PROPOSED_NOT_AUTHORIZED,PPR4_DATA_GATE_THEN_PPR5_CODE_GATE_THEN_PPR6_EXACT_SNAPSHOT_PASS
R054_CORE_OHLCV_TECH_10S,R054,P12,NONE,RNN price regressor,RNN_REG_SOFTMAX_HIDDEN,PROJECT-ADAPTATION,price_regression,COMMON_CLOSE_REGRESSION,COMMON_CLOSE_REGRESSION,CORE_OHLCV_TECH,10,after the published official close for session t,close_t,close[t+h],close[t+h],price_point_forecast,absolute_error_index_points,predict close[t],TO_BE_FROZEN_AFTER_PPR4_SOURCE_ELIGIBILITY,false,NONE,3,PROPOSED_NOT_AUTHORIZED,PPR4_DATA_GATE_THEN_PPR5_CODE_GATE_THEN_PPR6_EXACT_SNAPSHOT_PASS
R054_EXTERNAL_MARKET_10S,R054,P12,NONE,RNN price regressor,RNN_REG_SOFTMAX_HIDDEN,PROJECT-ADAPTATION,price_regression,COMMON_CLOSE_REGRESSION,COMMON_CLOSE_REGRESSION,EXTERNAL_MARKET,10,after the published official close for session t,close_t,close[t+h],close[t+h],price_point_forecast,absolute_error_index_points,predict close[t],TO_BE_FROZEN_AFTER_PPR4_SOURCE_ELIGIBILITY,false,NONE,3,PROPOSED_NOT_AUTHORIZED,PPR4_DATA_GATE_THEN_PPR5_CODE_GATE_THEN_PPR6_EXACT_SNAPSHOT_PASS
R054_FLOWS_OPTIONS_10S,R054,P12,NONE,RNN price regressor,RNN_REG_SOFTMAX_HIDDEN,PROJECT-ADAPTATION,price_regression,COMMON_CLOSE_REGRESSION,COMMON_CLOSE_REGRESSION,FLOWS_OPTIONS,10,after the published official close for session t,close_t,close[t+h],close[t+h],price_point_forecast,absolute_error_index_points,predict close[t],TO_BE_FROZEN_AFTER_PPR4_SOURCE_ELIGIBILITY,false,NONE,3,PROPOSED_NOT_AUTHORIZED,PPR4_DATA_GATE_THEN_PPR5_CODE_GATE_THEN_PPR6_EXACT_SNAPSHOT_PASS
R054_TIMESTAMPED_SENTIMENT_FUSION_10S,R054,P12,NONE,RNN price regressor,RNN_REG_SOFTMAX_HIDDEN,PROJECT-ADAPTATION,price_regression,COMMON_CLOSE_REGRESSION,COMMON_CLOSE_REGRESSION,TIMESTAMPED_SENTIMENT_FUSION,10,after the published official close for session t,close_t,close[t+h],close[t+h],price_point_forecast,absolute_error_index_points,predict close[t],TO_BE_FROZEN_AFTER_PPR4_SOURCE_ELIGIBILITY,false,NONE,3,PROPOSED_NOT_AUTHORIZED,PPR4_DATA_GATE_THEN_PPR5_CODE_GATE_THEN_PPR6_EXACT_SNAPSHOT_PASS
R055_CORE_OHLCV_TECH_1S,R055,P12,NONE,LSTM price regressor,LSTM_REG_SIGMOID,PROJECT-ADAPTATION,price_regression,COMMON_CLOSE_REGRESSION,COMMON_CLOSE_REGRESSION,CORE_OHLCV_TECH,1,after the published official close for session t,close_t,close[t+h],close[t+h],price_point_forecast,absolute_error_index_points,predict close[t],TO_BE_FROZEN_AFTER_PPR4_SOURCE_ELIGIBILITY,false,NONE,3,PROPOSED_NOT_AUTHORIZED,PPR4_DATA_GATE_THEN_PPR5_CODE_GATE_THEN_PPR6_EXACT_SNAPSHOT_PASS
R055_EXTERNAL_MARKET_1S,R055,P12,NONE,LSTM price regressor,LSTM_REG_SIGMOID,PROJECT-ADAPTATION,price_regression,COMMON_CLOSE_REGRESSION,COMMON_CLOSE_REGRESSION,EXTERNAL_MARKET,1,after the published official close for session t,close_t,close[t+h],close[t+h],price_point_forecast,absolute_error_index_points,predict close[t],TO_BE_FROZEN_AFTER_PPR4_SOURCE_ELIGIBILITY,false,NONE,3,PROPOSED_NOT_AUTHORIZED,PPR4_DATA_GATE_THEN_PPR5_CODE_GATE_THEN_PPR6_EXACT_SNAPSHOT_PASS
R055_FLOWS_OPTIONS_1S,R055,P12,NONE,LSTM price regressor,LSTM_REG_SIGMOID,PROJECT-ADAPTATION,price_regression,COMMON_CLOSE_REGRESSION,COMMON_CLOSE_REGRESSION,FLOWS_OPTIONS,1,after the published official close for session t,close_t,close[t+h],close[t+h],price_point_forecast,absolute_error_index_points,predict close[t],TO_BE_FROZEN_AFTER_PPR4_SOURCE_ELIGIBILITY,false,NONE,3,PROPOSED_NOT_AUTHORIZED,PPR4_DATA_GATE_THEN_PPR5_CODE_GATE_THEN_PPR6_EXACT_SNAPSHOT_PASS
R055_TIMESTAMPED_SENTIMENT_FUSION_1S,R055,P12,NONE,LSTM price regressor,LSTM_REG_SIGMOID,PROJECT-ADAPTATION,price_regression,COMMON_CLOSE_REGRESSION,COMMON_CLOSE_REGRESSION,TIMESTAMPED_SENTIMENT_FUSION,1,after the published official close for session t,close_t,close[t+h],close[t+h],price_point_forecast,absolute_error_index_points,predict close[t],TO_BE_FROZEN_AFTER_PPR4_SOURCE_ELIGIBILITY,false,NONE,3,PROPOSED_NOT_AUTHORIZED,PPR4_DATA_GATE_THEN_PPR5_CODE_GATE_THEN_PPR6_EXACT_SNAPSHOT_PASS
R055_CORE_OHLCV_TECH_2S,R055,P12,NONE,LSTM price regressor,LSTM_REG_SIGMOID,PROJECT-ADAPTATION,price_regression,COMMON_CLOSE_REGRESSION,COMMON_CLOSE_REGRESSION,CORE_OHLCV_TECH,2,after the published official close for session t,close_t,close[t+h],close[t+h],price_point_forecast,absolute_error_index_points,predict close[t],TO_BE_FROZEN_AFTER_PPR4_SOURCE_ELIGIBILITY,false,NONE,3,PROPOSED_NOT_AUTHORIZED,PPR4_DATA_GATE_THEN_PPR5_CODE_GATE_THEN_PPR6_EXACT_SNAPSHOT_PASS
R055_EXTERNAL_MARKET_2S,R055,P12,NONE,LSTM price regressor,LSTM_REG_SIGMOID,PROJECT-ADAPTATION,price_regression,COMMON_CLOSE_REGRESSION,COMMON_CLOSE_REGRESSION,EXTERNAL_MARKET,2,after the published official close for session t,close_t,close[t+h],close[t+h],price_point_forecast,absolute_error_index_points,predict close[t],TO_BE_FROZEN_AFTER_PPR4_SOURCE_ELIGIBILITY,false,NONE,3,PROPOSED_NOT_AUTHORIZED,PPR4_DATA_GATE_THEN_PPR5_CODE_GATE_THEN_PPR6_EXACT_SNAPSHOT_PASS
R055_FLOWS_OPTIONS_2S,R055,P12,NONE,LSTM price regressor,LSTM_REG_SIGMOID,PROJECT-ADAPTATION,price_regression,COMMON_CLOSE_REGRESSION,COMMON_CLOSE_REGRESSION,FLOWS_OPTIONS,2,after the published official close for session t,close_t,close[t+h],close[t+h],price_point_forecast,absolute_error_index_points,predict close[t],TO_BE_FROZEN_AFTER_PPR4_SOURCE_ELIGIBILITY,false,NONE,3,PROPOSED_NOT_AUTHORIZED,PPR4_DATA_GATE_THEN_PPR5_CODE_GATE_THEN_PPR6_EXACT_SNAPSHOT_PASS
R055_TIMESTAMPED_SENTIMENT_FUSION_2S,R055,P12,NONE,LSTM price regressor,LSTM_REG_SIGMOID,PROJECT-ADAPTATION,price_regression,COMMON_CLOSE_REGRESSION,COMMON_CLOSE_REGRESSION,TIMESTAMPED_SENTIMENT_FUSION,2,after the published official close for session t,close_t,close[t+h],close[t+h],price_point_forecast,absolute_error_index_points,predict close[t],TO_BE_FROZEN_AFTER_PPR4_SOURCE_ELIGIBILITY,false,NONE,3,PROPOSED_NOT_AUTHORIZED,PPR4_DATA_GATE_THEN_PPR5_CODE_GATE_THEN_PPR6_EXACT_SNAPSHOT_PASS
R055_CORE_OHLCV_TECH_3S,R055,P12,NONE,LSTM price regressor,LSTM_REG_SIGMOID,PROJECT-ADAPTATION,price_regression,COMMON_CLOSE_REGRESSION,COMMON_CLOSE_REGRESSION,CORE_OHLCV_TECH,3,after the published official close for session t,close_t,close[t+h],close[t+h],price_point_forecast,absolute_error_index_points,predict close[t],TO_BE_FROZEN_AFTER_PPR4_SOURCE_ELIGIBILITY,false,NONE,3,PROPOSED_NOT_AUTHORIZED,PPR4_DATA_GATE_THEN_PPR5_CODE_GATE_THEN_PPR6_EXACT_SNAPSHOT_PASS
R055_EXTERNAL_MARKET_3S,R055,P12,NONE,LSTM price regressor,LSTM_REG_SIGMOID,PROJECT-ADAPTATION,price_regression,COMMON_CLOSE_REGRESSION,COMMON_CLOSE_REGRESSION,EXTERNAL_MARKET,3,after the published official close for session t,close_t,close[t+h],close[t+h],price_point_forecast,absolute_error_index_points,predict close[t],TO_BE_FROZEN_AFTER_PPR4_SOURCE_ELIGIBILITY,false,NONE,3,PROPOSED_NOT_AUTHORIZED,PPR4_DATA_GATE_THEN_PPR5_CODE_GATE_THEN_PPR6_EXACT_SNAPSHOT_PASS
R055_FLOWS_OPTIONS_3S,R055,P12,NONE,LSTM price regressor,LSTM_REG_SIGMOID,PROJECT-ADAPTATION,price_regression,COMMON_CLOSE_REGRESSION,COMMON_CLOSE_REGRESSION,FLOWS_OPTIONS,3,after the published official close for session t,close_t,close[t+h],close[t+h],price_point_forecast,absolute_error_index_points,predict close[t],TO_BE_FROZEN_AFTER_PPR4_SOURCE_ELIGIBILITY,false,NONE,3,PROPOSED_NOT_AUTHORIZED,PPR4_DATA_GATE_THEN_PPR5_CODE_GATE_THEN_PPR6_EXACT_SNAPSHOT_PASS
R055_TIMESTAMPED_SENTIMENT_FUSION_3S,R055,P12,NONE,LSTM price regressor,LSTM_REG_SIGMOID,PROJECT-ADAPTATION,price_regression,COMMON_CLOSE_REGRESSION,COMMON_CLOSE_REGRESSION,TIMESTAMPED_SENTIMENT_FUSION,3,after the published official close for session t,close_t,close[t+h],close[t+h],price_point_forecast,absolute_error_index_points,predict close[t],TO_BE_FROZEN_AFTER_PPR4_SOURCE_ELIGIBILITY,false,NONE,3,PROPOSED_NOT_AUTHORIZED,PPR4_DATA_GATE_THEN_PPR5_CODE_GATE_THEN_PPR6_EXACT_SNAPSHOT_PASS
R055_CORE_OHLCV_TECH_5S,R055,P12,NONE,LSTM price regressor,LSTM_REG_SIGMOID,PROJECT-ADAPTATION,price_regression,COMMON_CLOSE_REGRESSION,COMMON_CLOSE_REGRESSION,CORE_OHLCV_TECH,5,after the published official close for session t,close_t,close[t+h],close[t+h],price_point_forecast,absolute_error_index_points,predict close[t],TO_BE_FROZEN_AFTER_PPR4_SOURCE_ELIGIBILITY,false,NONE,3,PROPOSED_NOT_AUTHORIZED,PPR4_DATA_GATE_THEN_PPR5_CODE_GATE_THEN_PPR6_EXACT_SNAPSHOT_PASS
R055_EXTERNAL_MARKET_5S,R055,P12,NONE,LSTM price regressor,LSTM_REG_SIGMOID,PROJECT-ADAPTATION,price_regression,COMMON_CLOSE_REGRESSION,COMMON_CLOSE_REGRESSION,EXTERNAL_MARKET,5,after the published official close for session t,close_t,close[t+h],close[t+h],price_point_forecast,absolute_error_index_points,predict close[t],TO_BE_FROZEN_AFTER_PPR4_SOURCE_ELIGIBILITY,false,NONE,3,PROPOSED_NOT_AUTHORIZED,PPR4_DATA_GATE_THEN_PPR5_CODE_GATE_THEN_PPR6_EXACT_SNAPSHOT_PASS
R055_FLOWS_OPTIONS_5S,R055,P12,NONE,LSTM price regressor,LSTM_REG_SIGMOID,PROJECT-ADAPTATION,price_regression,COMMON_CLOSE_REGRESSION,COMMON_CLOSE_REGRESSION,FLOWS_OPTIONS,5,after the published official close for session t,close_t,close[t+h],close[t+h],price_point_forecast,absolute_error_index_points,predict close[t],TO_BE_FROZEN_AFTER_PPR4_SOURCE_ELIGIBILITY,false,NONE,3,PROPOSED_NOT_AUTHORIZED,PPR4_DATA_GATE_THEN_PPR5_CODE_GATE_THEN_PPR6_EXACT_SNAPSHOT_PASS
R055_TIMESTAMPED_SENTIMENT_FUSION_5S,R055,P12,NONE,LSTM price regressor,LSTM_REG_SIGMOID,PROJECT-ADAPTATION,price_regression,COMMON_CLOSE_REGRESSION,COMMON_CLOSE_REGRESSION,TIMESTAMPED_SENTIMENT_FUSION,5,after the published official close for session t,close_t,close[t+h],close[t+h],price_point_forecast,absolute_error_index_points,predict close[t],TO_BE_FROZEN_AFTER_PPR4_SOURCE_ELIGIBILITY,false,NONE,3,PROPOSED_NOT_AUTHORIZED,PPR4_DATA_GATE_THEN_PPR5_CODE_GATE_THEN_PPR6_EXACT_SNAPSHOT_PASS
R055_CORE_OHLCV_TECH_10S,R055,P12,NONE,LSTM price regressor,LSTM_REG_SIGMOID,PROJECT-ADAPTATION,price_regression,COMMON_CLOSE_REGRESSION,COMMON_CLOSE_REGRESSION,CORE_OHLCV_TECH,10,after the published official close for session t,close_t,close[t+h],close[t+h],price_point_forecast,absolute_error_index_points,predict close[t],TO_BE_FROZEN_AFTER_PPR4_SOURCE_ELIGIBILITY,false,NONE,3,PROPOSED_NOT_AUTHORIZED,PPR4_DATA_GATE_THEN_PPR5_CODE_GATE_THEN_PPR6_EXACT_SNAPSHOT_PASS
R055_EXTERNAL_MARKET_10S,R055,P12,NONE,LSTM price regressor,LSTM_REG_SIGMOID,PROJECT-ADAPTATION,price_regression,COMMON_CLOSE_REGRESSION,COMMON_CLOSE_REGRESSION,EXTERNAL_MARKET,10,after the published official close for session t,close_t,close[t+h],close[t+h],price_point_forecast,absolute_error_index_points,predict close[t],TO_BE_FROZEN_AFTER_PPR4_SOURCE_ELIGIBILITY,false,NONE,3,PROPOSED_NOT_AUTHORIZED,PPR4_DATA_GATE_THEN_PPR5_CODE_GATE_THEN_PPR6_EXACT_SNAPSHOT_PASS
R055_FLOWS_OPTIONS_10S,R055,P12,NONE,LSTM price regressor,LSTM_REG_SIGMOID,PROJECT-ADAPTATION,price_regression,COMMON_CLOSE_REGRESSION,COMMON_CLOSE_REGRESSION,FLOWS_OPTIONS,10,after the published official close for session t,close_t,close[t+h],close[t+h],price_point_forecast,absolute_error_index_points,predict close[t],TO_BE_FROZEN_AFTER_PPR4_SOURCE_ELIGIBILITY,false,NONE,3,PROPOSED_NOT_AUTHORIZED,PPR4_DATA_GATE_THEN_PPR5_CODE_GATE_THEN_PPR6_EXACT_SNAPSHOT_PASS
R055_TIMESTAMPED_SENTIMENT_FUSION_10S,R055,P12,NONE,LSTM price regressor,LSTM_REG_SIGMOID,PROJECT-ADAPTATION,price_regression,COMMON_CLOSE_REGRESSION,COMMON_CLOSE_REGRESSION,TIMESTAMPED_SENTIMENT_FUSION,10,after the published official close for session t,close_t,close[t+h],close[t+h],price_point_forecast,absolute_error_index_points,predict close[t],TO_BE_FROZEN_AFTER_PPR4_SOURCE_ELIGIBILITY,false,NONE,3,PROPOSED_NOT_AUTHORIZED,PPR4_DATA_GATE_THEN_PPR5_CODE_GATE_THEN_PPR6_EXACT_SNAPSHOT_PASS
R056_CORE_OHLCV_TECH_1S,R056,P12,NONE,LSTM price regressor,LSTM_REG_RELU,PROJECT-ADAPTATION,price_regression,COMMON_CLOSE_REGRESSION,COMMON_CLOSE_REGRESSION,CORE_OHLCV_TECH,1,after the published official close for session t,close_t,close[t+h],close[t+h],price_point_forecast,absolute_error_index_points,predict close[t],TO_BE_FROZEN_AFTER_PPR4_SOURCE_ELIGIBILITY,false,NONE,3,PROPOSED_NOT_AUTHORIZED,PPR4_DATA_GATE_THEN_PPR5_CODE_GATE_THEN_PPR6_EXACT_SNAPSHOT_PASS
R056_EXTERNAL_MARKET_1S,R056,P12,NONE,LSTM price regressor,LSTM_REG_RELU,PROJECT-ADAPTATION,price_regression,COMMON_CLOSE_REGRESSION,COMMON_CLOSE_REGRESSION,EXTERNAL_MARKET,1,after the published official close for session t,close_t,close[t+h],close[t+h],price_point_forecast,absolute_error_index_points,predict close[t],TO_BE_FROZEN_AFTER_PPR4_SOURCE_ELIGIBILITY,false,NONE,3,PROPOSED_NOT_AUTHORIZED,PPR4_DATA_GATE_THEN_PPR5_CODE_GATE_THEN_PPR6_EXACT_SNAPSHOT_PASS
R056_FLOWS_OPTIONS_1S,R056,P12,NONE,LSTM price regressor,LSTM_REG_RELU,PROJECT-ADAPTATION,price_regression,COMMON_CLOSE_REGRESSION,COMMON_CLOSE_REGRESSION,FLOWS_OPTIONS,1,after the published official close for session t,close_t,close[t+h],close[t+h],price_point_forecast,absolute_error_index_points,predict close[t],TO_BE_FROZEN_AFTER_PPR4_SOURCE_ELIGIBILITY,false,NONE,3,PROPOSED_NOT_AUTHORIZED,PPR4_DATA_GATE_THEN_PPR5_CODE_GATE_THEN_PPR6_EXACT_SNAPSHOT_PASS
R056_TIMESTAMPED_SENTIMENT_FUSION_1S,R056,P12,NONE,LSTM price regressor,LSTM_REG_RELU,PROJECT-ADAPTATION,price_regression,COMMON_CLOSE_REGRESSION,COMMON_CLOSE_REGRESSION,TIMESTAMPED_SENTIMENT_FUSION,1,after the published official close for session t,close_t,close[t+h],close[t+h],price_point_forecast,absolute_error_index_points,predict close[t],TO_BE_FROZEN_AFTER_PPR4_SOURCE_ELIGIBILITY,false,NONE,3,PROPOSED_NOT_AUTHORIZED,PPR4_DATA_GATE_THEN_PPR5_CODE_GATE_THEN_PPR6_EXACT_SNAPSHOT_PASS
R056_CORE_OHLCV_TECH_2S,R056,P12,NONE,LSTM price regressor,LSTM_REG_RELU,PROJECT-ADAPTATION,price_regression,COMMON_CLOSE_REGRESSION,COMMON_CLOSE_REGRESSION,CORE_OHLCV_TECH,2,after the published official close for session t,close_t,close[t+h],close[t+h],price_point_forecast,absolute_error_index_points,predict close[t],TO_BE_FROZEN_AFTER_PPR4_SOURCE_ELIGIBILITY,false,NONE,3,PROPOSED_NOT_AUTHORIZED,PPR4_DATA_GATE_THEN_PPR5_CODE_GATE_THEN_PPR6_EXACT_SNAPSHOT_PASS
R056_EXTERNAL_MARKET_2S,R056,P12,NONE,LSTM price regressor,LSTM_REG_RELU,PROJECT-ADAPTATION,price_regression,COMMON_CLOSE_REGRESSION,COMMON_CLOSE_REGRESSION,EXTERNAL_MARKET,2,after the published official close for session t,close_t,close[t+h],close[t+h],price_point_forecast,absolute_error_index_points,predict close[t],TO_BE_FROZEN_AFTER_PPR4_SOURCE_ELIGIBILITY,false,NONE,3,PROPOSED_NOT_AUTHORIZED,PPR4_DATA_GATE_THEN_PPR5_CODE_GATE_THEN_PPR6_EXACT_SNAPSHOT_PASS
R056_FLOWS_OPTIONS_2S,R056,P12,NONE,LSTM price regressor,LSTM_REG_RELU,PROJECT-ADAPTATION,price_regression,COMMON_CLOSE_REGRESSION,COMMON_CLOSE_REGRESSION,FLOWS_OPTIONS,2,after the published official close for session t,close_t,close[t+h],close[t+h],price_point_forecast,absolute_error_index_points,predict close[t],TO_BE_FROZEN_AFTER_PPR4_SOURCE_ELIGIBILITY,false,NONE,3,PROPOSED_NOT_AUTHORIZED,PPR4_DATA_GATE_THEN_PPR5_CODE_GATE_THEN_PPR6_EXACT_SNAPSHOT_PASS
R056_TIMESTAMPED_SENTIMENT_FUSION_2S,R056,P12,NONE,LSTM price regressor,LSTM_REG_RELU,PROJECT-ADAPTATION,price_regression,COMMON_CLOSE_REGRESSION,COMMON_CLOSE_REGRESSION,TIMESTAMPED_SENTIMENT_FUSION,2,after the published official close for session t,close_t,close[t+h],close[t+h],price_point_forecast,absolute_error_index_points,predict close[t],TO_BE_FROZEN_AFTER_PPR4_SOURCE_ELIGIBILITY,false,NONE,3,PROPOSED_NOT_AUTHORIZED,PPR4_DATA_GATE_THEN_PPR5_CODE_GATE_THEN_PPR6_EXACT_SNAPSHOT_PASS
R056_CORE_OHLCV_TECH_3S,R056,P12,NONE,LSTM price regressor,LSTM_REG_RELU,PROJECT-ADAPTATION,price_regression,COMMON_CLOSE_REGRESSION,COMMON_CLOSE_REGRESSION,CORE_OHLCV_TECH,3,after the published official close for session t,close_t,close[t+h],close[t+h],price_point_forecast,absolute_error_index_points,predict close[t],TO_BE_FROZEN_AFTER_PPR4_SOURCE_ELIGIBILITY,false,NONE,3,PROPOSED_NOT_AUTHORIZED,PPR4_DATA_GATE_THEN_PPR5_CODE_GATE_THEN_PPR6_EXACT_SNAPSHOT_PASS
R056_EXTERNAL_MARKET_3S,R056,P12,NONE,LSTM price regressor,LSTM_REG_RELU,PROJECT-ADAPTATION,price_regression,COMMON_CLOSE_REGRESSION,COMMON_CLOSE_REGRESSION,EXTERNAL_MARKET,3,after the published official close for session t,close_t,close[t+h],close[t+h],price_point_forecast,absolute_error_index_points,predict close[t],TO_BE_FROZEN_AFTER_PPR4_SOURCE_ELIGIBILITY,false,NONE,3,PROPOSED_NOT_AUTHORIZED,PPR4_DATA_GATE_THEN_PPR5_CODE_GATE_THEN_PPR6_EXACT_SNAPSHOT_PASS
R056_FLOWS_OPTIONS_3S,R056,P12,NONE,LSTM price regressor,LSTM_REG_RELU,PROJECT-ADAPTATION,price_regression,COMMON_CLOSE_REGRESSION,COMMON_CLOSE_REGRESSION,FLOWS_OPTIONS,3,after the published official close for session t,close_t,close[t+h],close[t+h],price_point_forecast,absolute_error_index_points,predict close[t],TO_BE_FROZEN_AFTER_PPR4_SOURCE_ELIGIBILITY,false,NONE,3,PROPOSED_NOT_AUTHORIZED,PPR4_DATA_GATE_THEN_PPR5_CODE_GATE_THEN_PPR6_EXACT_SNAPSHOT_PASS
R056_TIMESTAMPED_SENTIMENT_FUSION_3S,R056,P12,NONE,LSTM price regressor,LSTM_REG_RELU,PROJECT-ADAPTATION,price_regression,COMMON_CLOSE_REGRESSION,COMMON_CLOSE_REGRESSION,TIMESTAMPED_SENTIMENT_FUSION,3,after the published official close for session t,close_t,close[t+h],close[t+h],price_point_forecast,absolute_error_index_points,predict close[t],TO_BE_FROZEN_AFTER_PPR4_SOURCE_ELIGIBILITY,false,NONE,3,PROPOSED_NOT_AUTHORIZED,PPR4_DATA_GATE_THEN_PPR5_CODE_GATE_THEN_PPR6_EXACT_SNAPSHOT_PASS
R056_CORE_OHLCV_TECH_5S,R056,P12,NONE,LSTM price regressor,LSTM_REG_RELU,PROJECT-ADAPTATION,price_regression,COMMON_CLOSE_REGRESSION,COMMON_CLOSE_REGRESSION,CORE_OHLCV_TECH,5,after the published official close for session t,close_t,close[t+h],close[t+h],price_point_forecast,absolute_error_index_points,predict close[t],TO_BE_FROZEN_AFTER_PPR4_SOURCE_ELIGIBILITY,false,NONE,3,PROPOSED_NOT_AUTHORIZED,PPR4_DATA_GATE_THEN_PPR5_CODE_GATE_THEN_PPR6_EXACT_SNAPSHOT_PASS
R056_EXTERNAL_MARKET_5S,R056,P12,NONE,LSTM price regressor,LSTM_REG_RELU,PROJECT-ADAPTATION,price_regression,COMMON_CLOSE_REGRESSION,COMMON_CLOSE_REGRESSION,EXTERNAL_MARKET,5,after the published official close for session t,close_t,close[t+h],close[t+h],price_point_forecast,absolute_error_index_points,predict close[t],TO_BE_FROZEN_AFTER_PPR4_SOURCE_ELIGIBILITY,false,NONE,3,PROPOSED_NOT_AUTHORIZED,PPR4_DATA_GATE_THEN_PPR5_CODE_GATE_THEN_PPR6_EXACT_SNAPSHOT_PASS
R056_FLOWS_OPTIONS_5S,R056,P12,NONE,LSTM price regressor,LSTM_REG_RELU,PROJECT-ADAPTATION,price_regression,COMMON_CLOSE_REGRESSION,COMMON_CLOSE_REGRESSION,FLOWS_OPTIONS,5,after the published official close for session t,close_t,close[t+h],close[t+h],price_point_forecast,absolute_error_index_points,predict close[t],TO_BE_FROZEN_AFTER_PPR4_SOURCE_ELIGIBILITY,false,NONE,3,PROPOSED_NOT_AUTHORIZED,PPR4_DATA_GATE_THEN_PPR5_CODE_GATE_THEN_PPR6_EXACT_SNAPSHOT_PASS
R056_TIMESTAMPED_SENTIMENT_FUSION_5S,R056,P12,NONE,LSTM price regressor,LSTM_REG_RELU,PROJECT-ADAPTATION,price_regression,COMMON_CLOSE_REGRESSION,COMMON_CLOSE_REGRESSION,TIMESTAMPED_SENTIMENT_FUSION,5,after the published official close for session t,close_t,close[t+h],close[t+h],price_point_forecast,absolute_error_index_points,predict close[t],TO_BE_FROZEN_AFTER_PPR4_SOURCE_ELIGIBILITY,false,NONE,3,PROPOSED_NOT_AUTHORIZED,PPR4_DATA_GATE_THEN_PPR5_CODE_GATE_THEN_PPR6_EXACT_SNAPSHOT_PASS
R056_CORE_OHLCV_TECH_10S,R056,P12,NONE,LSTM price regressor,LSTM_REG_RELU,PROJECT-ADAPTATION,price_regression,COMMON_CLOSE_REGRESSION,COMMON_CLOSE_REGRESSION,CORE_OHLCV_TECH,10,after the published official close for session t,close_t,close[t+h],close[t+h],price_point_forecast,absolute_error_index_points,predict close[t],TO_BE_FROZEN_AFTER_PPR4_SOURCE_ELIGIBILITY,false,NONE,3,PROPOSED_NOT_AUTHORIZED,PPR4_DATA_GATE_THEN_PPR5_CODE_GATE_THEN_PPR6_EXACT_SNAPSHOT_PASS
R056_EXTERNAL_MARKET_10S,R056,P12,NONE,LSTM price regressor,LSTM_REG_RELU,PROJECT-ADAPTATION,price_regression,COMMON_CLOSE_REGRESSION,COMMON_CLOSE_REGRESSION,EXTERNAL_MARKET,10,after the published official close for session t,close_t,close[t+h],close[t+h],price_point_forecast,absolute_error_index_points,predict close[t],TO_BE_FROZEN_AFTER_PPR4_SOURCE_ELIGIBILITY,false,NONE,3,PROPOSED_NOT_AUTHORIZED,PPR4_DATA_GATE_THEN_PPR5_CODE_GATE_THEN_PPR6_EXACT_SNAPSHOT_PASS
R056_FLOWS_OPTIONS_10S,R056,P12,NONE,LSTM price regressor,LSTM_REG_RELU,PROJECT-ADAPTATION,price_regression,COMMON_CLOSE_REGRESSION,COMMON_CLOSE_REGRESSION,FLOWS_OPTIONS,10,after the published official close for session t,close_t,close[t+h],close[t+h],price_point_forecast,absolute_error_index_points,predict close[t],TO_BE_FROZEN_AFTER_PPR4_SOURCE_ELIGIBILITY,false,NONE,3,PROPOSED_NOT_AUTHORIZED,PPR4_DATA_GATE_THEN_PPR5_CODE_GATE_THEN_PPR6_EXACT_SNAPSHOT_PASS
R056_TIMESTAMPED_SENTIMENT_FUSION_10S,R056,P12,NONE,LSTM price regressor,LSTM_REG_RELU,PROJECT-ADAPTATION,price_regression,COMMON_CLOSE_REGRESSION,COMMON_CLOSE_REGRESSION,TIMESTAMPED_SENTIMENT_FUSION,10,after the published official close for session t,close_t,close[t+h],close[t+h],price_point_forecast,absolute_error_index_points,predict close[t],TO_BE_FROZEN_AFTER_PPR4_SOURCE_ELIGIBILITY,false,NONE,3,PROPOSED_NOT_AUTHORIZED,PPR4_DATA_GATE_THEN_PPR5_CODE_GATE_THEN_PPR6_EXACT_SNAPSHOT_PASS
R057_CORE_OHLCV_TECH_1S,R057,P12,NONE,LSTM price regressor,LSTM_REG_SOFTMAX_HIDDEN,PROJECT-ADAPTATION,price_regression,COMMON_CLOSE_REGRESSION,COMMON_CLOSE_REGRESSION,CORE_OHLCV_TECH,1,after the published official close for session t,close_t,close[t+h],close[t+h],price_point_forecast,absolute_error_index_points,predict close[t],TO_BE_FROZEN_AFTER_PPR4_SOURCE_ELIGIBILITY,false,NONE,3,PROPOSED_NOT_AUTHORIZED,PPR4_DATA_GATE_THEN_PPR5_CODE_GATE_THEN_PPR6_EXACT_SNAPSHOT_PASS
R057_EXTERNAL_MARKET_1S,R057,P12,NONE,LSTM price regressor,LSTM_REG_SOFTMAX_HIDDEN,PROJECT-ADAPTATION,price_regression,COMMON_CLOSE_REGRESSION,COMMON_CLOSE_REGRESSION,EXTERNAL_MARKET,1,after the published official close for session t,close_t,close[t+h],close[t+h],price_point_forecast,absolute_error_index_points,predict close[t],TO_BE_FROZEN_AFTER_PPR4_SOURCE_ELIGIBILITY,false,NONE,3,PROPOSED_NOT_AUTHORIZED,PPR4_DATA_GATE_THEN_PPR5_CODE_GATE_THEN_PPR6_EXACT_SNAPSHOT_PASS
R057_FLOWS_OPTIONS_1S,R057,P12,NONE,LSTM price regressor,LSTM_REG_SOFTMAX_HIDDEN,PROJECT-ADAPTATION,price_regression,COMMON_CLOSE_REGRESSION,COMMON_CLOSE_REGRESSION,FLOWS_OPTIONS,1,after the published official close for session t,close_t,close[t+h],close[t+h],price_point_forecast,absolute_error_index_points,predict close[t],TO_BE_FROZEN_AFTER_PPR4_SOURCE_ELIGIBILITY,false,NONE,3,PROPOSED_NOT_AUTHORIZED,PPR4_DATA_GATE_THEN_PPR5_CODE_GATE_THEN_PPR6_EXACT_SNAPSHOT_PASS
R057_TIMESTAMPED_SENTIMENT_FUSION_1S,R057,P12,NONE,LSTM price regressor,LSTM_REG_SOFTMAX_HIDDEN,PROJECT-ADAPTATION,price_regression,COMMON_CLOSE_REGRESSION,COMMON_CLOSE_REGRESSION,TIMESTAMPED_SENTIMENT_FUSION,1,after the published official close for session t,close_t,close[t+h],close[t+h],price_point_forecast,absolute_error_index_points,predict close[t],TO_BE_FROZEN_AFTER_PPR4_SOURCE_ELIGIBILITY,false,NONE,3,PROPOSED_NOT_AUTHORIZED,PPR4_DATA_GATE_THEN_PPR5_CODE_GATE_THEN_PPR6_EXACT_SNAPSHOT_PASS
R057_CORE_OHLCV_TECH_2S,R057,P12,NONE,LSTM price regressor,LSTM_REG_SOFTMAX_HIDDEN,PROJECT-ADAPTATION,price_regression,COMMON_CLOSE_REGRESSION,COMMON_CLOSE_REGRESSION,CORE_OHLCV_TECH,2,after the published official close for session t,close_t,close[t+h],close[t+h],price_point_forecast,absolute_error_index_points,predict close[t],TO_BE_FROZEN_AFTER_PPR4_SOURCE_ELIGIBILITY,false,NONE,3,PROPOSED_NOT_AUTHORIZED,PPR4_DATA_GATE_THEN_PPR5_CODE_GATE_THEN_PPR6_EXACT_SNAPSHOT_PASS
R057_EXTERNAL_MARKET_2S,R057,P12,NONE,LSTM price regressor,LSTM_REG_SOFTMAX_HIDDEN,PROJECT-ADAPTATION,price_regression,COMMON_CLOSE_REGRESSION,COMMON_CLOSE_REGRESSION,EXTERNAL_MARKET,2,after the published official close for session t,close_t,close[t+h],close[t+h],price_point_forecast,absolute_error_index_points,predict close[t],TO_BE_FROZEN_AFTER_PPR4_SOURCE_ELIGIBILITY,false,NONE,3,PROPOSED_NOT_AUTHORIZED,PPR4_DATA_GATE_THEN_PPR5_CODE_GATE_THEN_PPR6_EXACT_SNAPSHOT_PASS
R057_FLOWS_OPTIONS_2S,R057,P12,NONE,LSTM price regressor,LSTM_REG_SOFTMAX_HIDDEN,PROJECT-ADAPTATION,price_regression,COMMON_CLOSE_REGRESSION,COMMON_CLOSE_REGRESSION,FLOWS_OPTIONS,2,after the published official close for session t,close_t,close[t+h],close[t+h],price_point_forecast,absolute_error_index_points,predict close[t],TO_BE_FROZEN_AFTER_PPR4_SOURCE_ELIGIBILITY,false,NONE,3,PROPOSED_NOT_AUTHORIZED,PPR4_DATA_GATE_THEN_PPR5_CODE_GATE_THEN_PPR6_EXACT_SNAPSHOT_PASS
R057_TIMESTAMPED_SENTIMENT_FUSION_2S,R057,P12,NONE,LSTM price regressor,LSTM_REG_SOFTMAX_HIDDEN,PROJECT-ADAPTATION,price_regression,COMMON_CLOSE_REGRESSION,COMMON_CLOSE_REGRESSION,TIMESTAMPED_SENTIMENT_FUSION,2,after the published official close for session t,close_t,close[t+h],close[t+h],price_point_forecast,absolute_error_index_points,predict close[t],TO_BE_FROZEN_AFTER_PPR4_SOURCE_ELIGIBILITY,false,NONE,3,PROPOSED_NOT_AUTHORIZED,PPR4_DATA_GATE_THEN_PPR5_CODE_GATE_THEN_PPR6_EXACT_SNAPSHOT_PASS
R057_CORE_OHLCV_TECH_3S,R057,P12,NONE,LSTM price regressor,LSTM_REG_SOFTMAX_HIDDEN,PROJECT-ADAPTATION,price_regression,COMMON_CLOSE_REGRESSION,COMMON_CLOSE_REGRESSION,CORE_OHLCV_TECH,3,after the published official close for session t,close_t,close[t+h],close[t+h],price_point_forecast,absolute_error_index_points,predict close[t],TO_BE_FROZEN_AFTER_PPR4_SOURCE_ELIGIBILITY,false,NONE,3,PROPOSED_NOT_AUTHORIZED,PPR4_DATA_GATE_THEN_PPR5_CODE_GATE_THEN_PPR6_EXACT_SNAPSHOT_PASS
R057_EXTERNAL_MARKET_3S,R057,P12,NONE,LSTM price regressor,LSTM_REG_SOFTMAX_HIDDEN,PROJECT-ADAPTATION,price_regression,COMMON_CLOSE_REGRESSION,COMMON_CLOSE_REGRESSION,EXTERNAL_MARKET,3,after the published official close for session t,close_t,close[t+h],close[t+h],price_point_forecast,absolute_error_index_points,predict close[t],TO_BE_FROZEN_AFTER_PPR4_SOURCE_ELIGIBILITY,false,NONE,3,PROPOSED_NOT_AUTHORIZED,PPR4_DATA_GATE_THEN_PPR5_CODE_GATE_THEN_PPR6_EXACT_SNAPSHOT_PASS
R057_FLOWS_OPTIONS_3S,R057,P12,NONE,LSTM price regressor,LSTM_REG_SOFTMAX_HIDDEN,PROJECT-ADAPTATION,price_regression,COMMON_CLOSE_REGRESSION,COMMON_CLOSE_REGRESSION,FLOWS_OPTIONS,3,after the published official close for session t,close_t,close[t+h],close[t+h],price_point_forecast,absolute_error_index_points,predict close[t],TO_BE_FROZEN_AFTER_PPR4_SOURCE_ELIGIBILITY,false,NONE,3,PROPOSED_NOT_AUTHORIZED,PPR4_DATA_GATE_THEN_PPR5_CODE_GATE_THEN_PPR6_EXACT_SNAPSHOT_PASS
R057_TIMESTAMPED_SENTIMENT_FUSION_3S,R057,P12,NONE,LSTM price regressor,LSTM_REG_SOFTMAX_HIDDEN,PROJECT-ADAPTATION,price_regression,COMMON_CLOSE_REGRESSION,COMMON_CLOSE_REGRESSION,TIMESTAMPED_SENTIMENT_FUSION,3,after the published official close for session t,close_t,close[t+h],close[t+h],price_point_forecast,absolute_error_index_points,predict close[t],TO_BE_FROZEN_AFTER_PPR4_SOURCE_ELIGIBILITY,false,NONE,3,PROPOSED_NOT_AUTHORIZED,PPR4_DATA_GATE_THEN_PPR5_CODE_GATE_THEN_PPR6_EXACT_SNAPSHOT_PASS
R057_CORE_OHLCV_TECH_5S,R057,P12,NONE,LSTM price regressor,LSTM_REG_SOFTMAX_HIDDEN,PROJECT-ADAPTATION,price_regression,COMMON_CLOSE_REGRESSION,COMMON_CLOSE_REGRESSION,CORE_OHLCV_TECH,5,after the published official close for session t,close_t,close[t+h],close[t+h],price_point_forecast,absolute_error_index_points,predict close[t],TO_BE_FROZEN_AFTER_PPR4_SOURCE_ELIGIBILITY,false,NONE,3,PROPOSED_NOT_AUTHORIZED,PPR4_DATA_GATE_THEN_PPR5_CODE_GATE_THEN_PPR6_EXACT_SNAPSHOT_PASS
R057_EXTERNAL_MARKET_5S,R057,P12,NONE,LSTM price regressor,LSTM_REG_SOFTMAX_HIDDEN,PROJECT-ADAPTATION,price_regression,COMMON_CLOSE_REGRESSION,COMMON_CLOSE_REGRESSION,EXTERNAL_MARKET,5,after the published official close for session t,close_t,close[t+h],close[t+h],price_point_forecast,absolute_error_index_points,predict close[t],TO_BE_FROZEN_AFTER_PPR4_SOURCE_ELIGIBILITY,false,NONE,3,PROPOSED_NOT_AUTHORIZED,PPR4_DATA_GATE_THEN_PPR5_CODE_GATE_THEN_PPR6_EXACT_SNAPSHOT_PASS
R057_FLOWS_OPTIONS_5S,R057,P12,NONE,LSTM price regressor,LSTM_REG_SOFTMAX_HIDDEN,PROJECT-ADAPTATION,price_regression,COMMON_CLOSE_REGRESSION,COMMON_CLOSE_REGRESSION,FLOWS_OPTIONS,5,after the published official close for session t,close_t,close[t+h],close[t+h],price_point_forecast,absolute_error_index_points,predict close[t],TO_BE_FROZEN_AFTER_PPR4_SOURCE_ELIGIBILITY,false,NONE,3,PROPOSED_NOT_AUTHORIZED,PPR4_DATA_GATE_THEN_PPR5_CODE_GATE_THEN_PPR6_EXACT_SNAPSHOT_PASS
R057_TIMESTAMPED_SENTIMENT_FUSION_5S,R057,P12,NONE,LSTM price regressor,LSTM_REG_SOFTMAX_HIDDEN,PROJECT-ADAPTATION,price_regression,COMMON_CLOSE_REGRESSION,COMMON_CLOSE_REGRESSION,TIMESTAMPED_SENTIMENT_FUSION,5,after the published official close for session t,close_t,close[t+h],close[t+h],price_point_forecast,absolute_error_index_points,predict close[t],TO_BE_FROZEN_AFTER_PPR4_SOURCE_ELIGIBILITY,false,NONE,3,PROPOSED_NOT_AUTHORIZED,PPR4_DATA_GATE_THEN_PPR5_CODE_GATE_THEN_PPR6_EXACT_SNAPSHOT_PASS
R057_CORE_OHLCV_TECH_10S,R057,P12,NONE,LSTM price regressor,LSTM_REG_SOFTMAX_HIDDEN,PROJECT-ADAPTATION,price_regression,COMMON_CLOSE_REGRESSION,COMMON_CLOSE_REGRESSION,CORE_OHLCV_TECH,10,after the published official close for session t,close_t,close[t+h],close[t+h],price_point_forecast,absolute_error_index_points,predict close[t],TO_BE_FROZEN_AFTER_PPR4_SOURCE_ELIGIBILITY,false,NONE,3,PROPOSED_NOT_AUTHORIZED,PPR4_DATA_GATE_THEN_PPR5_CODE_GATE_THEN_PPR6_EXACT_SNAPSHOT_PASS
R057_EXTERNAL_MARKET_10S,R057,P12,NONE,LSTM price regressor,LSTM_REG_SOFTMAX_HIDDEN,PROJECT-ADAPTATION,price_regression,COMMON_CLOSE_REGRESSION,COMMON_CLOSE_REGRESSION,EXTERNAL_MARKET,10,after the published official close for session t,close_t,close[t+h],close[t+h],price_point_forecast,absolute_error_index_points,predict close[t],TO_BE_FROZEN_AFTER_PPR4_SOURCE_ELIGIBILITY,false,NONE,3,PROPOSED_NOT_AUTHORIZED,PPR4_DATA_GATE_THEN_PPR5_CODE_GATE_THEN_PPR6_EXACT_SNAPSHOT_PASS
R057_FLOWS_OPTIONS_10S,R057,P12,NONE,LSTM price regressor,LSTM_REG_SOFTMAX_HIDDEN,PROJECT-ADAPTATION,price_regression,COMMON_CLOSE_REGRESSION,COMMON_CLOSE_REGRESSION,FLOWS_OPTIONS,10,after the published official close for session t,close_t,close[t+h],close[t+h],price_point_forecast,absolute_error_index_points,predict close[t],TO_BE_FROZEN_AFTER_PPR4_SOURCE_ELIGIBILITY,false,NONE,3,PROPOSED_NOT_AUTHORIZED,PPR4_DATA_GATE_THEN_PPR5_CODE_GATE_THEN_PPR6_EXACT_SNAPSHOT_PASS
R057_TIMESTAMPED_SENTIMENT_FUSION_10S,R057,P12,NONE,LSTM price regressor,LSTM_REG_SOFTMAX_HIDDEN,PROJECT-ADAPTATION,price_regression,COMMON_CLOSE_REGRESSION,COMMON_CLOSE_REGRESSION,TIMESTAMPED_SENTIMENT_FUSION,10,after the published official close for session t,close_t,close[t+h],close[t+h],price_point_forecast,absolute_error_index_points,predict close[t],TO_BE_FROZEN_AFTER_PPR4_SOURCE_ELIGIBILITY,false,NONE,3,PROPOSED_NOT_AUTHORIZED,PPR4_DATA_GATE_THEN_PPR5_CODE_GATE_THEN_PPR6_EXACT_SNAPSHOT_PASS
R058_CORE_OHLCV_TECH_1S,R058,P12,NONE,CNN price regressor,CNN_REG_SIGMOID,PROJECT-ADAPTATION,price_regression,COMMON_CLOSE_REGRESSION,COMMON_CLOSE_REGRESSION,CORE_OHLCV_TECH,1,after the published official close for session t,close_t,close[t+h],close[t+h],price_point_forecast,absolute_error_index_points,predict close[t],TO_BE_FROZEN_AFTER_PPR4_SOURCE_ELIGIBILITY,false,NONE,3,PROPOSED_NOT_AUTHORIZED,PPR4_DATA_GATE_THEN_PPR5_CODE_GATE_THEN_PPR6_EXACT_SNAPSHOT_PASS
R058_EXTERNAL_MARKET_1S,R058,P12,NONE,CNN price regressor,CNN_REG_SIGMOID,PROJECT-ADAPTATION,price_regression,COMMON_CLOSE_REGRESSION,COMMON_CLOSE_REGRESSION,EXTERNAL_MARKET,1,after the published official close for session t,close_t,close[t+h],close[t+h],price_point_forecast,absolute_error_index_points,predict close[t],TO_BE_FROZEN_AFTER_PPR4_SOURCE_ELIGIBILITY,false,NONE,3,PROPOSED_NOT_AUTHORIZED,PPR4_DATA_GATE_THEN_PPR5_CODE_GATE_THEN_PPR6_EXACT_SNAPSHOT_PASS
R058_FLOWS_OPTIONS_1S,R058,P12,NONE,CNN price regressor,CNN_REG_SIGMOID,PROJECT-ADAPTATION,price_regression,COMMON_CLOSE_REGRESSION,COMMON_CLOSE_REGRESSION,FLOWS_OPTIONS,1,after the published official close for session t,close_t,close[t+h],close[t+h],price_point_forecast,absolute_error_index_points,predict close[t],TO_BE_FROZEN_AFTER_PPR4_SOURCE_ELIGIBILITY,false,NONE,3,PROPOSED_NOT_AUTHORIZED,PPR4_DATA_GATE_THEN_PPR5_CODE_GATE_THEN_PPR6_EXACT_SNAPSHOT_PASS
R058_TIMESTAMPED_SENTIMENT_FUSION_1S,R058,P12,NONE,CNN price regressor,CNN_REG_SIGMOID,PROJECT-ADAPTATION,price_regression,COMMON_CLOSE_REGRESSION,COMMON_CLOSE_REGRESSION,TIMESTAMPED_SENTIMENT_FUSION,1,after the published official close for session t,close_t,close[t+h],close[t+h],price_point_forecast,absolute_error_index_points,predict close[t],TO_BE_FROZEN_AFTER_PPR4_SOURCE_ELIGIBILITY,false,NONE,3,PROPOSED_NOT_AUTHORIZED,PPR4_DATA_GATE_THEN_PPR5_CODE_GATE_THEN_PPR6_EXACT_SNAPSHOT_PASS
R058_CORE_OHLCV_TECH_2S,R058,P12,NONE,CNN price regressor,CNN_REG_SIGMOID,PROJECT-ADAPTATION,price_regression,COMMON_CLOSE_REGRESSION,COMMON_CLOSE_REGRESSION,CORE_OHLCV_TECH,2,after the published official close for session t,close_t,close[t+h],close[t+h],price_point_forecast,absolute_error_index_points,predict close[t],TO_BE_FROZEN_AFTER_PPR4_SOURCE_ELIGIBILITY,false,NONE,3,PROPOSED_NOT_AUTHORIZED,PPR4_DATA_GATE_THEN_PPR5_CODE_GATE_THEN_PPR6_EXACT_SNAPSHOT_PASS
R058_EXTERNAL_MARKET_2S,R058,P12,NONE,CNN price regressor,CNN_REG_SIGMOID,PROJECT-ADAPTATION,price_regression,COMMON_CLOSE_REGRESSION,COMMON_CLOSE_REGRESSION,EXTERNAL_MARKET,2,after the published official close for session t,close_t,close[t+h],close[t+h],price_point_forecast,absolute_error_index_points,predict close[t],TO_BE_FROZEN_AFTER_PPR4_SOURCE_ELIGIBILITY,false,NONE,3,PROPOSED_NOT_AUTHORIZED,PPR4_DATA_GATE_THEN_PPR5_CODE_GATE_THEN_PPR6_EXACT_SNAPSHOT_PASS
R058_FLOWS_OPTIONS_2S,R058,P12,NONE,CNN price regressor,CNN_REG_SIGMOID,PROJECT-ADAPTATION,price_regression,COMMON_CLOSE_REGRESSION,COMMON_CLOSE_REGRESSION,FLOWS_OPTIONS,2,after the published official close for session t,close_t,close[t+h],close[t+h],price_point_forecast,absolute_error_index_points,predict close[t],TO_BE_FROZEN_AFTER_PPR4_SOURCE_ELIGIBILITY,false,NONE,3,PROPOSED_NOT_AUTHORIZED,PPR4_DATA_GATE_THEN_PPR5_CODE_GATE_THEN_PPR6_EXACT_SNAPSHOT_PASS
R058_TIMESTAMPED_SENTIMENT_FUSION_2S,R058,P12,NONE,CNN price regressor,CNN_REG_SIGMOID,PROJECT-ADAPTATION,price_regression,COMMON_CLOSE_REGRESSION,COMMON_CLOSE_REGRESSION,TIMESTAMPED_SENTIMENT_FUSION,2,after the published official close for session t,close_t,close[t+h],close[t+h],price_point_forecast,absolute_error_index_points,predict close[t],TO_BE_FROZEN_AFTER_PPR4_SOURCE_ELIGIBILITY,false,NONE,3,PROPOSED_NOT_AUTHORIZED,PPR4_DATA_GATE_THEN_PPR5_CODE_GATE_THEN_PPR6_EXACT_SNAPSHOT_PASS
R058_CORE_OHLCV_TECH_3S,R058,P12,NONE,CNN price regressor,CNN_REG_SIGMOID,PROJECT-ADAPTATION,price_regression,COMMON_CLOSE_REGRESSION,COMMON_CLOSE_REGRESSION,CORE_OHLCV_TECH,3,after the published official close for session t,close_t,close[t+h],close[t+h],price_point_forecast,absolute_error_index_points,predict close[t],TO_BE_FROZEN_AFTER_PPR4_SOURCE_ELIGIBILITY,false,NONE,3,PROPOSED_NOT_AUTHORIZED,PPR4_DATA_GATE_THEN_PPR5_CODE_GATE_THEN_PPR6_EXACT_SNAPSHOT_PASS
R058_EXTERNAL_MARKET_3S,R058,P12,NONE,CNN price regressor,CNN_REG_SIGMOID,PROJECT-ADAPTATION,price_regression,COMMON_CLOSE_REGRESSION,COMMON_CLOSE_REGRESSION,EXTERNAL_MARKET,3,after the published official close for session t,close_t,close[t+h],close[t+h],price_point_forecast,absolute_error_index_points,predict close[t],TO_BE_FROZEN_AFTER_PPR4_SOURCE_ELIGIBILITY,false,NONE,3,PROPOSED_NOT_AUTHORIZED,PPR4_DATA_GATE_THEN_PPR5_CODE_GATE_THEN_PPR6_EXACT_SNAPSHOT_PASS
R058_FLOWS_OPTIONS_3S,R058,P12,NONE,CNN price regressor,CNN_REG_SIGMOID,PROJECT-ADAPTATION,price_regression,COMMON_CLOSE_REGRESSION,COMMON_CLOSE_REGRESSION,FLOWS_OPTIONS,3,after the published official close for session t,close_t,close[t+h],close[t+h],price_point_forecast,absolute_error_index_points,predict close[t],TO_BE_FROZEN_AFTER_PPR4_SOURCE_ELIGIBILITY,false,NONE,3,PROPOSED_NOT_AUTHORIZED,PPR4_DATA_GATE_THEN_PPR5_CODE_GATE_THEN_PPR6_EXACT_SNAPSHOT_PASS
R058_TIMESTAMPED_SENTIMENT_FUSION_3S,R058,P12,NONE,CNN price regressor,CNN_REG_SIGMOID,PROJECT-ADAPTATION,price_regression,COMMON_CLOSE_REGRESSION,COMMON_CLOSE_REGRESSION,TIMESTAMPED_SENTIMENT_FUSION,3,after the published official close for session t,close_t,close[t+h],close[t+h],price_point_forecast,absolute_error_index_points,predict close[t],TO_BE_FROZEN_AFTER_PPR4_SOURCE_ELIGIBILITY,false,NONE,3,PROPOSED_NOT_AUTHORIZED,PPR4_DATA_GATE_THEN_PPR5_CODE_GATE_THEN_PPR6_EXACT_SNAPSHOT_PASS
R058_CORE_OHLCV_TECH_5S,R058,P12,NONE,CNN price regressor,CNN_REG_SIGMOID,PROJECT-ADAPTATION,price_regression,COMMON_CLOSE_REGRESSION,COMMON_CLOSE_REGRESSION,CORE_OHLCV_TECH,5,after the published official close for session t,close_t,close[t+h],close[t+h],price_point_forecast,absolute_error_index_points,predict close[t],TO_BE_FROZEN_AFTER_PPR4_SOURCE_ELIGIBILITY,false,NONE,3,PROPOSED_NOT_AUTHORIZED,PPR4_DATA_GATE_THEN_PPR5_CODE_GATE_THEN_PPR6_EXACT_SNAPSHOT_PASS
R058_EXTERNAL_MARKET_5S,R058,P12,NONE,CNN price regressor,CNN_REG_SIGMOID,PROJECT-ADAPTATION,price_regression,COMMON_CLOSE_REGRESSION,COMMON_CLOSE_REGRESSION,EXTERNAL_MARKET,5,after the published official close for session t,close_t,close[t+h],close[t+h],price_point_forecast,absolute_error_index_points,predict close[t],TO_BE_FROZEN_AFTER_PPR4_SOURCE_ELIGIBILITY,false,NONE,3,PROPOSED_NOT_AUTHORIZED,PPR4_DATA_GATE_THEN_PPR5_CODE_GATE_THEN_PPR6_EXACT_SNAPSHOT_PASS
R058_FLOWS_OPTIONS_5S,R058,P12,NONE,CNN price regressor,CNN_REG_SIGMOID,PROJECT-ADAPTATION,price_regression,COMMON_CLOSE_REGRESSION,COMMON_CLOSE_REGRESSION,FLOWS_OPTIONS,5,after the published official close for session t,close_t,close[t+h],close[t+h],price_point_forecast,absolute_error_index_points,predict close[t],TO_BE_FROZEN_AFTER_PPR4_SOURCE_ELIGIBILITY,false,NONE,3,PROPOSED_NOT_AUTHORIZED,PPR4_DATA_GATE_THEN_PPR5_CODE_GATE_THEN_PPR6_EXACT_SNAPSHOT_PASS
R058_TIMESTAMPED_SENTIMENT_FUSION_5S,R058,P12,NONE,CNN price regressor,CNN_REG_SIGMOID,PROJECT-ADAPTATION,price_regression,COMMON_CLOSE_REGRESSION,COMMON_CLOSE_REGRESSION,TIMESTAMPED_SENTIMENT_FUSION,5,after the published official close for session t,close_t,close[t+h],close[t+h],price_point_forecast,absolute_error_index_points,predict close[t],TO_BE_FROZEN_AFTER_PPR4_SOURCE_ELIGIBILITY,false,NONE,3,PROPOSED_NOT_AUTHORIZED,PPR4_DATA_GATE_THEN_PPR5_CODE_GATE_THEN_PPR6_EXACT_SNAPSHOT_PASS
R058_CORE_OHLCV_TECH_10S,R058,P12,NONE,CNN price regressor,CNN_REG_SIGMOID,PROJECT-ADAPTATION,price_regression,COMMON_CLOSE_REGRESSION,COMMON_CLOSE_REGRESSION,CORE_OHLCV_TECH,10,after the published official close for session t,close_t,close[t+h],close[t+h],price_point_forecast,absolute_error_index_points,predict close[t],TO_BE_FROZEN_AFTER_PPR4_SOURCE_ELIGIBILITY,false,NONE,3,PROPOSED_NOT_AUTHORIZED,PPR4_DATA_GATE_THEN_PPR5_CODE_GATE_THEN_PPR6_EXACT_SNAPSHOT_PASS
R058_EXTERNAL_MARKET_10S,R058,P12,NONE,CNN price regressor,CNN_REG_SIGMOID,PROJECT-ADAPTATION,price_regression,COMMON_CLOSE_REGRESSION,COMMON_CLOSE_REGRESSION,EXTERNAL_MARKET,10,after the published official close for session t,close_t,close[t+h],close[t+h],price_point_forecast,absolute_error_index_points,predict close[t],TO_BE_FROZEN_AFTER_PPR4_SOURCE_ELIGIBILITY,false,NONE,3,PROPOSED_NOT_AUTHORIZED,PPR4_DATA_GATE_THEN_PPR5_CODE_GATE_THEN_PPR6_EXACT_SNAPSHOT_PASS
R058_FLOWS_OPTIONS_10S,R058,P12,NONE,CNN price regressor,CNN_REG_SIGMOID,PROJECT-ADAPTATION,price_regression,COMMON_CLOSE_REGRESSION,COMMON_CLOSE_REGRESSION,FLOWS_OPTIONS,10,after the published official close for session t,close_t,close[t+h],close[t+h],price_point_forecast,absolute_error_index_points,predict close[t],TO_BE_FROZEN_AFTER_PPR4_SOURCE_ELIGIBILITY,false,NONE,3,PROPOSED_NOT_AUTHORIZED,PPR4_DATA_GATE_THEN_PPR5_CODE_GATE_THEN_PPR6_EXACT_SNAPSHOT_PASS
R058_TIMESTAMPED_SENTIMENT_FUSION_10S,R058,P12,NONE,CNN price regressor,CNN_REG_SIGMOID,PROJECT-ADAPTATION,price_regression,COMMON_CLOSE_REGRESSION,COMMON_CLOSE_REGRESSION,TIMESTAMPED_SENTIMENT_FUSION,10,after the published official close for session t,close_t,close[t+h],close[t+h],price_point_forecast,absolute_error_index_points,predict close[t],TO_BE_FROZEN_AFTER_PPR4_SOURCE_ELIGIBILITY,false,NONE,3,PROPOSED_NOT_AUTHORIZED,PPR4_DATA_GATE_THEN_PPR5_CODE_GATE_THEN_PPR6_EXACT_SNAPSHOT_PASS
R060_CORE_OHLCV_TECH_1S,R060,P12,NONE,CNN price regressor,CNN_REG_SOFTMAX_HIDDEN,PROJECT-ADAPTATION,price_regression,COMMON_CLOSE_REGRESSION,COMMON_CLOSE_REGRESSION,CORE_OHLCV_TECH,1,after the published official close for session t,close_t,close[t+h],close[t+h],price_point_forecast,absolute_error_index_points,predict close[t],TO_BE_FROZEN_AFTER_PPR4_SOURCE_ELIGIBILITY,false,NONE,3,PROPOSED_NOT_AUTHORIZED,PPR4_DATA_GATE_THEN_PPR5_CODE_GATE_THEN_PPR6_EXACT_SNAPSHOT_PASS
R060_EXTERNAL_MARKET_1S,R060,P12,NONE,CNN price regressor,CNN_REG_SOFTMAX_HIDDEN,PROJECT-ADAPTATION,price_regression,COMMON_CLOSE_REGRESSION,COMMON_CLOSE_REGRESSION,EXTERNAL_MARKET,1,after the published official close for session t,close_t,close[t+h],close[t+h],price_point_forecast,absolute_error_index_points,predict close[t],TO_BE_FROZEN_AFTER_PPR4_SOURCE_ELIGIBILITY,false,NONE,3,PROPOSED_NOT_AUTHORIZED,PPR4_DATA_GATE_THEN_PPR5_CODE_GATE_THEN_PPR6_EXACT_SNAPSHOT_PASS
R060_FLOWS_OPTIONS_1S,R060,P12,NONE,CNN price regressor,CNN_REG_SOFTMAX_HIDDEN,PROJECT-ADAPTATION,price_regression,COMMON_CLOSE_REGRESSION,COMMON_CLOSE_REGRESSION,FLOWS_OPTIONS,1,after the published official close for session t,close_t,close[t+h],close[t+h],price_point_forecast,absolute_error_index_points,predict close[t],TO_BE_FROZEN_AFTER_PPR4_SOURCE_ELIGIBILITY,false,NONE,3,PROPOSED_NOT_AUTHORIZED,PPR4_DATA_GATE_THEN_PPR5_CODE_GATE_THEN_PPR6_EXACT_SNAPSHOT_PASS
R060_TIMESTAMPED_SENTIMENT_FUSION_1S,R060,P12,NONE,CNN price regressor,CNN_REG_SOFTMAX_HIDDEN,PROJECT-ADAPTATION,price_regression,COMMON_CLOSE_REGRESSION,COMMON_CLOSE_REGRESSION,TIMESTAMPED_SENTIMENT_FUSION,1,after the published official close for session t,close_t,close[t+h],close[t+h],price_point_forecast,absolute_error_index_points,predict close[t],TO_BE_FROZEN_AFTER_PPR4_SOURCE_ELIGIBILITY,false,NONE,3,PROPOSED_NOT_AUTHORIZED,PPR4_DATA_GATE_THEN_PPR5_CODE_GATE_THEN_PPR6_EXACT_SNAPSHOT_PASS
R060_CORE_OHLCV_TECH_2S,R060,P12,NONE,CNN price regressor,CNN_REG_SOFTMAX_HIDDEN,PROJECT-ADAPTATION,price_regression,COMMON_CLOSE_REGRESSION,COMMON_CLOSE_REGRESSION,CORE_OHLCV_TECH,2,after the published official close for session t,close_t,close[t+h],close[t+h],price_point_forecast,absolute_error_index_points,predict close[t],TO_BE_FROZEN_AFTER_PPR4_SOURCE_ELIGIBILITY,false,NONE,3,PROPOSED_NOT_AUTHORIZED,PPR4_DATA_GATE_THEN_PPR5_CODE_GATE_THEN_PPR6_EXACT_SNAPSHOT_PASS
R060_EXTERNAL_MARKET_2S,R060,P12,NONE,CNN price regressor,CNN_REG_SOFTMAX_HIDDEN,PROJECT-ADAPTATION,price_regression,COMMON_CLOSE_REGRESSION,COMMON_CLOSE_REGRESSION,EXTERNAL_MARKET,2,after the published official close for session t,close_t,close[t+h],close[t+h],price_point_forecast,absolute_error_index_points,predict close[t],TO_BE_FROZEN_AFTER_PPR4_SOURCE_ELIGIBILITY,false,NONE,3,PROPOSED_NOT_AUTHORIZED,PPR4_DATA_GATE_THEN_PPR5_CODE_GATE_THEN_PPR6_EXACT_SNAPSHOT_PASS
R060_FLOWS_OPTIONS_2S,R060,P12,NONE,CNN price regressor,CNN_REG_SOFTMAX_HIDDEN,PROJECT-ADAPTATION,price_regression,COMMON_CLOSE_REGRESSION,COMMON_CLOSE_REGRESSION,FLOWS_OPTIONS,2,after the published official close for session t,close_t,close[t+h],close[t+h],price_point_forecast,absolute_error_index_points,predict close[t],TO_BE_FROZEN_AFTER_PPR4_SOURCE_ELIGIBILITY,false,NONE,3,PROPOSED_NOT_AUTHORIZED,PPR4_DATA_GATE_THEN_PPR5_CODE_GATE_THEN_PPR6_EXACT_SNAPSHOT_PASS
R060_TIMESTAMPED_SENTIMENT_FUSION_2S,R060,P12,NONE,CNN price regressor,CNN_REG_SOFTMAX_HIDDEN,PROJECT-ADAPTATION,price_regression,COMMON_CLOSE_REGRESSION,COMMON_CLOSE_REGRESSION,TIMESTAMPED_SENTIMENT_FUSION,2,after the published official close for session t,close_t,close[t+h],close[t+h],price_point_forecast,absolute_error_index_points,predict close[t],TO_BE_FROZEN_AFTER_PPR4_SOURCE_ELIGIBILITY,false,NONE,3,PROPOSED_NOT_AUTHORIZED,PPR4_DATA_GATE_THEN_PPR5_CODE_GATE_THEN_PPR6_EXACT_SNAPSHOT_PASS
R060_CORE_OHLCV_TECH_3S,R060,P12,NONE,CNN price regressor,CNN_REG_SOFTMAX_HIDDEN,PROJECT-ADAPTATION,price_regression,COMMON_CLOSE_REGRESSION,COMMON_CLOSE_REGRESSION,CORE_OHLCV_TECH,3,after the published official close for session t,close_t,close[t+h],close[t+h],price_point_forecast,absolute_error_index_points,predict close[t],TO_BE_FROZEN_AFTER_PPR4_SOURCE_ELIGIBILITY,false,NONE,3,PROPOSED_NOT_AUTHORIZED,PPR4_DATA_GATE_THEN_PPR5_CODE_GATE_THEN_PPR6_EXACT_SNAPSHOT_PASS
R060_EXTERNAL_MARKET_3S,R060,P12,NONE,CNN price regressor,CNN_REG_SOFTMAX_HIDDEN,PROJECT-ADAPTATION,price_regression,COMMON_CLOSE_REGRESSION,COMMON_CLOSE_REGRESSION,EXTERNAL_MARKET,3,after the published official close for session t,close_t,close[t+h],close[t+h],price_point_forecast,absolute_error_index_points,predict close[t],TO_BE_FROZEN_AFTER_PPR4_SOURCE_ELIGIBILITY,false,NONE,3,PROPOSED_NOT_AUTHORIZED,PPR4_DATA_GATE_THEN_PPR5_CODE_GATE_THEN_PPR6_EXACT_SNAPSHOT_PASS
R060_FLOWS_OPTIONS_3S,R060,P12,NONE,CNN price regressor,CNN_REG_SOFTMAX_HIDDEN,PROJECT-ADAPTATION,price_regression,COMMON_CLOSE_REGRESSION,COMMON_CLOSE_REGRESSION,FLOWS_OPTIONS,3,after the published official close for session t,close_t,close[t+h],close[t+h],price_point_forecast,absolute_error_index_points,predict close[t],TO_BE_FROZEN_AFTER_PPR4_SOURCE_ELIGIBILITY,false,NONE,3,PROPOSED_NOT_AUTHORIZED,PPR4_DATA_GATE_THEN_PPR5_CODE_GATE_THEN_PPR6_EXACT_SNAPSHOT_PASS
R060_TIMESTAMPED_SENTIMENT_FUSION_3S,R060,P12,NONE,CNN price regressor,CNN_REG_SOFTMAX_HIDDEN,PROJECT-ADAPTATION,price_regression,COMMON_CLOSE_REGRESSION,COMMON_CLOSE_REGRESSION,TIMESTAMPED_SENTIMENT_FUSION,3,after the published official close for session t,close_t,close[t+h],close[t+h],price_point_forecast,absolute_error_index_points,predict close[t],TO_BE_FROZEN_AFTER_PPR4_SOURCE_ELIGIBILITY,false,NONE,3,PROPOSED_NOT_AUTHORIZED,PPR4_DATA_GATE_THEN_PPR5_CODE_GATE_THEN_PPR6_EXACT_SNAPSHOT_PASS
R060_CORE_OHLCV_TECH_5S,R060,P12,NONE,CNN price regressor,CNN_REG_SOFTMAX_HIDDEN,PROJECT-ADAPTATION,price_regression,COMMON_CLOSE_REGRESSION,COMMON_CLOSE_REGRESSION,CORE_OHLCV_TECH,5,after the published official close for session t,close_t,close[t+h],close[t+h],price_point_forecast,absolute_error_index_points,predict close[t],TO_BE_FROZEN_AFTER_PPR4_SOURCE_ELIGIBILITY,false,NONE,3,PROPOSED_NOT_AUTHORIZED,PPR4_DATA_GATE_THEN_PPR5_CODE_GATE_THEN_PPR6_EXACT_SNAPSHOT_PASS
R060_EXTERNAL_MARKET_5S,R060,P12,NONE,CNN price regressor,CNN_REG_SOFTMAX_HIDDEN,PROJECT-ADAPTATION,price_regression,COMMON_CLOSE_REGRESSION,COMMON_CLOSE_REGRESSION,EXTERNAL_MARKET,5,after the published official close for session t,close_t,close[t+h],close[t+h],price_point_forecast,absolute_error_index_points,predict close[t],TO_BE_FROZEN_AFTER_PPR4_SOURCE_ELIGIBILITY,false,NONE,3,PROPOSED_NOT_AUTHORIZED,PPR4_DATA_GATE_THEN_PPR5_CODE_GATE_THEN_PPR6_EXACT_SNAPSHOT_PASS
R060_FLOWS_OPTIONS_5S,R060,P12,NONE,CNN price regressor,CNN_REG_SOFTMAX_HIDDEN,PROJECT-ADAPTATION,price_regression,COMMON_CLOSE_REGRESSION,COMMON_CLOSE_REGRESSION,FLOWS_OPTIONS,5,after the published official close for session t,close_t,close[t+h],close[t+h],price_point_forecast,absolute_error_index_points,predict close[t],TO_BE_FROZEN_AFTER_PPR4_SOURCE_ELIGIBILITY,false,NONE,3,PROPOSED_NOT_AUTHORIZED,PPR4_DATA_GATE_THEN_PPR5_CODE_GATE_THEN_PPR6_EXACT_SNAPSHOT_PASS
R060_TIMESTAMPED_SENTIMENT_FUSION_5S,R060,P12,NONE,CNN price regressor,CNN_REG_SOFTMAX_HIDDEN,PROJECT-ADAPTATION,price_regression,COMMON_CLOSE_REGRESSION,COMMON_CLOSE_REGRESSION,TIMESTAMPED_SENTIMENT_FUSION,5,after the published official close for session t,close_t,close[t+h],close[t+h],price_point_forecast,absolute_error_index_points,predict close[t],TO_BE_FROZEN_AFTER_PPR4_SOURCE_ELIGIBILITY,false,NONE,3,PROPOSED_NOT_AUTHORIZED,PPR4_DATA_GATE_THEN_PPR5_CODE_GATE_THEN_PPR6_EXACT_SNAPSHOT_PASS
R060_CORE_OHLCV_TECH_10S,R060,P12,NONE,CNN price regressor,CNN_REG_SOFTMAX_HIDDEN,PROJECT-ADAPTATION,price_regression,COMMON_CLOSE_REGRESSION,COMMON_CLOSE_REGRESSION,CORE_OHLCV_TECH,10,after the published official close for session t,close_t,close[t+h],close[t+h],price_point_forecast,absolute_error_index_points,predict close[t],TO_BE_FROZEN_AFTER_PPR4_SOURCE_ELIGIBILITY,false,NONE,3,PROPOSED_NOT_AUTHORIZED,PPR4_DATA_GATE_THEN_PPR5_CODE_GATE_THEN_PPR6_EXACT_SNAPSHOT_PASS
R060_EXTERNAL_MARKET_10S,R060,P12,NONE,CNN price regressor,CNN_REG_SOFTMAX_HIDDEN,PROJECT-ADAPTATION,price_regression,COMMON_CLOSE_REGRESSION,COMMON_CLOSE_REGRESSION,EXTERNAL_MARKET,10,after the published official close for session t,close_t,close[t+h],close[t+h],price_point_forecast,absolute_error_index_points,predict close[t],TO_BE_FROZEN_AFTER_PPR4_SOURCE_ELIGIBILITY,false,NONE,3,PROPOSED_NOT_AUTHORIZED,PPR4_DATA_GATE_THEN_PPR5_CODE_GATE_THEN_PPR6_EXACT_SNAPSHOT_PASS
R060_FLOWS_OPTIONS_10S,R060,P12,NONE,CNN price regressor,CNN_REG_SOFTMAX_HIDDEN,PROJECT-ADAPTATION,price_regression,COMMON_CLOSE_REGRESSION,COMMON_CLOSE_REGRESSION,FLOWS_OPTIONS,10,after the published official close for session t,close_t,close[t+h],close[t+h],price_point_forecast,absolute_error_index_points,predict close[t],TO_BE_FROZEN_AFTER_PPR4_SOURCE_ELIGIBILITY,false,NONE,3,PROPOSED_NOT_AUTHORIZED,PPR4_DATA_GATE_THEN_PPR5_CODE_GATE_THEN_PPR6_EXACT_SNAPSHOT_PASS
R060_TIMESTAMPED_SENTIMENT_FUSION_10S,R060,P12,NONE,CNN price regressor,CNN_REG_SOFTMAX_HIDDEN,PROJECT-ADAPTATION,price_regression,COMMON_CLOSE_REGRESSION,COMMON_CLOSE_REGRESSION,TIMESTAMPED_SENTIMENT_FUSION,10,after the published official close for session t,close_t,close[t+h],close[t+h],price_point_forecast,absolute_error_index_points,predict close[t],TO_BE_FROZEN_AFTER_PPR4_SOURCE_ELIGIBILITY,false,NONE,3,PROPOSED_NOT_AUTHORIZED,PPR4_DATA_GATE_THEN_PPR5_CODE_GATE_THEN_PPR6_EXACT_SNAPSHOT_PASS
R061_CORE_OHLCV_TECH_1S,R061,P13,NONE,Feed-forward MLP regressor,MLP_FEEDFORWARD_KUMAR_SHARMA,PROJECT-ADAPTATION,price_regression,COMMON_CLOSE_REGRESSION,COMMON_CLOSE_REGRESSION,CORE_OHLCV_TECH,1,after the published official close for session t,close_t,close[t+h],close[t+h],price_point_forecast,absolute_error_index_points,predict close[t],TO_BE_FROZEN_AFTER_PPR4_SOURCE_ELIGIBILITY,false,NONE,3,PROPOSED_NOT_AUTHORIZED,PPR4_DATA_GATE_THEN_PPR5_CODE_GATE_THEN_PPR6_EXACT_SNAPSHOT_PASS
R061_EXTERNAL_MARKET_1S,R061,P13,NONE,Feed-forward MLP regressor,MLP_FEEDFORWARD_KUMAR_SHARMA,PROJECT-ADAPTATION,price_regression,COMMON_CLOSE_REGRESSION,COMMON_CLOSE_REGRESSION,EXTERNAL_MARKET,1,after the published official close for session t,close_t,close[t+h],close[t+h],price_point_forecast,absolute_error_index_points,predict close[t],TO_BE_FROZEN_AFTER_PPR4_SOURCE_ELIGIBILITY,false,NONE,3,PROPOSED_NOT_AUTHORIZED,PPR4_DATA_GATE_THEN_PPR5_CODE_GATE_THEN_PPR6_EXACT_SNAPSHOT_PASS
R061_FLOWS_OPTIONS_1S,R061,P13,NONE,Feed-forward MLP regressor,MLP_FEEDFORWARD_KUMAR_SHARMA,PROJECT-ADAPTATION,price_regression,COMMON_CLOSE_REGRESSION,COMMON_CLOSE_REGRESSION,FLOWS_OPTIONS,1,after the published official close for session t,close_t,close[t+h],close[t+h],price_point_forecast,absolute_error_index_points,predict close[t],TO_BE_FROZEN_AFTER_PPR4_SOURCE_ELIGIBILITY,false,NONE,3,PROPOSED_NOT_AUTHORIZED,PPR4_DATA_GATE_THEN_PPR5_CODE_GATE_THEN_PPR6_EXACT_SNAPSHOT_PASS
R061_TIMESTAMPED_SENTIMENT_FUSION_1S,R061,P13,NONE,Feed-forward MLP regressor,MLP_FEEDFORWARD_KUMAR_SHARMA,PROJECT-ADAPTATION,price_regression,COMMON_CLOSE_REGRESSION,COMMON_CLOSE_REGRESSION,TIMESTAMPED_SENTIMENT_FUSION,1,after the published official close for session t,close_t,close[t+h],close[t+h],price_point_forecast,absolute_error_index_points,predict close[t],TO_BE_FROZEN_AFTER_PPR4_SOURCE_ELIGIBILITY,false,NONE,3,PROPOSED_NOT_AUTHORIZED,PPR4_DATA_GATE_THEN_PPR5_CODE_GATE_THEN_PPR6_EXACT_SNAPSHOT_PASS
R061_CORE_OHLCV_TECH_2S,R061,P13,NONE,Feed-forward MLP regressor,MLP_FEEDFORWARD_KUMAR_SHARMA,PROJECT-ADAPTATION,price_regression,COMMON_CLOSE_REGRESSION,COMMON_CLOSE_REGRESSION,CORE_OHLCV_TECH,2,after the published official close for session t,close_t,close[t+h],close[t+h],price_point_forecast,absolute_error_index_points,predict close[t],TO_BE_FROZEN_AFTER_PPR4_SOURCE_ELIGIBILITY,false,NONE,3,PROPOSED_NOT_AUTHORIZED,PPR4_DATA_GATE_THEN_PPR5_CODE_GATE_THEN_PPR6_EXACT_SNAPSHOT_PASS
R061_EXTERNAL_MARKET_2S,R061,P13,NONE,Feed-forward MLP regressor,MLP_FEEDFORWARD_KUMAR_SHARMA,PROJECT-ADAPTATION,price_regression,COMMON_CLOSE_REGRESSION,COMMON_CLOSE_REGRESSION,EXTERNAL_MARKET,2,after the published official close for session t,close_t,close[t+h],close[t+h],price_point_forecast,absolute_error_index_points,predict close[t],TO_BE_FROZEN_AFTER_PPR4_SOURCE_ELIGIBILITY,false,NONE,3,PROPOSED_NOT_AUTHORIZED,PPR4_DATA_GATE_THEN_PPR5_CODE_GATE_THEN_PPR6_EXACT_SNAPSHOT_PASS
R061_FLOWS_OPTIONS_2S,R061,P13,NONE,Feed-forward MLP regressor,MLP_FEEDFORWARD_KUMAR_SHARMA,PROJECT-ADAPTATION,price_regression,COMMON_CLOSE_REGRESSION,COMMON_CLOSE_REGRESSION,FLOWS_OPTIONS,2,after the published official close for session t,close_t,close[t+h],close[t+h],price_point_forecast,absolute_error_index_points,predict close[t],TO_BE_FROZEN_AFTER_PPR4_SOURCE_ELIGIBILITY,false,NONE,3,PROPOSED_NOT_AUTHORIZED,PPR4_DATA_GATE_THEN_PPR5_CODE_GATE_THEN_PPR6_EXACT_SNAPSHOT_PASS
R061_TIMESTAMPED_SENTIMENT_FUSION_2S,R061,P13,NONE,Feed-forward MLP regressor,MLP_FEEDFORWARD_KUMAR_SHARMA,PROJECT-ADAPTATION,price_regression,COMMON_CLOSE_REGRESSION,COMMON_CLOSE_REGRESSION,TIMESTAMPED_SENTIMENT_FUSION,2,after the published official close for session t,close_t,close[t+h],close[t+h],price_point_forecast,absolute_error_index_points,predict close[t],TO_BE_FROZEN_AFTER_PPR4_SOURCE_ELIGIBILITY,false,NONE,3,PROPOSED_NOT_AUTHORIZED,PPR4_DATA_GATE_THEN_PPR5_CODE_GATE_THEN_PPR6_EXACT_SNAPSHOT_PASS
R061_CORE_OHLCV_TECH_3S,R061,P13,NONE,Feed-forward MLP regressor,MLP_FEEDFORWARD_KUMAR_SHARMA,PROJECT-ADAPTATION,price_regression,COMMON_CLOSE_REGRESSION,COMMON_CLOSE_REGRESSION,CORE_OHLCV_TECH,3,after the published official close for session t,close_t,close[t+h],close[t+h],price_point_forecast,absolute_error_index_points,predict close[t],TO_BE_FROZEN_AFTER_PPR4_SOURCE_ELIGIBILITY,false,NONE,3,PROPOSED_NOT_AUTHORIZED,PPR4_DATA_GATE_THEN_PPR5_CODE_GATE_THEN_PPR6_EXACT_SNAPSHOT_PASS
R061_EXTERNAL_MARKET_3S,R061,P13,NONE,Feed-forward MLP regressor,MLP_FEEDFORWARD_KUMAR_SHARMA,PROJECT-ADAPTATION,price_regression,COMMON_CLOSE_REGRESSION,COMMON_CLOSE_REGRESSION,EXTERNAL_MARKET,3,after the published official close for session t,close_t,close[t+h],close[t+h],price_point_forecast,absolute_error_index_points,predict close[t],TO_BE_FROZEN_AFTER_PPR4_SOURCE_ELIGIBILITY,false,NONE,3,PROPOSED_NOT_AUTHORIZED,PPR4_DATA_GATE_THEN_PPR5_CODE_GATE_THEN_PPR6_EXACT_SNAPSHOT_PASS
R061_FLOWS_OPTIONS_3S,R061,P13,NONE,Feed-forward MLP regressor,MLP_FEEDFORWARD_KUMAR_SHARMA,PROJECT-ADAPTATION,price_regression,COMMON_CLOSE_REGRESSION,COMMON_CLOSE_REGRESSION,FLOWS_OPTIONS,3,after the published official close for session t,close_t,close[t+h],close[t+h],price_point_forecast,absolute_error_index_points,predict close[t],TO_BE_FROZEN_AFTER_PPR4_SOURCE_ELIGIBILITY,false,NONE,3,PROPOSED_NOT_AUTHORIZED,PPR4_DATA_GATE_THEN_PPR5_CODE_GATE_THEN_PPR6_EXACT_SNAPSHOT_PASS
R061_TIMESTAMPED_SENTIMENT_FUSION_3S,R061,P13,NONE,Feed-forward MLP regressor,MLP_FEEDFORWARD_KUMAR_SHARMA,PROJECT-ADAPTATION,price_regression,COMMON_CLOSE_REGRESSION,COMMON_CLOSE_REGRESSION,TIMESTAMPED_SENTIMENT_FUSION,3,after the published official close for session t,close_t,close[t+h],close[t+h],price_point_forecast,absolute_error_index_points,predict close[t],TO_BE_FROZEN_AFTER_PPR4_SOURCE_ELIGIBILITY,false,NONE,3,PROPOSED_NOT_AUTHORIZED,PPR4_DATA_GATE_THEN_PPR5_CODE_GATE_THEN_PPR6_EXACT_SNAPSHOT_PASS
R061_CORE_OHLCV_TECH_5S,R061,P13,NONE,Feed-forward MLP regressor,MLP_FEEDFORWARD_KUMAR_SHARMA,PROJECT-ADAPTATION,price_regression,COMMON_CLOSE_REGRESSION,COMMON_CLOSE_REGRESSION,CORE_OHLCV_TECH,5,after the published official close for session t,close_t,close[t+h],close[t+h],price_point_forecast,absolute_error_index_points,predict close[t],TO_BE_FROZEN_AFTER_PPR4_SOURCE_ELIGIBILITY,false,NONE,3,PROPOSED_NOT_AUTHORIZED,PPR4_DATA_GATE_THEN_PPR5_CODE_GATE_THEN_PPR6_EXACT_SNAPSHOT_PASS
R061_EXTERNAL_MARKET_5S,R061,P13,NONE,Feed-forward MLP regressor,MLP_FEEDFORWARD_KUMAR_SHARMA,PROJECT-ADAPTATION,price_regression,COMMON_CLOSE_REGRESSION,COMMON_CLOSE_REGRESSION,EXTERNAL_MARKET,5,after the published official close for session t,close_t,close[t+h],close[t+h],price_point_forecast,absolute_error_index_points,predict close[t],TO_BE_FROZEN_AFTER_PPR4_SOURCE_ELIGIBILITY,false,NONE,3,PROPOSED_NOT_AUTHORIZED,PPR4_DATA_GATE_THEN_PPR5_CODE_GATE_THEN_PPR6_EXACT_SNAPSHOT_PASS
R061_FLOWS_OPTIONS_5S,R061,P13,NONE,Feed-forward MLP regressor,MLP_FEEDFORWARD_KUMAR_SHARMA,PROJECT-ADAPTATION,price_regression,COMMON_CLOSE_REGRESSION,COMMON_CLOSE_REGRESSION,FLOWS_OPTIONS,5,after the published official close for session t,close_t,close[t+h],close[t+h],price_point_forecast,absolute_error_index_points,predict close[t],TO_BE_FROZEN_AFTER_PPR4_SOURCE_ELIGIBILITY,false,NONE,3,PROPOSED_NOT_AUTHORIZED,PPR4_DATA_GATE_THEN_PPR5_CODE_GATE_THEN_PPR6_EXACT_SNAPSHOT_PASS
R061_TIMESTAMPED_SENTIMENT_FUSION_5S,R061,P13,NONE,Feed-forward MLP regressor,MLP_FEEDFORWARD_KUMAR_SHARMA,PROJECT-ADAPTATION,price_regression,COMMON_CLOSE_REGRESSION,COMMON_CLOSE_REGRESSION,TIMESTAMPED_SENTIMENT_FUSION,5,after the published official close for session t,close_t,close[t+h],close[t+h],price_point_forecast,absolute_error_index_points,predict close[t],TO_BE_FROZEN_AFTER_PPR4_SOURCE_ELIGIBILITY,false,NONE,3,PROPOSED_NOT_AUTHORIZED,PPR4_DATA_GATE_THEN_PPR5_CODE_GATE_THEN_PPR6_EXACT_SNAPSHOT_PASS
R061_CORE_OHLCV_TECH_10S,R061,P13,NONE,Feed-forward MLP regressor,MLP_FEEDFORWARD_KUMAR_SHARMA,PROJECT-ADAPTATION,price_regression,COMMON_CLOSE_REGRESSION,COMMON_CLOSE_REGRESSION,CORE_OHLCV_TECH,10,after the published official close for session t,close_t,close[t+h],close[t+h],price_point_forecast,absolute_error_index_points,predict close[t],TO_BE_FROZEN_AFTER_PPR4_SOURCE_ELIGIBILITY,false,NONE,3,PROPOSED_NOT_AUTHORIZED,PPR4_DATA_GATE_THEN_PPR5_CODE_GATE_THEN_PPR6_EXACT_SNAPSHOT_PASS
R061_EXTERNAL_MARKET_10S,R061,P13,NONE,Feed-forward MLP regressor,MLP_FEEDFORWARD_KUMAR_SHARMA,PROJECT-ADAPTATION,price_regression,COMMON_CLOSE_REGRESSION,COMMON_CLOSE_REGRESSION,EXTERNAL_MARKET,10,after the published official close for session t,close_t,close[t+h],close[t+h],price_point_forecast,absolute_error_index_points,predict close[t],TO_BE_FROZEN_AFTER_PPR4_SOURCE_ELIGIBILITY,false,NONE,3,PROPOSED_NOT_AUTHORIZED,PPR4_DATA_GATE_THEN_PPR5_CODE_GATE_THEN_PPR6_EXACT_SNAPSHOT_PASS
R061_FLOWS_OPTIONS_10S,R061,P13,NONE,Feed-forward MLP regressor,MLP_FEEDFORWARD_KUMAR_SHARMA,PROJECT-ADAPTATION,price_regression,COMMON_CLOSE_REGRESSION,COMMON_CLOSE_REGRESSION,FLOWS_OPTIONS,10,after the published official close for session t,close_t,close[t+h],close[t+h],price_point_forecast,absolute_error_index_points,predict close[t],TO_BE_FROZEN_AFTER_PPR4_SOURCE_ELIGIBILITY,false,NONE,3,PROPOSED_NOT_AUTHORIZED,PPR4_DATA_GATE_THEN_PPR5_CODE_GATE_THEN_PPR6_EXACT_SNAPSHOT_PASS
R061_TIMESTAMPED_SENTIMENT_FUSION_10S,R061,P13,NONE,Feed-forward MLP regressor,MLP_FEEDFORWARD_KUMAR_SHARMA,PROJECT-ADAPTATION,price_regression,COMMON_CLOSE_REGRESSION,COMMON_CLOSE_REGRESSION,TIMESTAMPED_SENTIMENT_FUSION,10,after the published official close for session t,close_t,close[t+h],close[t+h],price_point_forecast,absolute_error_index_points,predict close[t],TO_BE_FROZEN_AFTER_PPR4_SOURCE_ELIGIBILITY,false,NONE,3,PROPOSED_NOT_AUTHORIZED,PPR4_DATA_GATE_THEN_PPR5_CODE_GATE_THEN_PPR6_EXACT_SNAPSHOT_PASS
R062_CORE_OHLCV_TECH_1S,R062,P14,NONE,LSTM close regressor,LSTM_REGRESSION_JRFM,PROJECT-ADAPTATION,price_regression,COMMON_CLOSE_REGRESSION,COMMON_CLOSE_REGRESSION,CORE_OHLCV_TECH,1,after the published official close for session t,close_t,close[t+h],close[t+h],price_point_forecast,absolute_error_index_points,predict close[t],TO_BE_FROZEN_AFTER_PPR4_SOURCE_ELIGIBILITY,false,NONE,3,PROPOSED_NOT_AUTHORIZED,PPR4_DATA_GATE_THEN_PPR5_CODE_GATE_THEN_PPR6_EXACT_SNAPSHOT_PASS
R062_EXTERNAL_MARKET_1S,R062,P14,NONE,LSTM close regressor,LSTM_REGRESSION_JRFM,PROJECT-ADAPTATION,price_regression,COMMON_CLOSE_REGRESSION,COMMON_CLOSE_REGRESSION,EXTERNAL_MARKET,1,after the published official close for session t,close_t,close[t+h],close[t+h],price_point_forecast,absolute_error_index_points,predict close[t],TO_BE_FROZEN_AFTER_PPR4_SOURCE_ELIGIBILITY,false,NONE,3,PROPOSED_NOT_AUTHORIZED,PPR4_DATA_GATE_THEN_PPR5_CODE_GATE_THEN_PPR6_EXACT_SNAPSHOT_PASS
R062_FLOWS_OPTIONS_1S,R062,P14,NONE,LSTM close regressor,LSTM_REGRESSION_JRFM,PROJECT-ADAPTATION,price_regression,COMMON_CLOSE_REGRESSION,COMMON_CLOSE_REGRESSION,FLOWS_OPTIONS,1,after the published official close for session t,close_t,close[t+h],close[t+h],price_point_forecast,absolute_error_index_points,predict close[t],TO_BE_FROZEN_AFTER_PPR4_SOURCE_ELIGIBILITY,false,NONE,3,PROPOSED_NOT_AUTHORIZED,PPR4_DATA_GATE_THEN_PPR5_CODE_GATE_THEN_PPR6_EXACT_SNAPSHOT_PASS
R062_TIMESTAMPED_SENTIMENT_FUSION_1S,R062,P14,NONE,LSTM close regressor,LSTM_REGRESSION_JRFM,PROJECT-ADAPTATION,price_regression,COMMON_CLOSE_REGRESSION,COMMON_CLOSE_REGRESSION,TIMESTAMPED_SENTIMENT_FUSION,1,after the published official close for session t,close_t,close[t+h],close[t+h],price_point_forecast,absolute_error_index_points,predict close[t],TO_BE_FROZEN_AFTER_PPR4_SOURCE_ELIGIBILITY,false,NONE,3,PROPOSED_NOT_AUTHORIZED,PPR4_DATA_GATE_THEN_PPR5_CODE_GATE_THEN_PPR6_EXACT_SNAPSHOT_PASS
R062_CORE_OHLCV_TECH_2S,R062,P14,NONE,LSTM close regressor,LSTM_REGRESSION_JRFM,PROJECT-ADAPTATION,price_regression,COMMON_CLOSE_REGRESSION,COMMON_CLOSE_REGRESSION,CORE_OHLCV_TECH,2,after the published official close for session t,close_t,close[t+h],close[t+h],price_point_forecast,absolute_error_index_points,predict close[t],TO_BE_FROZEN_AFTER_PPR4_SOURCE_ELIGIBILITY,false,NONE,3,PROPOSED_NOT_AUTHORIZED,PPR4_DATA_GATE_THEN_PPR5_CODE_GATE_THEN_PPR6_EXACT_SNAPSHOT_PASS
R062_EXTERNAL_MARKET_2S,R062,P14,NONE,LSTM close regressor,LSTM_REGRESSION_JRFM,PROJECT-ADAPTATION,price_regression,COMMON_CLOSE_REGRESSION,COMMON_CLOSE_REGRESSION,EXTERNAL_MARKET,2,after the published official close for session t,close_t,close[t+h],close[t+h],price_point_forecast,absolute_error_index_points,predict close[t],TO_BE_FROZEN_AFTER_PPR4_SOURCE_ELIGIBILITY,false,NONE,3,PROPOSED_NOT_AUTHORIZED,PPR4_DATA_GATE_THEN_PPR5_CODE_GATE_THEN_PPR6_EXACT_SNAPSHOT_PASS
R062_FLOWS_OPTIONS_2S,R062,P14,NONE,LSTM close regressor,LSTM_REGRESSION_JRFM,PROJECT-ADAPTATION,price_regression,COMMON_CLOSE_REGRESSION,COMMON_CLOSE_REGRESSION,FLOWS_OPTIONS,2,after the published official close for session t,close_t,close[t+h],close[t+h],price_point_forecast,absolute_error_index_points,predict close[t],TO_BE_FROZEN_AFTER_PPR4_SOURCE_ELIGIBILITY,false,NONE,3,PROPOSED_NOT_AUTHORIZED,PPR4_DATA_GATE_THEN_PPR5_CODE_GATE_THEN_PPR6_EXACT_SNAPSHOT_PASS
R062_TIMESTAMPED_SENTIMENT_FUSION_2S,R062,P14,NONE,LSTM close regressor,LSTM_REGRESSION_JRFM,PROJECT-ADAPTATION,price_regression,COMMON_CLOSE_REGRESSION,COMMON_CLOSE_REGRESSION,TIMESTAMPED_SENTIMENT_FUSION,2,after the published official close for session t,close_t,close[t+h],close[t+h],price_point_forecast,absolute_error_index_points,predict close[t],TO_BE_FROZEN_AFTER_PPR4_SOURCE_ELIGIBILITY,false,NONE,3,PROPOSED_NOT_AUTHORIZED,PPR4_DATA_GATE_THEN_PPR5_CODE_GATE_THEN_PPR6_EXACT_SNAPSHOT_PASS
R062_CORE_OHLCV_TECH_3S,R062,P14,NONE,LSTM close regressor,LSTM_REGRESSION_JRFM,PROJECT-ADAPTATION,price_regression,COMMON_CLOSE_REGRESSION,COMMON_CLOSE_REGRESSION,CORE_OHLCV_TECH,3,after the published official close for session t,close_t,close[t+h],close[t+h],price_point_forecast,absolute_error_index_points,predict close[t],TO_BE_FROZEN_AFTER_PPR4_SOURCE_ELIGIBILITY,false,NONE,3,PROPOSED_NOT_AUTHORIZED,PPR4_DATA_GATE_THEN_PPR5_CODE_GATE_THEN_PPR6_EXACT_SNAPSHOT_PASS
R062_EXTERNAL_MARKET_3S,R062,P14,NONE,LSTM close regressor,LSTM_REGRESSION_JRFM,PROJECT-ADAPTATION,price_regression,COMMON_CLOSE_REGRESSION,COMMON_CLOSE_REGRESSION,EXTERNAL_MARKET,3,after the published official close for session t,close_t,close[t+h],close[t+h],price_point_forecast,absolute_error_index_points,predict close[t],TO_BE_FROZEN_AFTER_PPR4_SOURCE_ELIGIBILITY,false,NONE,3,PROPOSED_NOT_AUTHORIZED,PPR4_DATA_GATE_THEN_PPR5_CODE_GATE_THEN_PPR6_EXACT_SNAPSHOT_PASS
R062_FLOWS_OPTIONS_3S,R062,P14,NONE,LSTM close regressor,LSTM_REGRESSION_JRFM,PROJECT-ADAPTATION,price_regression,COMMON_CLOSE_REGRESSION,COMMON_CLOSE_REGRESSION,FLOWS_OPTIONS,3,after the published official close for session t,close_t,close[t+h],close[t+h],price_point_forecast,absolute_error_index_points,predict close[t],TO_BE_FROZEN_AFTER_PPR4_SOURCE_ELIGIBILITY,false,NONE,3,PROPOSED_NOT_AUTHORIZED,PPR4_DATA_GATE_THEN_PPR5_CODE_GATE_THEN_PPR6_EXACT_SNAPSHOT_PASS
R062_TIMESTAMPED_SENTIMENT_FUSION_3S,R062,P14,NONE,LSTM close regressor,LSTM_REGRESSION_JRFM,PROJECT-ADAPTATION,price_regression,COMMON_CLOSE_REGRESSION,COMMON_CLOSE_REGRESSION,TIMESTAMPED_SENTIMENT_FUSION,3,after the published official close for session t,close_t,close[t+h],close[t+h],price_point_forecast,absolute_error_index_points,predict close[t],TO_BE_FROZEN_AFTER_PPR4_SOURCE_ELIGIBILITY,false,NONE,3,PROPOSED_NOT_AUTHORIZED,PPR4_DATA_GATE_THEN_PPR5_CODE_GATE_THEN_PPR6_EXACT_SNAPSHOT_PASS
R062_CORE_OHLCV_TECH_5S,R062,P14,NONE,LSTM close regressor,LSTM_REGRESSION_JRFM,PROJECT-ADAPTATION,price_regression,COMMON_CLOSE_REGRESSION,COMMON_CLOSE_REGRESSION,CORE_OHLCV_TECH,5,after the published official close for session t,close_t,close[t+h],close[t+h],price_point_forecast,absolute_error_index_points,predict close[t],TO_BE_FROZEN_AFTER_PPR4_SOURCE_ELIGIBILITY,false,NONE,3,PROPOSED_NOT_AUTHORIZED,PPR4_DATA_GATE_THEN_PPR5_CODE_GATE_THEN_PPR6_EXACT_SNAPSHOT_PASS
R062_EXTERNAL_MARKET_5S,R062,P14,NONE,LSTM close regressor,LSTM_REGRESSION_JRFM,PROJECT-ADAPTATION,price_regression,COMMON_CLOSE_REGRESSION,COMMON_CLOSE_REGRESSION,EXTERNAL_MARKET,5,after the published official close for session t,close_t,close[t+h],close[t+h],price_point_forecast,absolute_error_index_points,predict close[t],TO_BE_FROZEN_AFTER_PPR4_SOURCE_ELIGIBILITY,false,NONE,3,PROPOSED_NOT_AUTHORIZED,PPR4_DATA_GATE_THEN_PPR5_CODE_GATE_THEN_PPR6_EXACT_SNAPSHOT_PASS
R062_FLOWS_OPTIONS_5S,R062,P14,NONE,LSTM close regressor,LSTM_REGRESSION_JRFM,PROJECT-ADAPTATION,price_regression,COMMON_CLOSE_REGRESSION,COMMON_CLOSE_REGRESSION,FLOWS_OPTIONS,5,after the published official close for session t,close_t,close[t+h],close[t+h],price_point_forecast,absolute_error_index_points,predict close[t],TO_BE_FROZEN_AFTER_PPR4_SOURCE_ELIGIBILITY,false,NONE,3,PROPOSED_NOT_AUTHORIZED,PPR4_DATA_GATE_THEN_PPR5_CODE_GATE_THEN_PPR6_EXACT_SNAPSHOT_PASS
R062_TIMESTAMPED_SENTIMENT_FUSION_5S,R062,P14,NONE,LSTM close regressor,LSTM_REGRESSION_JRFM,PROJECT-ADAPTATION,price_regression,COMMON_CLOSE_REGRESSION,COMMON_CLOSE_REGRESSION,TIMESTAMPED_SENTIMENT_FUSION,5,after the published official close for session t,close_t,close[t+h],close[t+h],price_point_forecast,absolute_error_index_points,predict close[t],TO_BE_FROZEN_AFTER_PPR4_SOURCE_ELIGIBILITY,false,NONE,3,PROPOSED_NOT_AUTHORIZED,PPR4_DATA_GATE_THEN_PPR5_CODE_GATE_THEN_PPR6_EXACT_SNAPSHOT_PASS
R062_CORE_OHLCV_TECH_10S,R062,P14,NONE,LSTM close regressor,LSTM_REGRESSION_JRFM,PROJECT-ADAPTATION,price_regression,COMMON_CLOSE_REGRESSION,COMMON_CLOSE_REGRESSION,CORE_OHLCV_TECH,10,after the published official close for session t,close_t,close[t+h],close[t+h],price_point_forecast,absolute_error_index_points,predict close[t],TO_BE_FROZEN_AFTER_PPR4_SOURCE_ELIGIBILITY,false,NONE,3,PROPOSED_NOT_AUTHORIZED,PPR4_DATA_GATE_THEN_PPR5_CODE_GATE_THEN_PPR6_EXACT_SNAPSHOT_PASS
R062_EXTERNAL_MARKET_10S,R062,P14,NONE,LSTM close regressor,LSTM_REGRESSION_JRFM,PROJECT-ADAPTATION,price_regression,COMMON_CLOSE_REGRESSION,COMMON_CLOSE_REGRESSION,EXTERNAL_MARKET,10,after the published official close for session t,close_t,close[t+h],close[t+h],price_point_forecast,absolute_error_index_points,predict close[t],TO_BE_FROZEN_AFTER_PPR4_SOURCE_ELIGIBILITY,false,NONE,3,PROPOSED_NOT_AUTHORIZED,PPR4_DATA_GATE_THEN_PPR5_CODE_GATE_THEN_PPR6_EXACT_SNAPSHOT_PASS
R062_FLOWS_OPTIONS_10S,R062,P14,NONE,LSTM close regressor,LSTM_REGRESSION_JRFM,PROJECT-ADAPTATION,price_regression,COMMON_CLOSE_REGRESSION,COMMON_CLOSE_REGRESSION,FLOWS_OPTIONS,10,after the published official close for session t,close_t,close[t+h],close[t+h],price_point_forecast,absolute_error_index_points,predict close[t],TO_BE_FROZEN_AFTER_PPR4_SOURCE_ELIGIBILITY,false,NONE,3,PROPOSED_NOT_AUTHORIZED,PPR4_DATA_GATE_THEN_PPR5_CODE_GATE_THEN_PPR6_EXACT_SNAPSHOT_PASS
R062_TIMESTAMPED_SENTIMENT_FUSION_10S,R062,P14,NONE,LSTM close regressor,LSTM_REGRESSION_JRFM,PROJECT-ADAPTATION,price_regression,COMMON_CLOSE_REGRESSION,COMMON_CLOSE_REGRESSION,TIMESTAMPED_SENTIMENT_FUSION,10,after the published official close for session t,close_t,close[t+h],close[t+h],price_point_forecast,absolute_error_index_points,predict close[t],TO_BE_FROZEN_AFTER_PPR4_SOURCE_ELIGIBILITY,false,NONE,3,PROPOSED_NOT_AUTHORIZED,PPR4_DATA_GATE_THEN_PPR5_CODE_GATE_THEN_PPR6_EXACT_SNAPSHOT_PASS
R063_CORE_OHLCV_TECH_1S,R063,P14,NONE,Backward-Elimination LSTM,BE_LSTM_REGRESSION_SAFE,PROJECT-ADAPTATION,price_regression,COMMON_CLOSE_REGRESSION,COMMON_CLOSE_REGRESSION,CORE_OHLCV_TECH,1,after the published official close for session t,close_t,close[t+h],close[t+h],price_point_forecast,absolute_error_index_points,predict close[t],TO_BE_FROZEN_AFTER_PPR4_SOURCE_ELIGIBILITY,false,NONE,3,PROPOSED_NOT_AUTHORIZED,PPR4_DATA_GATE_THEN_PPR5_CODE_GATE_THEN_PPR6_EXACT_SNAPSHOT_PASS
R063_EXTERNAL_MARKET_1S,R063,P14,NONE,Backward-Elimination LSTM,BE_LSTM_REGRESSION_SAFE,PROJECT-ADAPTATION,price_regression,COMMON_CLOSE_REGRESSION,COMMON_CLOSE_REGRESSION,EXTERNAL_MARKET,1,after the published official close for session t,close_t,close[t+h],close[t+h],price_point_forecast,absolute_error_index_points,predict close[t],TO_BE_FROZEN_AFTER_PPR4_SOURCE_ELIGIBILITY,false,NONE,3,PROPOSED_NOT_AUTHORIZED,PPR4_DATA_GATE_THEN_PPR5_CODE_GATE_THEN_PPR6_EXACT_SNAPSHOT_PASS
R063_FLOWS_OPTIONS_1S,R063,P14,NONE,Backward-Elimination LSTM,BE_LSTM_REGRESSION_SAFE,PROJECT-ADAPTATION,price_regression,COMMON_CLOSE_REGRESSION,COMMON_CLOSE_REGRESSION,FLOWS_OPTIONS,1,after the published official close for session t,close_t,close[t+h],close[t+h],price_point_forecast,absolute_error_index_points,predict close[t],TO_BE_FROZEN_AFTER_PPR4_SOURCE_ELIGIBILITY,false,NONE,3,PROPOSED_NOT_AUTHORIZED,PPR4_DATA_GATE_THEN_PPR5_CODE_GATE_THEN_PPR6_EXACT_SNAPSHOT_PASS
R063_TIMESTAMPED_SENTIMENT_FUSION_1S,R063,P14,NONE,Backward-Elimination LSTM,BE_LSTM_REGRESSION_SAFE,PROJECT-ADAPTATION,price_regression,COMMON_CLOSE_REGRESSION,COMMON_CLOSE_REGRESSION,TIMESTAMPED_SENTIMENT_FUSION,1,after the published official close for session t,close_t,close[t+h],close[t+h],price_point_forecast,absolute_error_index_points,predict close[t],TO_BE_FROZEN_AFTER_PPR4_SOURCE_ELIGIBILITY,false,NONE,3,PROPOSED_NOT_AUTHORIZED,PPR4_DATA_GATE_THEN_PPR5_CODE_GATE_THEN_PPR6_EXACT_SNAPSHOT_PASS
R063_CORE_OHLCV_TECH_2S,R063,P14,NONE,Backward-Elimination LSTM,BE_LSTM_REGRESSION_SAFE,PROJECT-ADAPTATION,price_regression,COMMON_CLOSE_REGRESSION,COMMON_CLOSE_REGRESSION,CORE_OHLCV_TECH,2,after the published official close for session t,close_t,close[t+h],close[t+h],price_point_forecast,absolute_error_index_points,predict close[t],TO_BE_FROZEN_AFTER_PPR4_SOURCE_ELIGIBILITY,false,NONE,3,PROPOSED_NOT_AUTHORIZED,PPR4_DATA_GATE_THEN_PPR5_CODE_GATE_THEN_PPR6_EXACT_SNAPSHOT_PASS
R063_EXTERNAL_MARKET_2S,R063,P14,NONE,Backward-Elimination LSTM,BE_LSTM_REGRESSION_SAFE,PROJECT-ADAPTATION,price_regression,COMMON_CLOSE_REGRESSION,COMMON_CLOSE_REGRESSION,EXTERNAL_MARKET,2,after the published official close for session t,close_t,close[t+h],close[t+h],price_point_forecast,absolute_error_index_points,predict close[t],TO_BE_FROZEN_AFTER_PPR4_SOURCE_ELIGIBILITY,false,NONE,3,PROPOSED_NOT_AUTHORIZED,PPR4_DATA_GATE_THEN_PPR5_CODE_GATE_THEN_PPR6_EXACT_SNAPSHOT_PASS
R063_FLOWS_OPTIONS_2S,R063,P14,NONE,Backward-Elimination LSTM,BE_LSTM_REGRESSION_SAFE,PROJECT-ADAPTATION,price_regression,COMMON_CLOSE_REGRESSION,COMMON_CLOSE_REGRESSION,FLOWS_OPTIONS,2,after the published official close for session t,close_t,close[t+h],close[t+h],price_point_forecast,absolute_error_index_points,predict close[t],TO_BE_FROZEN_AFTER_PPR4_SOURCE_ELIGIBILITY,false,NONE,3,PROPOSED_NOT_AUTHORIZED,PPR4_DATA_GATE_THEN_PPR5_CODE_GATE_THEN_PPR6_EXACT_SNAPSHOT_PASS
R063_TIMESTAMPED_SENTIMENT_FUSION_2S,R063,P14,NONE,Backward-Elimination LSTM,BE_LSTM_REGRESSION_SAFE,PROJECT-ADAPTATION,price_regression,COMMON_CLOSE_REGRESSION,COMMON_CLOSE_REGRESSION,TIMESTAMPED_SENTIMENT_FUSION,2,after the published official close for session t,close_t,close[t+h],close[t+h],price_point_forecast,absolute_error_index_points,predict close[t],TO_BE_FROZEN_AFTER_PPR4_SOURCE_ELIGIBILITY,false,NONE,3,PROPOSED_NOT_AUTHORIZED,PPR4_DATA_GATE_THEN_PPR5_CODE_GATE_THEN_PPR6_EXACT_SNAPSHOT_PASS
R063_CORE_OHLCV_TECH_3S,R063,P14,NONE,Backward-Elimination LSTM,BE_LSTM_REGRESSION_SAFE,PROJECT-ADAPTATION,price_regression,COMMON_CLOSE_REGRESSION,COMMON_CLOSE_REGRESSION,CORE_OHLCV_TECH,3,after the published official close for session t,close_t,close[t+h],close[t+h],price_point_forecast,absolute_error_index_points,predict close[t],TO_BE_FROZEN_AFTER_PPR4_SOURCE_ELIGIBILITY,false,NONE,3,PROPOSED_NOT_AUTHORIZED,PPR4_DATA_GATE_THEN_PPR5_CODE_GATE_THEN_PPR6_EXACT_SNAPSHOT_PASS
R063_EXTERNAL_MARKET_3S,R063,P14,NONE,Backward-Elimination LSTM,BE_LSTM_REGRESSION_SAFE,PROJECT-ADAPTATION,price_regression,COMMON_CLOSE_REGRESSION,COMMON_CLOSE_REGRESSION,EXTERNAL_MARKET,3,after the published official close for session t,close_t,close[t+h],close[t+h],price_point_forecast,absolute_error_index_points,predict close[t],TO_BE_FROZEN_AFTER_PPR4_SOURCE_ELIGIBILITY,false,NONE,3,PROPOSED_NOT_AUTHORIZED,PPR4_DATA_GATE_THEN_PPR5_CODE_GATE_THEN_PPR6_EXACT_SNAPSHOT_PASS
R063_FLOWS_OPTIONS_3S,R063,P14,NONE,Backward-Elimination LSTM,BE_LSTM_REGRESSION_SAFE,PROJECT-ADAPTATION,price_regression,COMMON_CLOSE_REGRESSION,COMMON_CLOSE_REGRESSION,FLOWS_OPTIONS,3,after the published official close for session t,close_t,close[t+h],close[t+h],price_point_forecast,absolute_error_index_points,predict close[t],TO_BE_FROZEN_AFTER_PPR4_SOURCE_ELIGIBILITY,false,NONE,3,PROPOSED_NOT_AUTHORIZED,PPR4_DATA_GATE_THEN_PPR5_CODE_GATE_THEN_PPR6_EXACT_SNAPSHOT_PASS
R063_TIMESTAMPED_SENTIMENT_FUSION_3S,R063,P14,NONE,Backward-Elimination LSTM,BE_LSTM_REGRESSION_SAFE,PROJECT-ADAPTATION,price_regression,COMMON_CLOSE_REGRESSION,COMMON_CLOSE_REGRESSION,TIMESTAMPED_SENTIMENT_FUSION,3,after the published official close for session t,close_t,close[t+h],close[t+h],price_point_forecast,absolute_error_index_points,predict close[t],TO_BE_FROZEN_AFTER_PPR4_SOURCE_ELIGIBILITY,false,NONE,3,PROPOSED_NOT_AUTHORIZED,PPR4_DATA_GATE_THEN_PPR5_CODE_GATE_THEN_PPR6_EXACT_SNAPSHOT_PASS
R063_CORE_OHLCV_TECH_5S,R063,P14,NONE,Backward-Elimination LSTM,BE_LSTM_REGRESSION_SAFE,PROJECT-ADAPTATION,price_regression,COMMON_CLOSE_REGRESSION,COMMON_CLOSE_REGRESSION,CORE_OHLCV_TECH,5,after the published official close for session t,close_t,close[t+h],close[t+h],price_point_forecast,absolute_error_index_points,predict close[t],TO_BE_FROZEN_AFTER_PPR4_SOURCE_ELIGIBILITY,false,NONE,3,PROPOSED_NOT_AUTHORIZED,PPR4_DATA_GATE_THEN_PPR5_CODE_GATE_THEN_PPR6_EXACT_SNAPSHOT_PASS
R063_EXTERNAL_MARKET_5S,R063,P14,NONE,Backward-Elimination LSTM,BE_LSTM_REGRESSION_SAFE,PROJECT-ADAPTATION,price_regression,COMMON_CLOSE_REGRESSION,COMMON_CLOSE_REGRESSION,EXTERNAL_MARKET,5,after the published official close for session t,close_t,close[t+h],close[t+h],price_point_forecast,absolute_error_index_points,predict close[t],TO_BE_FROZEN_AFTER_PPR4_SOURCE_ELIGIBILITY,false,NONE,3,PROPOSED_NOT_AUTHORIZED,PPR4_DATA_GATE_THEN_PPR5_CODE_GATE_THEN_PPR6_EXACT_SNAPSHOT_PASS
R063_FLOWS_OPTIONS_5S,R063,P14,NONE,Backward-Elimination LSTM,BE_LSTM_REGRESSION_SAFE,PROJECT-ADAPTATION,price_regression,COMMON_CLOSE_REGRESSION,COMMON_CLOSE_REGRESSION,FLOWS_OPTIONS,5,after the published official close for session t,close_t,close[t+h],close[t+h],price_point_forecast,absolute_error_index_points,predict close[t],TO_BE_FROZEN_AFTER_PPR4_SOURCE_ELIGIBILITY,false,NONE,3,PROPOSED_NOT_AUTHORIZED,PPR4_DATA_GATE_THEN_PPR5_CODE_GATE_THEN_PPR6_EXACT_SNAPSHOT_PASS
R063_TIMESTAMPED_SENTIMENT_FUSION_5S,R063,P14,NONE,Backward-Elimination LSTM,BE_LSTM_REGRESSION_SAFE,PROJECT-ADAPTATION,price_regression,COMMON_CLOSE_REGRESSION,COMMON_CLOSE_REGRESSION,TIMESTAMPED_SENTIMENT_FUSION,5,after the published official close for session t,close_t,close[t+h],close[t+h],price_point_forecast,absolute_error_index_points,predict close[t],TO_BE_FROZEN_AFTER_PPR4_SOURCE_ELIGIBILITY,false,NONE,3,PROPOSED_NOT_AUTHORIZED,PPR4_DATA_GATE_THEN_PPR5_CODE_GATE_THEN_PPR6_EXACT_SNAPSHOT_PASS
R063_CORE_OHLCV_TECH_10S,R063,P14,NONE,Backward-Elimination LSTM,BE_LSTM_REGRESSION_SAFE,PROJECT-ADAPTATION,price_regression,COMMON_CLOSE_REGRESSION,COMMON_CLOSE_REGRESSION,CORE_OHLCV_TECH,10,after the published official close for session t,close_t,close[t+h],close[t+h],price_point_forecast,absolute_error_index_points,predict close[t],TO_BE_FROZEN_AFTER_PPR4_SOURCE_ELIGIBILITY,false,NONE,3,PROPOSED_NOT_AUTHORIZED,PPR4_DATA_GATE_THEN_PPR5_CODE_GATE_THEN_PPR6_EXACT_SNAPSHOT_PASS
R063_EXTERNAL_MARKET_10S,R063,P14,NONE,Backward-Elimination LSTM,BE_LSTM_REGRESSION_SAFE,PROJECT-ADAPTATION,price_regression,COMMON_CLOSE_REGRESSION,COMMON_CLOSE_REGRESSION,EXTERNAL_MARKET,10,after the published official close for session t,close_t,close[t+h],close[t+h],price_point_forecast,absolute_error_index_points,predict close[t],TO_BE_FROZEN_AFTER_PPR4_SOURCE_ELIGIBILITY,false,NONE,3,PROPOSED_NOT_AUTHORIZED,PPR4_DATA_GATE_THEN_PPR5_CODE_GATE_THEN_PPR6_EXACT_SNAPSHOT_PASS
R063_FLOWS_OPTIONS_10S,R063,P14,NONE,Backward-Elimination LSTM,BE_LSTM_REGRESSION_SAFE,PROJECT-ADAPTATION,price_regression,COMMON_CLOSE_REGRESSION,COMMON_CLOSE_REGRESSION,FLOWS_OPTIONS,10,after the published official close for session t,close_t,close[t+h],close[t+h],price_point_forecast,absolute_error_index_points,predict close[t],TO_BE_FROZEN_AFTER_PPR4_SOURCE_ELIGIBILITY,false,NONE,3,PROPOSED_NOT_AUTHORIZED,PPR4_DATA_GATE_THEN_PPR5_CODE_GATE_THEN_PPR6_EXACT_SNAPSHOT_PASS
R063_TIMESTAMPED_SENTIMENT_FUSION_10S,R063,P14,NONE,Backward-Elimination LSTM,BE_LSTM_REGRESSION_SAFE,PROJECT-ADAPTATION,price_regression,COMMON_CLOSE_REGRESSION,COMMON_CLOSE_REGRESSION,TIMESTAMPED_SENTIMENT_FUSION,10,after the published official close for session t,close_t,close[t+h],close[t+h],price_point_forecast,absolute_error_index_points,predict close[t],TO_BE_FROZEN_AFTER_PPR4_SOURCE_ELIGIBILITY,false,NONE,3,PROPOSED_NOT_AUTHORIZED,PPR4_DATA_GATE_THEN_PPR5_CODE_GATE_THEN_PPR6_EXACT_SNAPSHOT_PASS
